timestamp,frame,fps,cpu_percent,memory_mb,num_drones,avg_neighbors,method
2026-03-21T18:26:21.151399,5,151.85,86.0,67.3,100,1.02,grid
2026-03-21T18:26:21.233383,10,185.81,60.0,67.3,100,1.22,grid
2026-03-21T18:26:21.316384,15,218.2,57.1,67.3,100,1.28,grid
2026-03-21T18:26:21.396385,20,233.63,55.0,67.3,100,1.32,grid
2026-03-21T18:26:21.481382,25,251.25,64.0,67.3,100,1.5,grid
2026-03-21T18:26:21.564382,30,264.34,40.0,67.5,100,1.62,grid
2026-03-21T18:26:21.647383,35,268.37,65.0,67.5,100,1.74,grid
2026-03-21T18:26:21.731386,40,271.47,64.0,67.6,100,1.88,grid
2026-03-21T18:26:21.831383,45,245.6,84.6,67.6,100,2.08,grid
2026-03-21T18:26:21.913383,50,223.02,100.0,67.6,100,2.18,grid
2026-03-21T18:26:21.993416,55,209.7,85.0,67.7,100,2.34,grid
2026-03-21T18:26:22.072414,60,206.65,100.0,67.7,100,2.3,grid
2026-03-21T18:26:22.160386,65,204.44,100.0,67.7,100,2.32,grid
2026-03-21T18:26:22.236381,70,200.9,85.0,67.7,100,2.4,grid
2026-03-21T18:26:22.316053,75,200.86,23.8,67.7,100,2.64,grid
2026-03-21T18:26:22.398367,80,202.16,25.0,67.7,100,2.88,grid
2026-03-21T18:26:22.478185,85,202.11,33.3,67.7,100,2.98,grid
2026-03-21T18:26:22.562326,90,200.31,13.0,67.7,100,3.2,grid
2026-03-21T18:26:22.647060,95,203.01,5.0,67.7,100,3.48,grid
2026-03-21T18:26:22.729387,100,203.8,31.8,67.7,100,3.8,grid
2026-03-21T18:26:22.816389,105,210.25,36.4,67.7,100,4.32,grid
2026-03-21T18:26:22.905420,110,221.11,92.0,67.7,100,4.4,grid
2026-03-21T18:26:22.989077,115,228.45,100.0,67.8,100,4.24,grid
2026-03-21T18:26:23.067265,120,241.37,70.0,67.9,100,4.0,grid
2026-03-21T18:26:23.149868,125,263.69,55.0,67.9,100,3.88,grid
2026-03-21T18:26:23.232859,130,279.75,50.0,67.9,100,3.92,grid
2026-03-21T18:26:23.316858,135,279.71,38.1,68.0,100,3.98,grid
2026-03-21T18:26:23.399861,140,278.32,60.9,68.1,100,3.84,grid
2026-03-21T18:26:23.483860,145,277.0,47.6,68.2,100,3.86,grid
2026-03-21T18:26:23.566860,150,277.84,35.0,68.2,100,3.72,grid
2026-03-21T18:26:23.652862,155,269.03,87.5,68.2,100,3.98,grid
2026-03-21T18:26:23.737863,160,259.46,90.0,68.2,100,4.02,grid
2026-03-21T18:26:23.816857,165,271.05,55.0,68.2,100,4.02,grid
2026-03-21T18:26:23.899857,170,290.68,34.8,68.2,100,4.18,grid
2026-03-21T18:26:23.983859,175,315.92,34.8,68.2,100,4.28,grid
2026-03-21T18:26:24.065267,180,317.89,9.5,68.2,100,4.28,grid
2026-03-21T18:26:24.147665,185,321.42,5.0,68.2,100,4.34,grid
2026-03-21T18:26:24.230547,190,319.85,43.5,68.2,100,4.22,grid
2026-03-21T18:26:24.312515,195,319.91,14.3,68.2,100,4.3,grid
2026-03-21T18:26:24.394810,200,321.98,10.0,68.2,100,4.32,grid
2026-03-21T18:26:24.479327,205,318.85,52.4,68.2,100,4.42,grid
2026-03-21T18:26:24.562159,210,326.16,4.3,68.2,100,4.16,grid
2026-03-21T18:26:24.646380,215,343.18,15.0,68.2,100,4.06,grid
2026-03-21T18:26:24.729790,220,366.74,31.8,68.2,100,3.88,grid
2026-03-21T18:26:24.814378,225,376.34,13.6,68.2,100,3.92,grid
2026-03-21T18:26:24.896414,230,376.3,23.8,68.2,100,4.18,grid
2026-03-21T18:26:24.979315,235,373.95,41.7,68.2,100,4.2,grid
2026-03-21T18:26:25.062774,240,364.98,18.2,68.2,100,4.12,grid
2026-03-21T18:26:25.145507,245,334.35,38.1,68.2,100,4.18,grid
2026-03-21T18:26:25.232527,250,305.7,70.8,68.2,100,4.36,grid
2026-03-21T18:26:25.315621,255,299.49,42.9,68.2,100,4.54,grid
2026-03-21T18:26:25.398646,260,301.03,28.6,68.2,100,4.76,grid
2026-03-21T18:26:25.483623,265,304.05,20.8,68.2,100,5.0,grid
2026-03-21T18:26:25.567649,270,299.31,9.5,68.3,100,5.42,grid
2026-03-21T18:26:25.649580,275,293.43,38.1,68.3,100,5.94,grid
2026-03-21T18:26:25.732418,280,290.27,30.4,68.3,100,6.14,grid
2026-03-21T18:26:25.814733,285,284.4,18.2,68.3,100,5.92,grid
2026-03-21T18:26:25.895991,290,284.49,23.8,68.3,100,5.38,grid
2026-03-21T18:26:25.978364,295,284.13,25.0,68.3,100,4.62,grid
2026-03-21T18:26:26.060774,300,286.76,21.7,68.3,100,4.38,grid
2026-03-21T18:26:26.144710,305,300.09,28.6,68.3,100,4.02,grid
2026-03-21T18:26:26.226956,310,314.1,20.0,68.3,100,4.0,grid
2026-03-21T18:26:26.310613,315,316.2,36.4,68.3,100,3.78,grid
2026-03-21T18:26:26.393674,320,314.3,4.5,68.3,100,3.92,grid
2026-03-21T18:26:26.476991,325,305.14,5.0,68.3,100,4.2,grid
2026-03-21T18:26:26.560973,330,303.71,21.7,68.3,100,4.08,grid
2026-03-21T18:26:26.643817,335,299.43,9.5,68.3,100,4.0,grid
2026-03-21T18:26:26.726762,340,297.06,15.0,68.3,100,3.9,grid
2026-03-21T18:26:26.810655,345,296.09,26.1,68.3,100,3.74,grid
2026-03-21T18:26:26.893588,350,287.7,23.8,68.3,100,3.66,grid
2026-03-21T18:26:26.976802,355,285.22,10.0,68.3,100,3.86,grid
2026-03-21T18:26:27.060241,360,283.99,20.8,68.3,100,4.08,grid
2026-03-21T18:26:27.144433,365,279.03,15.0,68.3,100,4.4,grid
2026-03-21T18:26:27.226575,370,275.36,5.0,68.3,100,4.76,grid
2026-03-21T18:26:27.311313,375,267.91,25.0,68.3,100,4.86,grid
2026-03-21T18:26:27.396996,380,260.32,10.0,68.3,100,4.64,grid
2026-03-21T18:26:27.478998,385,253.43,68.0,68.3,100,4.48,grid
2026-03-21T18:26:27.561745,390,250.74,35.0,68.3,100,4.38,grid
2026-03-21T18:26:27.646748,395,253.97,9.5,68.4,100,4.08,grid
2026-03-21T18:26:27.729472,400,259.0,38.1,68.4,100,4.26,grid
2026-03-21T18:26:27.811163,405,264.46,13.0,68.4,100,4.56,grid
2026-03-21T18:26:27.893663,410,265.6,15.0,68.4,100,4.62,grid
2026-03-21T18:26:27.977292,415,264.76,30.0,68.4,100,4.6,grid
2026-03-21T18:26:28.062339,420,262.3,50.0,68.4,100,4.46,grid
2026-03-21T18:26:28.143326,425,270.21,15.0,68.4,100,4.38,grid
2026-03-21T18:26:28.226492,430,285.1,5.0,68.4,100,4.24,grid
2026-03-21T18:26:28.310723,435,301.05,18.2,68.4,100,4.4,grid
2026-03-21T18:26:28.394394,440,316.3,4.5,68.4,100,4.44,grid
2026-03-21T18:26:28.476056,445,339.59,5.0,68.4,100,4.48,grid
2026-03-21T18:26:28.559173,450,338.34,27.3,68.4,100,4.6,grid
2026-03-21T18:26:28.641376,455,316.15,17.4,68.5,100,4.78,grid
2026-03-21T18:26:28.721852,460,300.2,9.5,68.5,100,5.16,grid
2026-03-21T18:26:28.807717,465,288.28,20.0,68.5,100,5.2,grid
2026-03-21T18:26:28.891640,470,270.16,29.2,68.5,100,5.18,grid
2026-03-21T18:26:28.974930,475,254.72,5.0,68.5,100,5.3,grid
2026-03-21T18:26:29.056707,480,246.02,19.0,68.6,100,5.16,grid
2026-03-21T18:26:29.134766,485,247.66,42.1,68.7,100,5.26,grid
2026-03-21T18:26:29.216017,490,247.01,21.7,68.7,100,5.68,grid
2026-03-21T18:26:29.297315,495,244.82,0.0,68.7,100,5.92,grid
2026-03-21T18:26:29.379517,500,242.84,10.0,68.7,100,6.14,grid
2026-03-21T18:26:29.460293,505,243.68,25.0,68.7,100,6.08,grid
2026-03-21T18:26:29.543600,510,249.94,25.0,68.7,100,5.92,grid
2026-03-21T18:26:29.625529,515,263.52,5.0,68.7,100,5.76,grid
2026-03-21T18:26:29.712920,520,258.09,30.0,68.7,100,5.46,grid
2026-03-21T18:26:29.793797,525,249.42,62.5,68.8,100,5.64,grid
2026-03-21T18:26:29.875315,530,251.39,38.1,68.9,100,5.92,grid
2026-03-21T18:26:29.956336,535,247.35,20.0,68.9,100,6.18,grid
2026-03-21T18:26:30.035314,540,254.99,0.0,68.9,100,6.42,grid
2026-03-21T18:26:30.115313,545,255.71,15.0,68.9,100,6.2,grid
2026-03-21T18:26:30.195312,550,255.85,15.0,68.9,100,5.94,grid
2026-03-21T18:26:30.277313,555,256.15,33.3,68.9,100,5.8,grid
2026-03-21T18:26:30.359312,560,255.46,8.7,68.9,100,5.58,grid
2026-03-21T18:26:30.443186,565,251.37,14.3,68.9,100,5.54,grid
2026-03-21T18:26:30.526750,570,245.27,19.0,68.9,100,5.22,grid
2026-03-21T18:26:30.609335,575,244.13,17.4,68.9,100,5.12,grid
2026-03-21T18:26:30.692535,580,253.75,9.5,68.9,100,4.76,grid
2026-03-21T18:26:30.776488,585,266.73,17.4,68.9,100,4.4,grid
2026-03-21T18:26:30.858780,590,280.69,19.0,68.9,100,4.2,grid
2026-03-21T18:26:30.943691,595,304.13,5.0,68.9,100,4.12,grid
2026-03-21T18:26:31.026077,600,304.45,21.7,68.9,100,4.06,grid
2026-03-21T18:26:31.107962,605,283.78,47.6,68.9,100,4.18,grid
2026-03-21T18:26:31.191056,610,269.23,5.0,68.9,100,4.46,grid
2026-03-21T18:26:31.274914,615,256.07,12.5,68.9,100,4.74,grid
2026-03-21T18:26:31.357535,620,243.03,31.6,68.9,100,5.0,grid
2026-03-21T18:26:31.441246,625,230.5,33.3,68.9,100,5.34,grid
2026-03-21T18:26:31.524524,630,222.39,10.0,68.9,100,5.46,grid
2026-03-21T18:26:31.610213,635,207.52,58.3,68.9,100,5.62,grid
2026-03-21T18:26:31.690579,640,193.28,60.0,68.9,100,5.6,grid
2026-03-21T18:26:31.774592,645,185.41,10.0,68.9,100,5.68,grid
2026-03-21T18:26:31.857554,650,177.07,50.0,68.9,100,5.78,grid
2026-03-21T18:26:31.942124,655,168.38,30.0,68.9,100,6.02,grid
2026-03-21T18:26:32.024126,660,157.21,75.0,68.9,100,6.58,grid
2026-03-21T18:26:32.099737,665,161.94,65.0,68.9,100,6.84,grid
2026-03-21T18:26:32.180824,670,165.77,45.0,68.9,100,6.7,grid
2026-03-21T18:26:32.261911,675,169.56,37.5,68.9,100,6.32,grid
2026-03-21T18:26:32.343641,680,175.61,5.3,68.9,100,5.98,grid
2026-03-21T18:26:32.425668,685,183.8,19.0,68.9,100,5.84,grid
2026-03-21T18:26:32.509646,690,191.56,21.7,68.9,100,6.02,grid
2026-03-21T18:26:32.592002,695,203.46,40.0,68.9,100,5.98,grid
2026-03-21T18:26:32.675866,700,218.41,23.8,68.9,100,5.82,grid
2026-03-21T18:26:32.758517,705,222.5,30.0,68.9,100,5.48,grid
2026-03-21T18:26:32.841568,710,231.22,39.1,68.9,100,5.28,grid
2026-03-21T18:26:32.924782,715,246.8,18.2,68.9,100,5.32,grid
2026-03-21T18:26:33.009256,720,273.03,15.0,68.9,100,4.98,grid
2026-03-21T18:26:33.091935,725,268.31,39.1,68.9,100,5.0,grid
2026-03-21T18:26:33.174726,730,263.16,19.0,68.6,100,5.1,grid
2026-03-21T18:26:33.257583,735,256.47,10.0,68.6,100,5.16,grid
2026-03-21T18:26:33.341724,740,247.01,45.8,68.8,100,5.18,grid
2026-03-21T18:26:33.424839,745,245.18,18.2,68.9,100,5.1,grid
2026-03-21T18:26:33.508835,750,238.41,20.0,68.9,100,5.2,grid
2026-03-21T18:26:33.591607,755,238.64,37.5,69.0,100,5.5,grid
2026-03-21T18:26:33.675572,760,237.64,10.0,69.0,100,5.66,grid
2026-03-21T18:26:33.774515,765,237.64,50.0,69.0,100,5.8,grid
2026-03-21T18:26:33.859524,770,225.05,100.0,69.0,100,6.1,grid
2026-03-21T18:26:33.941513,775,219.96,65.0,69.2,100,6.24,grid
2026-03-21T18:26:34.028517,780,221.61,34.8,69.2,100,6.42,grid
2026-03-21T18:26:34.110121,785,226.37,10.0,69.2,100,6.42,grid
2026-03-21T18:26:34.192170,790,231.59,22.7,69.2,100,6.18,grid
2026-03-21T18:26:34.278457,795,229.96,41.7,69.2,100,5.96,grid
2026-03-21T18:26:34.361704,800,232.49,95.0,69.2,100,5.78,grid
2026-03-21T18:26:34.443807,805,232.38,52.4,69.2,100,5.56,grid
2026-03-21T18:26:34.527462,810,237.18,36.4,69.2,100,5.42,grid
2026-03-21T18:26:34.609437,815,236.94,4.5,69.2,100,5.38,grid
2026-03-21T18:26:34.693729,820,245.5,14.3,69.2,100,5.4,grid
2026-03-21T18:26:34.778134,825,258.36,25.0,69.2,100,5.32,grid
2026-03-21T18:26:34.861378,830,291.02,10.5,69.2,100,5.18,grid
2026-03-21T18:26:34.943876,835,311.89,4.8,69.3,100,4.94,grid
2026-03-21T18:26:35.026727,840,324.81,28.6,69.3,100,4.9,grid
2026-03-21T18:26:35.110450,845,328.35,13.0,69.3,100,4.92,grid
2026-03-21T18:26:35.192780,850,333.66,19.0,69.3,100,4.98,grid
2026-03-21T18:26:35.276649,855,359.4,18.2,69.3,100,5.08,grid
2026-03-21T18:26:35.361650,860,372.86,0.0,69.3,100,5.14,grid
2026-03-21T18:26:35.442526,865,379.85,15.0,69.3,100,5.08,grid
2026-03-21T18:26:35.526095,870,389.07,29.2,69.3,100,5.14,grid
2026-03-21T18:26:35.608442,875,394.46,25.0,69.3,100,5.18,grid
2026-03-21T18:26:35.690679,880,386.94,4.8,69.3,100,5.16,grid
2026-03-21T18:26:35.774856,885,374.55,4.5,69.3,100,5.18,grid
2026-03-21T18:26:35.857165,890,352.33,33.3,69.3,100,5.22,grid
2026-03-21T18:26:35.940596,895,333.17,34.8,69.3,100,5.26,grid
2026-03-21T18:26:36.024707,900,326.05,15.0,69.3,100,5.32,grid
2026-03-21T18:26:36.109748,905,317.18,41.7,69.3,100,5.68,grid
2026-03-21T18:26:36.191558,910,314.04,25.0,69.3,100,6.16,grid
2026-03-21T18:26:36.274529,915,309.22,19.0,69.3,100,6.46,grid
2026-03-21T18:26:36.357683,920,307.7,33.3,69.3,100,6.42,grid
2026-03-21T18:26:36.440532,925,303.39,14.3,69.3,100,6.42,grid
2026-03-21T18:26:36.527954,930,291.91,25.0,69.3,100,6.32,grid
2026-03-21T18:26:36.609194,935,276.91,70.0,69.3,100,6.36,grid
2026-03-21T18:26:36.691185,940,270.63,40.0,69.3,100,6.24,grid
2026-03-21T18:26:36.773181,945,271.94,5.0,69.3,100,6.1,grid
2026-03-21T18:26:36.858691,950,269.78,33.3,69.3,100,6.04,grid
2026-03-21T18:26:36.940390,955,267.4,40.9,69.3,100,5.96,grid
2026-03-21T18:26:37.024415,960,260.68,30.4,69.3,100,6.14,grid
2026-03-21T18:26:37.106760,965,260.91,43.5,69.3,100,6.12,grid
2026-03-21T18:26:37.190305,970,252.15,19.0,69.3,100,6.4,grid
2026-03-21T18:26:37.273708,975,247.9,5.0,69.3,100,6.64,grid
2026-03-21T18:26:37.356569,980,239.0,37.5,69.3,100,6.82,grid
2026-03-21T18:26:37.439137,985,231.48,14.3,69.3,100,6.9,grid
2026-03-21T18:26:37.518829,990,226.92,0.0,69.3,100,7.12,grid
2026-03-21T18:26:37.598906,995,235.8,30.0,69.3,100,7.1,grid
2026-03-21T18:26:37.681148,1000,238.57,39.1,69.3,100,7.12,grid
2026-03-21T18:26:37.764160,1005,237.65,40.0,69.3,100,7.08,grid
2026-03-21T18:26:37.844148,1010,246.32,15.0,69.3,100,6.84,grid
2026-03-21T18:26:37.925146,1015,254.59,28.6,69.3,100,6.6,grid
2026-03-21T18:26:38.008332,1020,259.88,15.0,69.3,100,6.3,grid
2026-03-21T18:26:38.090809,1025,261.02,45.8,69.4,100,5.86,grid
2026-03-21T18:26:38.173573,1030,266.83,31.8,69.4,100,5.46,grid
2026-03-21T18:26:38.257061,1035,270.62,19.0,69.4,100,5.26,grid
2026-03-21T18:26:38.340540,1040,279.68,33.3,69.4,100,5.24,grid
2026-03-21T18:26:38.423962,1045,292.17,5.0,69.4,100,5.14,grid
2026-03-21T18:26:38.507571,1050,299.86,14.3,69.4,100,5.12,grid
2026-03-21T18:26:38.590205,1055,293.02,39.1,69.4,100,5.02,grid
2026-03-21T18:26:38.673183,1060,288.81,14.3,69.8,100,5.06,grid
2026-03-21T18:26:38.756440,1065,279.2,15.0,70.0,100,5.14,grid
2026-03-21T18:26:38.841210,1070,255.5,48.0,70.0,100,5.42,grid
2026-03-21T18:26:38.921711,1075,234.13,80.0,70.0,100,5.52,grid
2026-03-21T18:26:39.004749,1080,226.22,30.0,70.0,100,5.54,grid
2026-03-21T18:26:39.089746,1085,213.38,34.8,70.0,100,5.42,grid
2026-03-21T18:26:39.171210,1090,204.57,47.8,70.0,100,5.5,grid
2026-03-21T18:26:39.251757,1095,199.07,5.0,69.6,100,5.6,grid
2026-03-21T18:26:39.331568,1100,198.24,28.6,69.6,100,5.6,grid
2026-03-21T18:26:39.417542,1105,192.38,64.0,69.7,100,5.52,grid
2026-03-21T18:26:39.504224,1110,189.13,20.0,69.7,100,5.38,grid
2026-03-21T18:26:39.587717,1115,184.78,20.0,69.7,100,5.36,grid
2026-03-21T18:26:39.671483,1120,179.17,37.5,69.7,100,5.6,grid
2026-03-21T18:26:39.749790,1125,181.24,10.0,69.7,100,5.94,grid
2026-03-21T18:26:39.836606,1130,188.58,38.1,69.7,100,6.26,grid
2026-03-21T18:26:39.920695,1135,191.92,57.7,69.8,100,6.34,grid
2026-03-21T18:26:40.005368,1140,186.96,23.8,69.8,100,6.26,grid
2026-03-21T18:26:40.087925,1145,187.41,10.0,69.8,100,6.42,grid
2026-03-21T18:26:40.166333,1150,189.65,47.6,69.8,100,6.26,grid
2026-03-21T18:26:40.253354,1155,194.12,20.8,69.8,100,6.28,grid
2026-03-21T18:26:40.333049,1160,192.92,15.0,70.3,100,5.9,grid
2026-03-21T18:26:40.413599,1165,199.32,54.5,70.7,100,5.92,grid
2026-03-21T18:26:40.497410,1170,207.08,33.3,71.2,100,6.06,grid
2026-03-21T18:26:40.580174,1175,217.72,9.5,70.7,100,6.1,grid
2026-03-21T18:26:40.664599,1180,229.73,40.0,70.7,100,6.44,grid
2026-03-21T18:26:40.746808,1185,235.26,39.1,70.7,100,6.76,grid
2026-03-21T18:26:40.829697,1190,241.1,10.0,70.7,100,7.2,grid
2026-03-21T18:26:40.911455,1195,257.79,9.5,70.7,100,7.66,grid
2026-03-21T18:26:40.993637,1200,277.31,13.6,70.7,100,8.28,grid
2026-03-21T18:26:41.076429,1205,298.04,40.0,70.7,100,8.48,grid
2026-03-21T18:26:41.160294,1210,292.61,52.2,70.7,100,8.88,grid
2026-03-21T18:26:41.239795,1215,284.1,60.0,70.7,100,9.1,grid
2026-03-21T18:26:41.323894,1220,285.94,36.4,70.7,100,9.26,grid
2026-03-21T18:26:41.406732,1225,281.86,13.6,70.7,100,9.28,grid
2026-03-21T18:26:41.489634,1230,273.11,15.0,70.7,100,9.18,grid
2026-03-21T18:26:41.571680,1235,259.5,39.1,70.7,100,8.96,grid
2026-03-21T18:26:41.655434,1240,245.28,37.5,70.7,100,8.74,grid
2026-03-21T18:26:41.736146,1245,231.22,30.0,70.7,100,8.74,grid
2026-03-21T18:26:41.813508,1250,231.13,19.0,70.7,100,8.58,grid
2026-03-21T18:26:41.896433,1255,231.69,30.0,70.7,100,8.34,grid
2026-03-21T18:26:41.980193,1260,233.54,50.0,70.7,100,7.88,grid
2026-03-21T18:26:42.063741,1265,236.33,0.0,70.7,100,7.56,grid
2026-03-21T18:26:42.149005,1270,250.15,33.3,70.7,100,7.04,grid
2026-03-21T18:26:42.230805,1275,254.19,58.3,70.7,100,6.74,grid
2026-03-21T18:26:42.311744,1280,259.26,15.0,70.7,100,6.38,grid
2026-03-21T18:26:42.394372,1285,263.79,9.5,70.7,100,6.48,grid
2026-03-21T18:26:42.475280,1290,271.94,15.0,70.7,100,6.5,grid
2026-03-21T18:26:42.557167,1295,288.15,27.3,70.8,100,6.4,grid
2026-03-21T18:26:42.641675,1300,302.96,26.1,70.8,100,6.32,grid
2026-03-21T18:26:42.724372,1305,327.39,10.0,70.8,100,6.3,grid
2026-03-21T18:26:42.807052,1310,328.97,27.3,70.8,100,6.54,grid
2026-03-21T18:26:42.888487,1315,327.55,18.2,70.8,100,6.78,grid
2026-03-21T18:26:42.972802,1320,325.61,23.8,70.8,100,7.04,grid
2026-03-21T18:26:43.056983,1325,313.56,15.0,70.8,100,7.1,grid
2026-03-21T18:26:43.138493,1330,303.86,20.8,70.8,100,7.22,grid
2026-03-21T18:26:43.222335,1335,296.39,19.0,70.8,100,7.26,grid
2026-03-21T18:26:43.304636,1340,289.45,19.0,70.8,100,7.04,grid
2026-03-21T18:26:43.391654,1345,278.32,36.0,70.8,100,7.0,grid
2026-03-21T18:26:43.475652,1350,259.23,60.0,70.8,100,6.82,grid
2026-03-21T18:26:43.556050,1355,247.23,55.0,70.8,100,6.64,grid
2026-03-21T18:26:43.638371,1360,247.33,24.0,70.8,100,6.32,grid
2026-03-21T18:26:43.721763,1365,244.72,19.0,70.8,100,6.28,grid
2026-03-21T18:26:43.804513,1370,238.92,10.0,70.8,100,6.22,grid
2026-03-21T18:26:43.887895,1375,236.25,33.3,70.8,100,6.02,grid
2026-03-21T18:26:43.973650,1380,232.66,18.2,70.8,100,6.06,grid
2026-03-21T18:26:44.055330,1385,236.75,10.0,70.8,100,6.26,grid
2026-03-21T18:26:44.137709,1390,241.72,30.4,70.8,100,6.3,grid
2026-03-21T18:26:44.222214,1395,249.02,26.1,70.8,100,6.44,grid
2026-03-21T18:26:44.305063,1400,248.0,15.0,70.8,100,6.44,grid
2026-03-21T18:26:44.388987,1405,247.4,54.2,70.8,100,6.6,grid
2026-03-21T18:26:44.471806,1410,259.35,9.5,70.8,100,6.74,grid
2026-03-21T18:26:44.555160,1415,264.54,5.0,70.8,100,7.04,grid
2026-03-21T18:26:44.637685,1420,268.25,27.3,70.8,100,7.2,grid
2026-03-21T18:26:44.721621,1425,271.93,9.1,70.8,100,7.4,grid
2026-03-21T18:26:44.804131,1430,273.52,5.0,70.8,100,7.54,grid
2026-03-21T18:26:44.888433,1435,272.28,34.8,70.8,100,7.64,grid
2026-03-21T18:26:44.971903,1440,273.38,26.1,70.8,100,7.96,grid
2026-03-21T18:26:45.055043,1445,266.07,19.0,70.8,100,8.56,grid
2026-03-21T18:26:45.138530,1450,265.13,30.4,70.8,100,9.5,grid
2026-03-21T18:26:45.220931,1455,262.54,4.8,70.8,100,10.36,grid
2026-03-21T18:26:45.303928,1460,260.59,23.8,70.8,100,11.06,grid
2026-03-21T18:26:45.387470,1465,263.1,26.1,70.8,100,11.46,grid
2026-03-21T18:26:45.471955,1470,261.56,9.5,70.8,100,11.64,grid
2026-03-21T18:26:45.555779,1475,260.56,10.0,70.8,100,11.66,grid
2026-03-21T18:26:45.638290,1480,258.21,26.1,70.8,100,11.08,grid
2026-03-21T18:26:45.725233,1485,245.21,28.6,70.8,100,10.5,grid
2026-03-21T18:26:45.808020,1490,234.89,62.5,70.8,100,9.66,grid
2026-03-21T18:26:45.887072,1495,230.0,44.4,70.8,100,9.1,grid
2026-03-21T18:26:45.970080,1500,220.64,36.4,70.8,100,8.5,grid
2026-03-21T18:26:46.052425,1505,210.92,0.0,70.8,100,8.22,grid
2026-03-21T18:26:46.131335,1510,206.28,10.0,70.8,100,8.04,grid
2026-03-21T18:26:46.215173,1515,204.03,52.0,70.8,100,7.9,grid
2026-03-21T18:26:46.297817,1520,209.21,25.0,70.8,100,7.86,grid
2026-03-21T18:26:46.383547,1525,209.36,36.4,70.8,100,8.28,grid
2026-03-21T18:26:46.469462,1530,204.2,45.8,70.8,100,8.2,grid
2026-03-21T18:26:46.553709,1535,196.74,0.0,70.8,100,8.32,grid
2026-03-21T18:26:46.635767,1540,188.69,26.1,70.8,100,8.2,grid
2026-03-21T18:26:46.719978,1545,186.93,40.9,70.8,100,7.9,grid
2026-03-21T18:26:46.803510,1550,184.97,0.0,70.8,100,7.84,grid
2026-03-21T18:26:46.886093,1555,182.2,31.8,70.8,100,7.88,grid
2026-03-21T18:26:46.967814,1560,185.03,31.8,70.8,100,7.34,grid
2026-03-21T18:26:47.052781,1565,190.42,10.0,70.8,100,6.84,grid
2026-03-21T18:26:47.135055,1570,187.35,36.0,70.8,100,6.5,grid
2026-03-21T18:26:47.217421,1575,184.43,50.0,70.8,100,6.2,grid
2026-03-21T18:26:47.295908,1580,185.71,10.0,70.8,100,6.04,grid
2026-03-21T18:26:47.377747,1585,187.77,25.0,70.8,100,6.06,grid
2026-03-21T18:26:47.459995,1590,195.91,30.0,70.8,100,6.04,grid
2026-03-21T18:26:47.542092,1595,208.02,33.3,70.8,100,6.1,grid
2026-03-21T18:26:47.623963,1600,220.93,34.8,70.8,100,6.16,grid
2026-03-21T18:26:47.704686,1605,235.5,30.0,70.8,100,6.38,grid
2026-03-21T18:26:47.787926,1610,256.41,0.0,70.8,100,6.68,grid
2026-03-21T18:26:47.870149,1615,273.06,31.8,70.8,100,6.74,grid
2026-03-21T18:26:47.964461,1620,270.73,34.6,70.8,100,6.82,grid
2026-03-21T18:26:48.042460,1625,274.34,70.0,70.8,100,6.74,grid
2026-03-21T18:26:48.124417,1630,281.95,30.0,70.8,100,6.82,grid
2026-03-21T18:26:48.207338,1635,299.08,19.0,70.8,100,6.82,grid
2026-03-21T18:26:48.287830,1640,297.85,10.0,70.8,100,6.84,grid
2026-03-21T18:26:48.369829,1645,297.73,31.8,70.8,100,6.76,grid
2026-03-21T18:26:48.453865,1650,290.88,22.7,70.8,100,6.94,grid
2026-03-21T18:26:48.536482,1655,275.15,10.0,70.8,100,7.26,grid
2026-03-21T18:26:48.619838,1660,267.89,23.8,70.8,100,7.76,grid
2026-03-21T18:26:48.703787,1665,262.68,17.4,70.8,100,8.24,grid
2026-03-21T18:26:48.786469,1670,253.99,0.0,70.8,100,8.3,grid
2026-03-21T18:26:48.870727,1675,252.03,26.1,70.8,100,8.34,grid
2026-03-21T18:26:48.953773,1680,264.24,14.3,70.9,100,8.38,grid
2026-03-21T18:26:49.037451,1685,267.97,0.0,70.9,100,8.16,grid
2026-03-21T18:26:49.120176,1690,277.01,31.8,70.9,100,7.98,grid
2026-03-21T18:26:49.203745,1695,278.58,18.2,70.9,100,7.66,grid
2026-03-21T18:26:49.307170,1700,249.49,46.4,70.9,100,7.46,grid
2026-03-21T18:26:49.424167,1705,233.16,96.4,70.9,100,7.1,grid
2026-03-21T18:26:49.503198,1710,236.67,35.0,70.9,100,6.7,grid
2026-03-21T18:26:49.586463,1715,239.4,20.0,70.9,100,6.6,grid
2026-03-21T18:26:49.669803,1720,242.21,29.2,70.9,100,6.52,grid
2026-03-21T18:26:49.753425,1725,241.97,4.8,70.9,100,6.6,grid
2026-03-21T18:26:49.835498,1730,242.29,5.0,70.9,100,6.72,grid
2026-03-21T18:26:49.919508,1735,241.35,22.7,70.9,100,6.76,grid
2026-03-21T18:26:50.003156,1740,244.41,9.1,70.9,100,6.64,grid
2026-03-21T18:26:50.086738,1745,246.23,20.0,70.9,100,6.56,grid
2026-03-21T18:26:50.169678,1750,248.18,37.5,70.9,100,6.48,grid
2026-03-21T18:26:50.256738,1755,243.07,23.8,70.9,100,6.5,grid
2026-03-21T18:26:50.340738,1760,254.47,76.0,70.9,100,6.68,grid
2026-03-21T18:26:50.423023,1765,275.14,35.0,70.9,100,6.74,grid
2026-03-21T18:26:50.505074,1770,275.05,50.0,70.9,100,6.92,grid
2026-03-21T18:26:50.586751,1775,285.84,35.0,70.9,100,6.68,grid
2026-03-21T18:26:50.670725,1780,290.28,36.4,70.9,100,6.72,grid
2026-03-21T18:26:50.752460,1785,297.16,18.2,70.9,100,6.72,grid
2026-03-21T18:26:50.836110,1790,307.29,20.0,70.9,100,6.34,grid
2026-03-21T18:26:50.919929,1795,310.19,28.0,70.9,100,6.12,grid
2026-03-21T18:26:51.002408,1800,311.24,10.0,70.9,100,6.0,grid
2026-03-21T18:26:51.085937,1805,308.22,25.0,70.9,100,6.04,grid
2026-03-21T18:26:51.168388,1810,299.55,34.8,70.9,100,5.88,grid
2026-03-21T18:26:51.252481,1815,301.15,9.5,70.9,100,6.34,grid
2026-03-21T18:26:51.334701,1820,311.67,14.3,70.9,100,6.84,grid
2026-03-21T18:26:51.416613,1825,289.19,34.8,70.9,100,7.32,grid
2026-03-21T18:26:51.500552,1830,267.23,50.0,70.9,100,7.96,grid
2026-03-21T18:26:51.583887,1835,253.51,5.0,70.9,100,8.46,grid
2026-03-21T18:26:51.666845,1840,235.35,43.5,70.9,100,8.72,grid
2026-03-21T18:26:51.750844,1845,219.79,38.1,70.9,100,8.76,grid
2026-03-21T18:26:51.834522,1850,206.02,10.0,70.9,100,8.46,grid
2026-03-21T18:26:51.912931,1855,197.64,50.0,70.9,100,8.0,grid
2026-03-21T18:26:51.998716,1860,188.43,45.8,70.9,100,7.86,grid
2026-03-21T18:26:52.084466,1865,182.7,9.5,70.9,100,7.5,grid
2026-03-21T18:26:52.168517,1870,175.6,33.3,70.9,100,7.66,grid
2026-03-21T18:26:52.250861,1875,168.56,40.0,70.9,100,7.82,grid
2026-03-21T18:26:52.332944,1880,164.5,5.0,70.9,100,8.26,grid
2026-03-21T18:26:52.415629,1885,168.23,33.3,70.9,100,8.8,grid
2026-03-21T18:26:52.503470,1890,166.37,50.0,70.9,100,9.68,grid
2026-03-21T18:26:52.589474,1895,165.35,66.7,70.9,100,10.62,grid
2026-03-21T18:26:52.675263,1900,170.11,70.0,70.9,100,11.4,grid
2026-03-21T18:26:52.756075,1905,178.27,65.0,70.9,100,12.3,grid
2026-03-21T18:26:52.838600,1910,186.03,41.7,70.9,100,12.28,grid
2026-03-21T18:26:52.920548,1915,193.38,15.0,70.9,100,11.98,grid
2026-03-21T18:26:53.004675,1920,200.53,15.0,70.9,100,11.34,grid
2026-03-21T18:26:53.089675,1925,211.32,27.3,70.9,100,10.6,grid
2026-03-21T18:26:53.174650,1930,225.77,9.1,70.9,100,9.64,grid
2026-03-21T18:26:53.258675,1935,243.51,35.0,70.9,100,9.2,grid
2026-03-21T18:26:53.341677,1940,262.88,29.2,70.9,100,8.98,grid
2026-03-21T18:26:53.424690,1945,274.03,10.0,71.0,100,9.1,grid
2026-03-21T18:26:53.509649,1950,308.16,44.0,71.0,100,9.28,grid
2026-03-21T18:26:53.591704,1955,336.11,10.0,71.1,100,9.36,grid
2026-03-21T18:26:53.674610,1960,345.54,4.8,71.1,100,9.48,grid
2026-03-21T18:26:53.757153,1965,347.9,50.0,71.1,100,9.84,grid
2026-03-21T18:26:53.837097,1970,358.17,33.3,71.1,100,10.22,grid
2026-03-21T18:26:53.922065,1975,351.89,37.5,71.1,100,10.72,grid
2026-03-21T18:26:54.015095,1980,323.03,84.0,71.1,100,11.1,grid
2026-03-21T18:26:54.101065,1985,288.16,45.0,71.1,100,11.24,grid
2026-03-21T18:26:54.179068,1990,268.23,45.0,71.1,100,11.38,grid
2026-03-21T18:26:54.261071,1995,263.08,66.7,71.1,100,11.44,grid
2026-03-21T18:26:54.343073,2000,255.01,45.0,71.1,100,11.2,grid
2026-03-21T18:26:54.434062,2005,228.52,66.7,71.1,100,10.92,grid
2026-03-21T18:26:54.523064,2010,214.39,55.0,71.1,100,10.42,grid
2026-03-21T18:26:54.606069,2015,208.29,50.0,71.1,100,10.2,grid
2026-03-21T18:26:54.692067,2020,205.42,50.0,71.1,100,10.14,grid
2026-03-21T18:26:54.825066,2025,189.66,94.4,71.1,100,9.84,grid
2026-03-21T18:26:54.925578,2030,177.96,91.7,71.1,100,9.96,grid
2026-03-21T18:26:55.012642,2035,176.84,83.3,71.1,100,9.98,grid
2026-03-21T18:26:55.103640,2040,171.78,55.0,71.1,100,9.9,grid
2026-03-21T18:26:55.210653,2045,174.34,82.1,71.1,100,9.94,grid
2026-03-21T18:26:55.368643,2050,158.74,95.0,71.1,100,9.78,grid
2026-03-21T18:26:55.472638,2055,152.73,78.6,71.1,100,9.78,grid
2026-03-21T18:26:55.555874,2060,152.39,40.0,71.1,100,9.66,grid
2026-03-21T18:26:55.638890,2065,161.5,44.0,71.1,100,9.78,grid
2026-03-21T18:26:55.722879,2070,163.34,60.0,71.1,100,9.76,grid
2026-03-21T18:26:55.807357,2075,161.41,45.8,71.1,100,10.22,grid
2026-03-21T18:26:55.903383,2080,149.74,45.8,71.1,100,10.5,grid
2026-03-21T18:26:55.987358,2085,148.34,55.0,71.1,100,10.84,grid
2026-03-21T18:26:56.070391,2090,145.14,25.0,71.1,100,11.38,grid
2026-03-21T18:26:56.153358,2095,137.49,37.5,71.1,100,11.9,grid
2026-03-21T18:26:56.236385,2100,135.04,55.0,71.1,100,13.02,grid
2026-03-21T18:26:56.328359,2105,136.27,33.3,71.1,100,13.74,grid
2026-03-21T18:26:56.422385,2110,144.17,37.5,71.1,100,14.48,grid
2026-03-21T18:26:56.508384,2115,148.45,71.4,71.1,100,15.24,grid
2026-03-21T18:26:56.592353,2120,148.79,29.2,71.1,100,15.8,grid
2026-03-21T18:26:56.683365,2125,146.15,41.7,71.1,100,16.16,grid
2026-03-21T18:26:56.773386,2130,144.7,45.0,71.1,100,15.74,grid
2026-03-21T18:26:56.870359,2135,143.48,35.7,71.1,100,15.24,grid
2026-03-21T18:26:56.958355,2140,152.63,60.0,71.1,100,14.3,grid
2026-03-21T18:26:57.042355,2145,162.93,50.0,71.1,100,13.44,grid
2026-03-21T18:26:57.182356,2150,159.78,75.0,71.1,100,12.5,grid
2026-03-21T18:26:57.276420,2155,168.79,66.7,71.1,100,12.02,grid
2026-03-21T18:26:57.368419,2160,180.97,45.0,71.1,100,11.82,grid
2026-03-21T18:26:57.453416,2165,170.15,79.2,71.1,100,11.2,grid
2026-03-21T18:26:57.533423,2170,167.24,61.9,70.8,100,10.68,grid
2026-03-21T18:26:57.618549,2175,156.23,25.0,70.9,100,10.28,grid
2026-03-21T18:26:57.702543,2180,146.01,58.3,70.9,100,9.62,grid
2026-03-21T18:26:57.790546,2185,144.28,90.0,70.9,100,9.06,grid
2026-03-21T18:26:57.939544,2190,133.07,82.5,70.9,100,8.82,grid
2026-03-21T18:26:58.059548,2195,131.9,90.6,70.9,100,8.48,grid
2026-03-21T18:26:58.158547,2200,127.13,87.5,70.9,100,8.1,grid
2026-03-21T18:26:58.269551,2205,119.74,100.0,70.9,100,7.64,grid
2026-03-21T18:26:58.371549,2210,123.21,82.1,70.9,100,7.62,grid
2026-03-21T18:26:58.462622,2215,122.69,90.0,71.0,100,7.6,grid
2026-03-21T18:26:58.551564,2220,117.84,79.2,71.0,100,7.6,grid
2026-03-21T18:26:58.637544,2225,120.44,58.3,71.0,100,7.7,grid
2026-03-21T18:26:58.726551,2230,125.78,90.5,71.0,100,7.66,grid
2026-03-21T18:26:58.815631,2235,133.37,65.4,71.0,100,7.78,grid
2026-03-21T18:26:58.902549,2240,138.48,62.5,71.0,100,7.9,grid
2026-03-21T18:26:58.985550,2245,133.8,90.0,71.0,100,8.02,grid
2026-03-21T18:26:59.076568,2250,149.46,64.0,71.0,100,7.94,grid
2026-03-21T18:26:59.167543,2255,149.8,58.3,71.0,100,8.24,grid
2026-03-21T18:26:59.255543,2260,156.04,90.0,71.0,100,8.22,grid
2026-03-21T18:26:59.341546,2265,169.3,66.7,71.0,100,8.5,grid
2026-03-21T18:26:59.456547,2270,166.91,89.3,71.1,100,8.46,grid
2026-03-21T18:26:59.582062,2275,157.87,100.0,71.1,100,8.36,grid
2026-03-21T18:26:59.667024,2280,157.22,68.2,71.1,100,8.68,grid
2026-03-21T18:26:59.755994,2285,162.8,79.2,71.1,100,9.02,grid
2026-03-21T18:26:59.852998,2290,158.38,66.7,71.1,100,9.38,grid
2026-03-21T18:26:59.939997,2295,148.25,84.0,71.1,100,9.82,grid
2026-03-21T18:27:00.038998,2300,146.9,84.0,71.1,100,9.92,grid
2026-03-21T18:27:00.137998,2305,150.69,67.9,71.1,100,10.28,grid
2026-03-21T18:27:00.226013,2310,150.3,81.0,71.1,100,10.62,grid
2026-03-21T18:27:00.318007,2315,148.81,75.0,71.1,100,11.0,grid
2026-03-21T18:27:00.403995,2320,142.09,54.2,71.1,100,11.72,grid
2026-03-21T18:27:00.501017,2325,138.8,87.5,71.1,100,12.02,grid
2026-03-21T18:27:00.591997,2330,139.79,60.0,71.1,100,12.46,grid
2026-03-21T18:27:00.688000,2335,144.39,79.2,71.1,100,13.04,grid
2026-03-21T18:27:00.785998,2340,148.95,83.3,71.1,100,12.96,grid
2026-03-21T18:27:00.886996,2345,147.82,53.6,71.1,100,13.22,grid
2026-03-21T18:27:00.985996,2350,150.89,88.0,71.1,100,12.98,grid
2026-03-21T18:27:01.074997,2355,160.58,72.0,71.1,100,12.74,grid
2026-03-21T18:27:01.172999,2360,161.39,66.7,71.1,100,12.94,grid
2026-03-21T18:27:01.268995,2365,163.53,87.5,71.1,100,13.02,grid
2026-03-21T18:27:01.359025,2370,155.1,70.8,71.1,100,13.48,grid
2026-03-21T18:27:01.454999,2375,153.12,72.0,71.1,100,13.96,grid
2026-03-21T18:27:01.548997,2380,155.09,96.2,71.1,100,14.06,grid
2026-03-21T18:27:01.656002,2385,148.94,62.1,71.2,100,13.9,grid
2026-03-21T18:27:01.788001,2390,142.9,96.9,71.2,100,13.42,grid
2026-03-21T18:27:02.053359,2395,138.75,100.0,71.2,100,13.06,grid
2026-03-21T18:27:02.224252,2400,131.12,95.5,71.2,100,12.68,grid
2026-03-21T18:27:02.383256,2405,122.06,90.2,71.2,100,12.16,grid
2026-03-21T18:27:02.499248,2410,117.26,97.0,71.2,100,11.48,grid
2026-03-21T18:27:02.620251,2415,111.81,85.3,71.2,100,11.06,grid
2026-03-21T18:27:02.730278,2420,111.6,93.1,71.2,100,10.5,grid
2026-03-21T18:27:02.927900,2425,100.95,100.0,71.3,100,10.22,grid
2026-03-21T18:27:03.062896,2430,103.03,92.7,71.3,100,10.02,grid
2026-03-21T18:27:03.154859,2435,104.84,58.3,71.3,100,9.82,grid
2026-03-21T18:27:03.237859,2440,109.84,85.0,71.3,100,9.48,grid
2026-03-21T18:27:03.322865,2445,115.33,83.3,71.3,100,9.64,grid
2026-03-21T18:27:03.418865,2450,118.73,74.1,71.3,100,9.96,grid
2026-03-21T18:27:03.508875,2455,121.79,95.0,71.4,100,10.16,grid
2026-03-21T18:27:03.603860,2460,124.34,66.7,71.4,100,10.38,grid
2026-03-21T18:27:03.688864,2465,134.97,68.0,71.4,100,10.68,grid
2026-03-21T18:27:03.777895,2470,143.37,84.0,71.4,100,11.12,grid
2026-03-21T18:27:03.874887,2475,149.87,62.5,71.4,100,11.22,grid
2026-03-21T18:27:03.973910,2480,146.95,70.8,71.4,100,11.62,grid
2026-03-21T18:27:04.077896,2485,169.22,82.1,71.4,100,12.0,grid
2026-03-21T18:27:04.173862,2490,165.01,64.0,71.4,100,12.84,grid
2026-03-21T18:27:04.285866,2495,158.46,89.7,71.4,100,13.36,grid
2026-03-21T18:27:04.436391,2500,142.87,97.5,71.4,100,13.9,grid
2026-03-21T18:27:04.568529,2505,130.97,91.2,71.4,100,14.5,grid
2026-03-21T18:27:04.670045,2510,136.35,46.4,71.4,100,15.3,grid
2026-03-21T18:27:04.775053,2515,137.22,95.8,71.4,100,15.78,grid
2026-03-21T18:27:04.894052,2520,138.83,63.6,71.4,100,15.98,grid
2026-03-21T18:27:04.998109,2525,135.05,82.8,71.4,100,16.1,grid
2026-03-21T18:27:05.106045,2530,129.24,67.9,71.4,100,16.18,grid
2026-03-21T18:27:05.206048,2535,127.0,65.4,71.4,100,15.66,grid
2026-03-21T18:27:05.309050,2540,130.6,93.3,71.4,100,15.0,grid
2026-03-21T18:27:05.414075,2545,132.02,58.3,71.4,100,13.68,grid
2026-03-21T18:27:05.505045,2550,137.18,87.5,71.4,100,12.66,grid
2026-03-21T18:27:05.601047,2555,142.37,66.7,71.6,100,11.32,grid
2026-03-21T18:27:05.684045,2560,147.38,65.4,71.6,100,10.34,grid
2026-03-21T18:27:05.770046,2565,160.49,85.0,71.6,100,9.32,grid
2026-03-21T18:27:05.855044,2570,161.37,62.5,71.6,100,8.62,grid
2026-03-21T18:27:05.944102,2575,164.05,50.0,71.6,100,8.14,grid
2026-03-21T18:27:06.036045,2580,169.16,87.5,71.6,100,8.12,grid
2026-03-21T18:27:06.137051,2585,176.17,79.3,71.6,100,8.0,grid
2026-03-21T18:27:06.220046,2590,188.94,68.2,71.6,100,8.02,grid
2026-03-21T18:27:06.303045,2595,200.97,100.0,71.6,100,7.98,grid
2026-03-21T18:27:06.389047,2600,206.53,50.0,71.6,100,8.0,grid
2026-03-21T18:27:06.487049,2605,202.4,83.3,71.6,100,8.22,grid
2026-03-21T18:27:06.571055,2610,203.06,85.0,71.6,100,8.2,grid
2026-03-21T18:27:06.686049,2615,192.57,87.5,71.6,100,7.98,grid
2026-03-21T18:27:06.792649,2620,194.18,96.4,71.6,100,7.76,grid
2026-03-21T18:27:06.889419,2625,192.64,66.7,71.6,100,7.86,grid
2026-03-21T18:27:06.971419,2630,195.77,85.0,71.6,100,7.72,grid
2026-03-21T18:27:07.053419,2635,202.38,100.0,71.6,100,7.62,grid
2026-03-21T18:27:07.141431,2640,207.22,54.2,71.6,100,7.58,grid
2026-03-21T18:27:07.234422,2645,198.96,79.2,71.6,100,7.78,grid
2026-03-21T18:27:07.320419,2650,180.96,90.0,71.6,100,7.8,grid
2026-03-21T18:27:07.417424,2655,172.08,82.8,71.6,100,8.02,grid
2026-03-21T18:27:07.532422,2660,163.59,96.4,71.7,100,8.4,grid
2026-03-21T18:27:07.720523,2665,155.94,100.0,71.7,100,8.54,grid
2026-03-21T18:27:07.925540,2670,133.11,100.0,71.7,100,8.9,grid
2026-03-21T18:27:08.120527,2675,132.26,100.0,71.7,100,8.96,grid
2026-03-21T18:27:08.337523,2680,123.4,100.0,71.7,100,9.38,grid
2026-03-21T18:27:08.521520,2685,114.1,100.0,71.7,100,9.4,grid
2026-03-21T18:27:08.703522,2690,103.13,100.0,71.7,100,9.78,grid
2026-03-21T18:27:08.919523,2695,95.11,100.0,71.7,100,10.4,grid
2026-03-21T18:27:09.194521,2700,82.66,100.0,71.7,100,10.78,grid
2026-03-21T18:27:09.366542,2705,80.28,100.0,71.7,100,11.3,grid
2026-03-21T18:27:09.478549,2710,81.58,93.1,71.7,100,11.8,grid
2026-03-21T18:27:09.587540,2715,81.71,92.9,71.7,100,12.36,grid
2026-03-21T18:27:09.668537,2720,83.3,62.5,71.7,100,12.82,grid
2026-03-21T18:27:09.754535,2725,87.16,75.0,71.7,100,13.26,grid
2026-03-21T18:27:09.842575,2730,95.49,76.9,71.7,100,13.66,grid
2026-03-21T18:27:09.954537,2735,95.49,69.0,71.7,100,14.0,grid
2026-03-21T18:27:10.104541,2740,98.31,100.0,71.7,100,14.24,grid
2026-03-21T18:27:10.249547,2745,101.29,100.0,71.7,100,14.26,grid
2026-03-21T18:27:10.336537,2750,111.24,71.4,71.7,100,14.62,grid
2026-03-21T18:27:10.426571,2755,119.66,29.2,71.7,100,14.64,grid
2026-03-21T18:27:10.509557,2760,145.87,35.0,71.7,100,14.46,grid
2026-03-21T18:27:10.594797,2765,154.27,37.5,71.7,100,14.0,grid
2026-03-21T18:27:10.677195,2770,155.91,10.0,71.7,100,13.56,grid
2026-03-21T18:27:10.761386,2775,156.97,26.1,71.7,100,12.98,grid
2026-03-21T18:27:10.844539,2780,153.37,38.1,71.7,100,12.3,grid
2026-03-21T18:27:10.928490,2785,149.92,10.0,71.7,100,11.44,grid
2026-03-21T18:27:11.011457,2790,148.79,25.0,71.7,100,10.82,grid
2026-03-21T18:27:11.096148,2795,159.2,20.0,71.7,100,10.28,grid
2026-03-21T18:27:11.178919,2800,173.59,28.6,71.7,100,9.82,grid
2026-03-21T18:27:11.263433,2805,186.2,26.1,71.7,100,9.7,grid
2026-03-21T18:27:11.346433,2810,185.68,19.0,71.7,100,9.64,grid
2026-03-21T18:27:11.429433,2815,191.71,15.0,71.7,100,9.32,grid
2026-03-21T18:27:11.517945,2820,198.71,33.3,71.7,100,9.22,grid
2026-03-21T18:27:11.611473,2825,200.52,72.0,71.7,100,9.08,grid
2026-03-21T18:27:11.686011,2830,210.34,30.0,71.7,100,9.06,grid
2026-03-21T18:27:11.770010,2835,221.52,25.0,71.7,100,9.3,grid
2026-03-21T18:27:11.853011,2840,236.42,57.1,71.7,100,9.36,grid
2026-03-21T18:27:11.935011,2845,251.37,26.1,71.7,100,9.58,grid
2026-03-21T18:27:12.020020,2850,261.37,14.3,71.7,100,10.6,grid
2026-03-21T18:27:12.101075,2855,270.53,40.0,71.7,100,12.2,grid
2026-03-21T18:27:12.182307,2860,276.46,31.8,71.7,100,14.02,grid
2026-03-21T18:27:12.269307,2865,276.0,27.3,71.8,100,15.66,grid
2026-03-21T18:27:12.350307,2870,274.65,40.0,71.8,100,16.88,grid
2026-03-21T18:27:12.430334,2875,272.26,30.0,71.8,100,17.82,grid
2026-03-21T18:27:12.513307,2880,273.84,39.1,71.8,100,18.86,grid
2026-03-21T18:27:12.595335,2885,287.93,36.4,71.8,100,18.72,grid
2026-03-21T18:27:12.690313,2890,266.47,58.3,71.8,100,18.16,grid
2026-03-21T18:27:12.781307,2895,255.14,45.8,71.8,100,17.42,grid
2026-03-21T18:27:12.866306,2900,249.87,45.0,71.8,100,15.94,grid
2026-03-21T18:27:12.948306,2905,245.74,39.1,71.8,100,14.14,grid
2026-03-21T18:27:13.030306,2910,244.77,36.8,71.8,100,12.64,grid
2026-03-21T18:27:13.112308,2915,239.95,17.4,71.8,100,11.4,grid
2026-03-21T18:27:13.195308,2920,232.72,30.0,71.8,100,10.18,grid
2026-03-21T18:27:13.279307,2925,232.95,39.1,71.8,100,9.5,grid
2026-03-21T18:27:13.361789,2930,230.41,28.6,71.8,100,8.74,grid
2026-03-21T18:27:13.445660,2935,228.64,33.3,71.8,100,8.2,grid
2026-03-21T18:27:13.528664,2940,225.83,50.0,71.8,100,7.86,grid
2026-03-21T18:27:13.611020,2945,223.03,27.3,71.9,100,7.66,grid
2026-03-21T18:27:13.694074,2950,226.11,15.0,71.9,100,7.48,grid
2026-03-21T18:27:13.779259,2955,224.31,33.3,71.9,100,7.48,grid
2026-03-21T18:27:13.866742,2960,215.59,61.9,71.9,100,7.36,grid
2026-03-21T18:27:13.948299,2965,218.26,47.8,71.9,100,7.56,grid
2026-03-21T18:27:14.030852,2970,221.05,10.0,71.9,100,7.76,grid
2026-03-21T18:27:14.113396,2975,226.91,23.8,71.9,100,7.96,grid
2026-03-21T18:27:14.195416,2980,236.59,20.0,71.9,100,7.92,grid
2026-03-21T18:27:14.279303,2985,245.03,17.4,71.9,100,7.92,grid
2026-03-21T18:27:14.361739,2990,249.96,9.5,72.1,100,8.22,grid
2026-03-21T18:27:14.448899,2995,244.83,37.5,72.1,100,8.42,grid
2026-03-21T18:27:14.531901,3000,250.02,15.0,72.1,100,8.62,grid
2026-03-21T18:27:14.614326,3005,258.69,47.6,72.1,100,8.88,grid
2026-03-21T18:27:14.696372,3010,274.44,42.9,72.1,100,8.82,grid
2026-03-21T18:27:14.779327,3015,292.18,20.8,72.1,100,8.8,grid
2026-03-21T18:27:14.862361,3020,316.78,14.3,72.1,100,8.36,grid
2026-03-21T18:27:14.944873,3025,306.71,15.0,72.1,100,8.2,grid
2026-03-21T18:27:15.046839,3030,290.99,58.6,72.1,100,8.24,grid
2026-03-21T18:27:15.182835,3035,282.5,80.6,72.1,100,8.24,grid
2026-03-21T18:27:15.262864,3040,281.2,15.0,72.1,100,8.66,grid
2026-03-21T18:27:15.347842,3045,281.3,45.0,72.1,100,9.14,grid
2026-03-21T18:27:15.427847,3050,282.94,57.1,72.1,100,9.62,grid
2026-03-21T18:27:15.511866,3055,287.34,44.0,72.1,100,10.48,grid
2026-03-21T18:27:15.595839,3060,283.47,42.9,72.1,100,11.4,grid
2026-03-21T18:27:15.677879,3065,276.14,15.0,72.1,100,12.52,grid
2026-03-21T18:27:15.761836,3070,272.53,37.5,72.1,100,13.38,grid
2026-03-21T18:27:15.845357,3075,270.26,36.4,72.1,100,14.02,grid
2026-03-21T18:27:15.928516,3080,269.14,35.0,72.1,100,14.92,grid
2026-03-21T18:27:16.015223,3085,267.85,33.3,72.1,100,15.14,grid
2026-03-21T18:27:16.133224,3090,251.01,92.9,72.1,100,15.52,grid
2026-03-21T18:27:16.261569,3095,232.5,91.9,72.1,100,15.62,grid
2026-03-21T18:27:16.358080,3100,218.83,76.9,72.1,100,15.36,grid
2026-03-21T18:27:16.462079,3105,202.51,62.5,72.1,100,14.9,grid
2026-03-21T18:27:16.556080,3110,198.39,50.0,72.1,100,14.48,grid
2026-03-21T18:27:16.682080,3115,185.86,72.2,72.1,100,13.72,grid
2026-03-21T18:27:16.783079,3120,179.54,54.2,72.1,100,13.32,grid
2026-03-21T18:27:16.866095,3125,180.39,70.0,72.1,100,12.92,grid
2026-03-21T18:27:16.951083,3130,181.93,29.2,72.1,100,12.4,grid
2026-03-21T18:27:17.033433,3135,181.74,45.0,72.1,100,12.12,grid
2026-03-21T18:27:17.116461,3140,179.99,57.1,72.1,100,11.82,grid
2026-03-21T18:27:17.209449,3145,180.44,44.0,72.1,100,11.5,grid
2026-03-21T18:27:17.296433,3150,177.8,70.8,72.1,100,10.94,grid
2026-03-21T18:27:17.382463,3155,185.04,52.4,72.1,100,10.52,grid
2026-03-21T18:27:17.467462,3160,194.7,36.4,72.1,100,10.08,grid
2026-03-21T18:27:17.552463,3165,209.17,52.2,72.1,100,9.98,grid
2026-03-21T18:27:17.635462,3170,214.54,58.3,72.1,100,9.68,grid
2026-03-21T18:27:17.720517,3175,234.86,35.0,72.1,100,9.64,grid
2026-03-21T18:27:17.813432,3180,233.17,62.5,72.1,100,9.48,grid
2026-03-21T18:27:17.896437,3185,222.87,40.0,72.1,100,9.38,grid
2026-03-21T18:27:17.980434,3190,216.33,37.5,72.1,100,9.44,grid
2026-03-21T18:27:18.064463,3195,213.45,30.0,72.1,100,9.58,grid
2026-03-21T18:27:18.149437,3200,213.62,54.5,72.1,100,9.88,grid
2026-03-21T18:27:18.236463,3205,215.26,58.3,72.1,100,10.22,grid
2026-03-21T18:27:18.328462,3210,234.86,70.8,72.1,100,10.9,grid
2026-03-21T18:27:18.448433,3215,221.66,78.1,72.1,100,11.38,grid
2026-03-21T18:27:18.543318,3220,205.64,75.0,72.1,100,11.94,grid
2026-03-21T18:27:18.628546,3225,184.59,66.7,72.1,100,12.46,grid
2026-03-21T18:27:18.716515,3230,174.81,33.3,72.1,100,13.04,grid
2026-03-21T18:27:18.799543,3235,173.72,55.0,72.1,100,13.62,grid
2026-03-21T18:27:18.895542,3240,173.65,60.0,72.1,100,14.2,grid
2026-03-21T18:27:18.978541,3245,174.65,30.4,72.1,100,14.86,grid
2026-03-21T18:27:19.078514,3250,168.28,52.0,72.1,100,14.9,grid
2026-03-21T18:27:19.173549,3255,165.89,33.3,72.1,100,14.86,grid
2026-03-21T18:27:19.315516,3260,151.11,91.7,72.1,100,14.76,grid
2026-03-21T18:27:19.513516,3265,136.92,96.2,72.0,100,14.52,grid
2026-03-21T18:27:19.641522,3270,134.08,93.9,72.0,100,14.56,grid
2026-03-21T18:27:19.800513,3275,130.3,92.5,72.0,100,13.88,grid
2026-03-21T18:27:19.896514,3280,132.3,79.2,72.0,100,13.1,grid
2026-03-21T18:27:19.994512,3285,136.82,64.3,72.0,100,12.38,grid
2026-03-21T18:27:20.079515,3290,134.39,90.5,72.0,100,11.54,grid
2026-03-21T18:27:20.172587,3295,133.2,70.8,72.0,100,10.84,grid
2026-03-21T18:27:20.265515,3300,133.49,62.5,72.0,100,10.16,grid
2026-03-21T18:27:20.367513,3305,131.99,87.5,72.0,100,9.48,grid
2026-03-21T18:27:20.448514,3310,138.41,62.5,72.0,100,9.02,grid
2026-03-21T18:27:20.536519,3315,138.34,75.0,72.0,100,8.72,grid
2026-03-21T18:27:20.626572,3320,144.28,79.2,72.0,100,8.3,grid
2026-03-21T18:27:20.752526,3325,146.38,84.4,72.0,100,8.16,grid
2026-03-21T18:27:20.876594,3330,137.78,100.0,72.0,100,8.1,grid
2026-03-21T18:27:20.963352,3335,144.37,54.2,72.0,100,7.9,grid
2026-03-21T18:27:21.062354,3340,141.64,100.0,72.0,100,7.9,grid
2026-03-21T18:27:21.147351,3345,140.33,81.0,72.0,100,8.02,grid
2026-03-21T18:27:21.233350,3350,146.12,60.0,72.0,100,7.96,grid
2026-03-21T18:27:21.315350,3355,147.9,71.4,72.0,100,8.02,grid
2026-03-21T18:27:21.403355,3360,151.66,70.8,72.0,100,7.86,grid
2026-03-21T18:27:21.486358,3365,158.04,55.0,72.0,100,7.9,grid
2026-03-21T18:27:21.577355,3370,146.75,96.0,72.0,100,8.0,grid
2026-03-21T18:27:21.657384,3375,147.47,81.0,72.0,100,7.98,grid
2026-03-21T18:27:21.735382,3380,148.59,55.0,72.0,100,8.02,grid
2026-03-21T18:27:21.815352,3385,164.02,75.0,72.0,100,8.1,grid
2026-03-21T18:27:21.900352,3390,182.84,70.8,72.0,100,7.82,grid
2026-03-21T18:27:21.981354,3395,188.73,50.0,72.0,100,8.18,grid
2026-03-21T18:27:22.064354,3400,193.02,60.0,72.0,100,8.84,grid
2026-03-21T18:27:22.147349,3405,193.05,71.4,72.0,100,9.16,grid
2026-03-21T18:27:22.231353,3410,186.45,66.7,72.0,100,9.52,grid
2026-03-21T18:27:22.313352,3415,180.91,72.7,72.0,100,9.9,grid
2026-03-21T18:27:22.400352,3420,177.81,61.9,72.0,100,10.44,grid
2026-03-21T18:27:22.480352,3425,175.27,50.0,72.0,100,10.72,grid
2026-03-21T18:27:22.567352,3430,185.14,65.0,72.0,100,10.98,grid
2026-03-21T18:27:22.648351,3435,184.69,65.0,72.0,100,11.54,grid
2026-03-21T18:27:22.733362,3440,191.25,54.2,72.0,100,12.56,grid
2026-03-21T18:27:22.816356,3445,185.94,71.4,72.0,100,13.0,grid
2026-03-21T18:27:22.914351,3450,175.55,84.6,71.3,100,13.68,grid
2026-03-21T18:27:22.992358,3455,162.65,66.7,71.6,100,13.74,grid
2026-03-21T18:27:23.110353,3460,148.89,100.0,71.6,100,13.94,grid
2026-03-21T18:27:23.215956,3465,139.86,96.6,71.6,100,14.04,grid
2026-03-21T18:27:23.297591,3470,142.56,75.0,71.6,100,13.86,grid
2026-03-21T18:27:23.382592,3475,144.9,81.0,71.6,100,13.82,grid
2026-03-21T18:27:23.471633,3480,145.53,73.1,71.6,100,13.84,grid
2026-03-21T18:27:23.556628,3485,142.69,88.0,71.6,100,13.94,grid
2026-03-21T18:27:23.644589,3490,134.34,85.0,71.6,100,13.92,grid
2026-03-21T18:27:23.732590,3495,128.88,75.0,71.6,100,13.84,grid
2026-03-21T18:27:23.814591,3500,127.27,80.0,71.6,100,13.58,grid
2026-03-21T18:27:23.911592,3505,121.83,88.0,71.6,100,13.1,grid
2026-03-21T18:27:23.995595,3510,118.95,62.5,71.6,100,12.78,grid
2026-03-21T18:27:24.082597,3515,120.63,81.8,71.6,100,12.42,grid
2026-03-21T18:27:24.162591,3520,130.95,65.0,71.6,100,12.14,grid
2026-03-21T18:27:24.247590,3525,144.47,54.2,71.6,100,11.74,grid
2026-03-21T18:27:24.332589,3530,146.85,63.6,71.6,100,11.5,grid
2026-03-21T18:27:24.419592,3535,147.95,79.2,71.6,100,11.34,grid
2026-03-21T18:27:24.499590,3540,148.29,50.0,71.6,100,11.3,grid
2026-03-21T18:27:24.589598,3545,151.31,70.8,71.6,100,11.1,grid
2026-03-21T18:27:24.675597,3550,162.3,81.8,71.6,100,10.82,grid
2026-03-21T18:27:24.760597,3555,158.32,62.5,71.6,100,10.88,grid
2026-03-21T18:27:24.844589,3560,149.61,80.0,71.6,100,10.5,grid
2026-03-21T18:27:24.925604,3565,150.37,76.2,71.6,100,10.3,grid
2026-03-21T18:27:25.013589,3570,151.5,72.0,71.6,100,10.24,grid
2026-03-21T18:27:25.094588,3575,151.93,90.5,71.6,100,10.14,grid
2026-03-21T18:27:25.180592,3580,146.74,70.0,71.6,100,10.02,grid
2026-03-21T18:27:25.261590,3585,141.25,62.5,71.6,100,9.74,grid
2026-03-21T18:27:25.345588,3590,137.13,85.0,71.6,100,9.72,grid
2026-03-21T18:27:25.431592,3595,132.04,84.6,71.6,100,9.76,grid
2026-03-21T18:27:25.535593,3600,125.69,92.3,71.6,100,9.6,grid
2026-03-21T18:27:25.629293,3605,118.76,100.0,71.6,100,9.72,grid
2026-03-21T18:27:25.711369,3610,113.19,70.0,71.6,100,9.66,grid
2026-03-21T18:27:25.795368,3615,116.07,76.0,71.6,100,9.66,grid
2026-03-21T18:27:25.880367,3620,121.23,70.0,71.6,100,9.64,grid
2026-03-21T18:27:25.962369,3625,125.59,60.0,71.6,100,9.58,grid
2026-03-21T18:27:26.047372,3630,131.14,68.0,71.6,100,9.5,grid
2026-03-21T18:27:26.128372,3635,133.77,60.0,71.6,100,9.44,grid
2026-03-21T18:27:26.213369,3640,137.11,68.0,71.6,100,9.48,grid
2026-03-21T18:27:26.293368,3645,140.64,60.0,71.6,100,9.42,grid
2026-03-21T18:27:26.380368,3650,139.95,65.0,71.6,100,9.48,grid
2026-03-21T18:27:26.463367,3655,140.62,72.0,71.6,100,9.38,grid
2026-03-21T18:27:26.545369,3660,147.59,68.2,71.6,100,9.36,grid
2026-03-21T18:27:26.628380,3665,154.39,70.0,71.6,100,9.34,grid
2026-03-21T18:27:26.710374,3670,162.4,60.0,71.6,100,9.38,grid
2026-03-21T18:27:26.795372,3675,165.14,58.3,71.6,100,9.34,grid
2026-03-21T18:27:26.879365,3680,162.03,80.0,71.6,100,9.24,grid
2026-03-21T18:27:26.960368,3685,161.99,70.0,71.6,100,9.16,grid
2026-03-21T18:27:27.045368,3690,160.22,76.0,71.6,100,9.16,grid
2026-03-21T18:27:27.129368,3695,162.4,70.0,71.6,100,9.18,grid
2026-03-21T18:27:27.214372,3700,162.36,75.0,71.6,100,9.2,grid
2026-03-21T18:27:27.311368,3705,156.44,88.5,71.6,100,9.22,grid
2026-03-21T18:27:27.396365,3710,156.44,90.5,71.6,100,9.32,grid
2026-03-21T18:27:27.482370,3715,156.81,62.5,71.6,100,9.32,grid
2026-03-21T18:27:27.564366,3720,160.11,70.0,71.7,100,9.16,grid
2026-03-21T18:27:27.647367,3725,163.2,75.0,71.7,100,9.1,grid
2026-03-21T18:27:27.731399,3730,169.13,76.9,71.7,100,9.16,grid
2026-03-21T18:27:27.839370,3735,164.87,78.6,71.7,100,9.2,grid
2026-03-21T18:27:27.943381,3740,157.41,96.2,71.7,100,9.14,grid
2026-03-21T18:27:28.055792,3745,144.57,96.6,71.7,100,9.12,grid
2026-03-21T18:27:28.232624,3750,144.87,100.0,71.7,100,9.24,grid
2026-03-21T18:27:28.359630,3755,141.03,100.0,71.7,100,9.18,grid
2026-03-21T18:27:28.488659,3760,134.98,100.0,71.7,100,9.28,grid
2026-03-21T18:27:28.582631,3765,133.16,100.0,71.7,100,9.36,grid
2026-03-21T18:27:28.675628,3770,133.4,100.0,71.7,100,9.38,grid
2026-03-21T18:27:28.765628,3775,126.09,79.2,71.7,100,9.24,grid
2026-03-21T18:27:28.871662,3780,120.04,100.0,71.7,100,9.3,grid
2026-03-21T18:27:28.977631,3785,113.44,87.5,71.7,100,9.34,grid
2026-03-21T18:27:29.075623,3790,106.59,85.7,71.7,100,9.34,grid
2026-03-21T18:27:29.162623,3795,109.14,76.2,71.7,100,9.58,grid
2026-03-21T18:27:29.246622,3800,116.59,64.0,71.7,100,9.66,grid
2026-03-21T18:27:29.336665,3805,122.72,90.0,71.7,100,9.66,grid
2026-03-21T18:27:29.425623,3810,122.69,91.7,71.7,100,9.68,grid
2026-03-21T18:27:29.511627,3815,122.99,66.7,71.7,100,9.58,grid
2026-03-21T18:27:29.595623,3820,127.71,81.0,71.7,100,9.64,grid
2026-03-21T18:27:29.680623,3825,136.41,80.0,71.7,100,9.6,grid
2026-03-21T18:27:29.764621,3830,142.27,54.2,71.7,100,9.68,grid
2026-03-21T18:27:29.847623,3835,157.99,68.2,71.7,100,9.64,grid
2026-03-21T18:27:29.940627,3840,162.64,88.5,71.7,100,9.76,grid
2026-03-21T18:27:30.017623,3845,180.18,45.0,71.7,100,9.86,grid
2026-03-21T18:27:30.109624,3850,190.47,91.7,71.7,100,9.94,grid
2026-03-21T18:27:30.194624,3855,181.73,66.7,71.7,100,10.12,grid
2026-03-21T18:27:30.279622,3860,170.44,50.0,71.8,100,10.24,grid
2026-03-21T18:27:30.376623,3865,167.64,85.2,72.0,100,10.34,grid
2026-03-21T18:27:30.495365,3870,158.4,94.1,72.0,100,10.46,grid
2026-03-21T18:27:30.604339,3875,153.78,93.1,72.0,100,10.62,grid
2026-03-21T18:27:30.689558,3880,148.03,90.5,72.0,100,10.88,grid
2026-03-21T18:27:30.777487,3885,136.81,66.7,72.0,100,11.1,grid
2026-03-21T18:27:30.864487,3890,127.54,85.0,72.0,100,10.9,grid
2026-03-21T18:27:30.951522,3895,125.93,87.5,72.0,100,11.06,grid
2026-03-21T18:27:31.044486,3900,124.39,76.9,72.0,100,11.26,grid
2026-03-21T18:27:31.142489,3905,115.55,92.0,72.0,100,11.32,grid
2026-03-21T18:27:31.228489,3910,112.96,77.8,72.0,100,11.58,grid
2026-03-21T18:27:31.312490,3915,114.06,66.7,72.0,100,11.82,grid
2026-03-21T18:27:31.408498,3920,112.76,100.0,72.0,100,11.72,grid
2026-03-21T18:27:31.494486,3925,111.08,70.0,72.0,100,12.08,grid
2026-03-21T18:27:31.578487,3930,112.34,64.0,72.0,100,12.26,grid
2026-03-21T18:27:31.674489,3935,113.29,75.0,72.0,100,12.44,grid
2026-03-21T18:27:31.761487,3940,113.54,70.8,72.0,100,12.52,grid
2026-03-21T18:27:31.846487,3945,119.72,66.7,72.0,100,12.76,grid
2026-03-21T18:27:31.930486,3950,126.24,75.0,72.0,100,12.74,grid
2026-03-21T18:27:32.018518,3955,126.51,64.0,72.0,100,13.08,grid
2026-03-21T18:27:32.109487,3960,124.91,88.5,72.0,100,13.16,grid
2026-03-21T18:27:32.191496,3965,127.0,85.0,72.0,100,13.6,grid
2026-03-21T18:27:32.291506,3970,125.63,75.9,72.0,100,13.72,grid
2026-03-21T18:27:32.375485,3975,122.8,95.0,72.0,100,13.9,grid
2026-03-21T18:27:32.459484,3980,123.04,80.0,72.0,100,14.12,grid
2026-03-21T18:27:32.546485,3985,127.22,66.7,72.0,100,14.46,grid
2026-03-21T18:27:32.641495,3990,129.1,84.0,72.0,100,14.7,grid
2026-03-21T18:27:32.728486,3995,127.7,71.4,72.0,100,14.82,grid
2026-03-21T18:27:32.860486,4000,116.76,89.2,72.0,100,14.94,grid
2026-03-21T18:27:32.975597,4005,107.57,96.6,72.0,100,15.16,grid
2026-03-21T18:27:33.060500,4010,101.68,79.2,72.0,100,15.12,grid
2026-03-21T18:27:33.157500,4015,95.84,92.0,72.0,100,15.42,grid
2026-03-21T18:27:33.242502,4020,95.84,68.2,72.0,100,15.36,grid
2026-03-21T18:27:33.324499,4025,95.24,62.5,72.0,100,15.6,grid
2026-03-21T18:27:33.414508,4030,99.02,80.0,72.0,100,15.98,grid
2026-03-21T18:27:33.497501,4035,104.16,66.7,72.0,100,16.08,grid
2026-03-21T18:27:33.584543,4040,108.09,54.5,72.0,100,16.22,grid
2026-03-21T18:27:33.673505,4045,107.29,83.3,72.0,100,16.2,grid
2026-03-21T18:27:33.757499,4050,104.31,73.9,72.0,100,15.94,grid
2026-03-21T18:27:33.841500,4055,105.4,62.5,72.0,100,15.88,grid
2026-03-21T18:27:33.928501,4060,114.89,85.7,72.0,100,15.9,grid
2026-03-21T18:27:34.024501,4065,122.84,60.0,72.0,100,15.84,grid
2026-03-21T18:27:34.107555,4070,122.64,75.0,72.0,100,15.76,grid
2026-03-21T18:27:34.194501,4075,123.15,75.0,72.0,100,15.58,grid
2026-03-21T18:27:34.274499,4080,122.43,65.0,72.0,100,15.18,grid
2026-03-21T18:27:34.359501,4085,126.06,92.0,72.0,100,15.16,grid
2026-03-21T18:27:34.443505,4090,124.51,75.0,72.0,100,14.82,grid
2026-03-21T18:27:34.528501,4095,121.75,54.2,72.0,100,14.76,grid
2026-03-21T18:27:34.618529,4100,120.06,87.0,72.1,100,14.4,grid
2026-03-21T18:27:34.719504,4105,116.79,89.7,72.1,100,14.02,grid
2026-03-21T18:27:34.810499,4110,117.48,45.8,72.1,100,13.94,grid
2026-03-21T18:27:34.889502,4115,116.8,85.7,72.1,100,13.54,grid
2026-03-21T18:27:34.975500,4120,115.94,80.0,72.1,100,13.02,grid
2026-03-21T18:27:35.064540,4125,115.51,57.7,72.1,100,12.72,grid
2026-03-21T18:27:35.172501,4130,117.1,100.0,72.1,100,12.44,grid
2026-03-21T18:27:35.287057,4135,115.33,93.3,72.1,100,12.12,grid
2026-03-21T18:27:35.392963,4140,113.77,100.0,72.1,100,11.68,grid
2026-03-21T18:27:35.485034,4145,110.08,92.6,72.1,100,11.18,grid
2026-03-21T18:27:35.568065,4150,106.9,75.0,72.1,100,10.9,grid
2026-03-21T18:27:35.646033,4155,108.02,95.0,72.1,100,10.76,grid
2026-03-21T18:27:35.741041,4160,106.28,75.0,72.1,100,10.44,grid
2026-03-21T18:27:35.826034,4165,105.36,75.0,72.1,100,10.26,grid
2026-03-21T18:27:35.912033,4170,106.5,85.0,72.1,100,9.96,grid
2026-03-21T18:27:35.990031,4175,108.65,73.9,72.1,100,9.72,grid
2026-03-21T18:27:36.074032,4180,109.42,66.7,72.1,100,9.44,grid
2026-03-21T18:27:36.161046,4185,108.45,81.0,72.1,100,9.3,grid
2026-03-21T18:27:36.238036,4190,112.53,71.4,72.1,100,9.02,grid
2026-03-21T18:27:36.327032,4195,118.74,58.3,72.1,100,8.72,grid
2026-03-21T18:27:36.412033,4200,124.18,70.0,72.1,100,8.42,grid
2026-03-21T18:27:36.498036,4205,131.38,76.0,72.1,100,8.12,grid
2026-03-21T18:27:36.578033,4210,141.0,66.7,72.1,100,8.0,grid
2026-03-21T18:27:36.660041,4215,141.71,80.0,72.1,100,7.86,grid
2026-03-21T18:27:36.743033,4220,146.95,80.0,72.1,100,7.62,grid
2026-03-21T18:27:36.828035,4225,157.38,80.0,72.1,100,7.48,grid
2026-03-21T18:27:36.912033,4230,166.06,90.9,72.1,100,7.44,grid
2026-03-21T18:27:37.001064,4235,167.75,70.8,72.1,100,7.38,grid
2026-03-21T18:27:37.092035,4240,161.84,76.0,72.1,100,7.42,grid
2026-03-21T18:27:37.173033,4245,162.72,90.0,72.1,100,7.38,grid
2026-03-21T18:27:37.260048,4250,154.77,75.0,72.1,100,7.4,grid
2026-03-21T18:27:37.341035,4255,149.37,68.0,72.1,100,7.38,grid
2026-03-21T18:27:37.427033,4260,148.61,90.5,72.1,100,7.42,grid
2026-03-21T18:27:37.511034,4265,147.55,76.0,72.1,100,7.5,grid
2026-03-21T18:27:37.632038,4270,133.45,96.6,72.1,100,7.6,grid
2026-03-21T18:27:37.731380,4275,126.92,96.4,72.1,100,7.66,grid
2026-03-21T18:27:37.814447,4280,124.09,55.0,72.1,100,7.68,grid
2026-03-21T18:27:37.907444,4285,119.82,96.3,72.1,100,7.82,grid
2026-03-21T18:27:37.992444,4290,113.92,60.0,72.1,100,7.9,grid
2026-03-21T18:27:38.073445,4295,110.0,70.8,72.1,100,7.82,grid
2026-03-21T18:27:38.156442,4300,110.62,80.0,72.1,100,7.86,grid
2026-03-21T18:27:38.246478,4305,112.06,84.0,72.1,100,7.92,grid
2026-03-21T18:27:38.327444,4310,118.22,57.1,72.1,100,8.02,grid
2026-03-21T18:27:38.412448,4315,123.3,90.5,72.1,100,8.14,grid
2026-03-21T18:27:38.506444,4320,120.05,75.0,72.1,100,8.14,grid
2026-03-21T18:27:38.591446,4325,116.09,66.7,72.1,100,8.32,grid
2026-03-21T18:27:38.673445,4330,119.35,85.0,72.1,100,8.28,grid
2026-03-21T18:27:38.755444,4335,122.31,75.0,72.1,100,8.2,grid
2026-03-21T18:27:38.843458,4340,122.03,70.8,72.1,100,8.26,grid
2026-03-21T18:27:38.930448,4345,126.99,61.9,72.1,100,8.34,grid
2026-03-21T18:27:39.017518,4350,133.77,80.8,72.1,100,8.4,grid
2026-03-21T18:27:39.103484,4355,139.94,72.7,72.1,100,8.48,grid
2026-03-21T18:27:39.190443,4360,139.26,83.3,72.1,100,8.54,grid
2026-03-21T18:27:39.279477,4365,135.18,62.5,72.1,100,8.78,grid
2026-03-21T18:27:39.359446,4370,133.99,50.0,72.1,100,8.94,grid
2026-03-21T18:27:39.442444,4375,134.95,77.3,72.1,100,8.98,grid
2026-03-21T18:27:39.529499,4380,141.66,66.7,72.1,100,9.06,grid
2026-03-21T18:27:39.611444,4385,149.04,75.0,72.1,100,9.1,grid
2026-03-21T18:27:39.705447,4390,149.33,88.5,72.1,100,9.24,grid
2026-03-21T18:27:39.790442,4395,142.86,76.2,72.1,100,9.52,grid
2026-03-21T18:27:39.877444,4400,144.91,70.4,72.1,100,9.84,grid
2026-03-21T18:27:40.008447,4405,130.96,100.0,72.1,100,10.22,grid
2026-03-21T18:27:40.120533,4410,123.8,93.1,72.1,100,10.94,grid
2026-03-21T18:27:40.212713,4415,121.83,92.0,72.1,100,11.52,grid
2026-03-21T18:27:40.364707,4420,117.76,90.0,72.1,100,12.36,grid
2026-03-21T18:27:40.462743,4425,113.92,100.0,72.1,100,12.96,grid
2026-03-21T18:27:40.571713,4430,105.31,83.3,72.1,100,13.7,grid
2026-03-21T18:27:40.689720,4435,97.25,97.1,72.1,100,14.5,grid
2026-03-21T18:27:40.822504,4440,87.63,100.0,72.1,100,15.02,grid
2026-03-21T18:27:40.957508,4445,81.44,100.0,72.1,100,15.34,grid
2026-03-21T18:27:41.077513,4450,79.3,97.0,72.1,100,15.62,grid
2026-03-21T18:27:41.176505,4455,79.52,91.7,72.1,100,15.66,grid
2026-03-21T18:27:41.275504,4460,77.78,76.0,72.1,100,15.76,grid
2026-03-21T18:27:41.359504,4465,82.61,62.5,72.1,100,15.44,grid
2026-03-21T18:27:41.546509,4470,82.77,100.0,72.1,100,14.9,grid
2026-03-21T18:27:41.718507,4475,78.45,97.7,72.1,100,14.12,grid
2026-03-21T18:27:41.825505,4480,78.98,82.1,72.1,100,13.46,grid
2026-03-21T18:27:41.924504,4485,80.15,88.5,72.1,100,12.82,grid
2026-03-21T18:27:42.027503,4490,81.46,100.0,72.1,100,12.16,grid
2026-03-21T18:27:42.123032,4495,82.99,79.2,72.1,100,11.7,grid
2026-03-21T18:27:42.209032,4500,89.66,90.0,72.1,100,11.14,grid
2026-03-21T18:27:42.340031,4505,89.4,86.1,72.1,100,10.7,grid
2026-03-21T18:27:42.457174,4510,90.51,100.0,72.1,100,10.18,grid
2026-03-21T18:27:42.555878,4515,89.53,95.8,72.1,100,9.86,grid
2026-03-21T18:27:42.639877,4520,89.38,84.6,72.1,100,9.24,grid
2026-03-21T18:27:42.723876,4525,86.29,100.0,72.1,100,8.9,grid
2026-03-21T18:27:42.803875,4530,88.23,55.0,72.1,100,8.54,grid
2026-03-21T18:27:42.887897,4535,94.49,70.8,72.1,100,8.16,grid
2026-03-21T18:27:42.970876,4540,99.84,80.0,72.1,100,7.98,grid
2026-03-21T18:27:43.063874,4545,101.71,76.0,72.1,100,7.76,grid
2026-03-21T18:27:43.152876,4550,104.71,92.3,72.1,100,7.62,grid
2026-03-21T18:27:43.238874,4555,106.83,95.0,72.1,100,7.32,grid
2026-03-21T18:27:43.323876,4560,106.66,69.2,72.1,100,7.2,grid
2026-03-21T18:27:43.410874,4565,118.0,60.0,72.1,100,7.16,grid
2026-03-21T18:27:43.490875,4570,127.2,76.2,72.1,100,7.12,grid
2026-03-21T18:27:43.576875,4575,136.9,62.5,72.1,100,6.98,grid
2026-03-21T18:27:43.658875,4580,146.27,60.0,72.1,100,6.96,grid
2026-03-21T18:27:43.748905,4585,153.35,92.0,72.1,100,7.0,grid
2026-03-21T18:27:43.839873,4590,149.06,72.0,72.1,100,7.0,grid
2026-03-21T18:27:43.924875,4595,147.96,80.0,72.1,100,7.02,grid
2026-03-21T18:27:44.006875,4600,144.43,65.0,72.1,100,7.02,grid
2026-03-21T18:27:44.090875,4605,144.46,58.3,72.1,100,7.14,grid
2026-03-21T18:27:44.173875,4610,144.52,80.0,72.1,100,7.14,grid
2026-03-21T18:27:44.258876,4615,150.04,85.0,72.1,100,7.22,grid
2026-03-21T18:27:44.354879,4620,145.6,86.2,72.1,100,7.3,grid
2026-03-21T18:27:44.438876,4625,141.85,75.0,72.1,100,7.54,grid
2026-03-21T18:27:44.522875,4630,135.15,65.0,72.1,100,7.6,grid
2026-03-21T18:27:44.605874,4635,129.86,54.2,72.1,100,7.66,grid
2026-03-21T18:27:44.708876,4640,116.96,88.0,72.1,100,7.68,grid
2026-03-21T18:27:44.836878,4645,105.81,96.9,72.1,100,7.7,grid
2026-03-21T18:27:44.942290,4650,103.56,96.6,72.1,100,7.7,grid
2026-03-21T18:27:45.026019,4655,105.16,80.0,72.1,100,7.86,grid
2026-03-21T18:27:45.114065,4660,104.57,70.0,72.1,100,8.0,grid
2026-03-21T18:27:45.203020,4665,103.62,92.3,72.1,100,7.92,grid
2026-03-21T18:27:45.287020,4670,102.54,75.0,72.1,100,7.96,grid
2026-03-21T18:27:45.371022,4675,99.6,76.0,72.1,100,7.98,grid
2026-03-21T18:27:45.454028,4680,98.63,85.0,72.1,100,8.16,grid
2026-03-21T18:27:45.537021,4685,95.31,70.0,72.1,100,8.26,grid
2026-03-21T18:27:45.619071,4690,93.35,72.0,72.1,100,8.42,grid
2026-03-21T18:27:45.704020,4695,91.61,85.0,72.1,100,8.5,grid
2026-03-21T18:27:45.789022,4700,93.61,60.0,72.1,100,8.94,grid
2026-03-21T18:27:45.879024,4705,101.71,83.3,72.1,100,9.12,grid
2026-03-21T18:27:45.973021,4710,103.36,91.7,72.1,100,9.46,grid
2026-03-21T18:27:46.089022,4715,95.79,71.9,72.1,100,9.9,grid
2026-03-21T18:27:46.186033,4720,94.43,96.0,72.1,100,10.32,grid
2026-03-21T18:27:46.273022,4725,91.43,75.0,72.1,100,10.56,grid
2026-03-21T18:27:46.358020,4730,88.86,66.7,72.1,100,10.72,grid
2026-03-21T18:27:46.443024,4735,88.49,81.8,72.1,100,10.9,grid
2026-03-21T18:27:46.528025,4740,92.02,80.0,72.1,100,11.2,grid
2026-03-21T18:27:46.610025,4745,96.77,70.0,72.1,100,11.56,grid
2026-03-21T18:27:46.694065,4750,100.51,95.2,72.1,100,11.74,grid
2026-03-21T18:27:46.786032,4755,104.55,88.5,72.1,100,12.1,grid
2026-03-21T18:27:46.874024,4760,103.83,75.0,72.1,100,12.36,grid
2026-03-21T18:27:46.969059,4765,101.37,91.7,72.3,100,12.86,grid
2026-03-21T18:27:47.062023,4770,101.89,73.1,72.3,100,12.9,grid
2026-03-21T18:27:47.187025,4775,99.69,91.2,72.3,100,12.88,grid
2026-03-21T18:27:47.304963,4780,95.87,100.0,72.3,100,12.96,grid
2026-03-21T18:27:47.397206,4785,98.18,84.0,72.3,100,13.38,grid
2026-03-21T18:27:47.485935,4790,100.31,87.5,72.3,100,13.44,grid
2026-03-21T18:27:47.574934,4795,101.65,75.0,72.3,100,13.14,grid
2026-03-21T18:27:47.668940,4800,100.31,75.0,72.3,100,12.94,grid
2026-03-21T18:27:47.756934,4805,96.9,81.0,72.3,100,12.7,grid
2026-03-21T18:27:47.841935,4810,97.22,64.0,72.3,100,12.3,grid
2026-03-21T18:27:47.930971,4815,96.74,71.4,72.5,100,12.14,grid
2026-03-21T18:27:48.023935,4820,99.14,80.8,72.6,100,11.68,grid
2026-03-21T18:27:48.119941,4825,99.13,60.7,72.6,100,11.48,grid
2026-03-21T18:27:48.206954,4830,97.99,80.0,72.6,100,11.08,grid
2026-03-21T18:27:48.291934,4835,105.05,76.0,72.6,100,10.88,grid
2026-03-21T18:27:48.374934,4840,115.36,50.0,72.6,100,10.6,grid
2026-03-21T18:27:48.459961,4845,120.05,77.3,72.3,100,10.28,grid
2026-03-21T18:27:48.543935,4850,121.73,79.2,72.3,100,9.98,grid
2026-03-21T18:27:48.634934,4855,118.6,66.7,72.4,100,9.78,grid
2026-03-21T18:27:48.721933,4860,120.03,95.0,72.4,100,9.36,grid
2026-03-21T18:27:48.807934,4865,124.78,58.3,72.4,100,9.02,grid
2026-03-21T18:27:48.888934,4870,124.34,77.3,72.4,100,8.94,grid
2026-03-21T18:27:48.973933,4875,125.68,77.3,72.4,100,8.74,grid
2026-03-21T18:27:49.057935,4880,130.03,64.0,72.4,100,8.7,grid
2026-03-21T18:27:49.146962,4885,132.32,75.0,72.4,100,8.7,grid
2026-03-21T18:27:49.236936,4890,131.12,95.8,72.4,100,8.52,grid
2026-03-21T18:27:49.317938,4895,130.23,70.0,72.4,100,8.36,grid
2026-03-21T18:27:49.399020,4900,124.77,75.0,72.4,100,8.12,grid
2026-03-21T18:27:49.505934,4905,114.71,92.9,72.4,100,8.06,grid
2026-03-21T18:27:49.622937,4910,108.92,93.8,72.4,100,8.0,grid
2026-03-21T18:27:49.732087,4915,107.0,96.4,72.4,100,7.9,grid
2026-03-21T18:27:49.823095,4920,102.26,79.2,72.4,100,7.88,grid
2026-03-21T18:27:49.909088,4925,101.75,60.0,72.4,100,7.84,grid
2026-03-21T18:27:49.991082,4930,102.56,95.0,72.4,100,7.88,grid
2026-03-21T18:27:50.074080,4935,102.37,70.8,72.4,100,7.76,grid
2026-03-21T18:27:50.164104,4940,102.88,68.2,72.4,100,7.6,grid
2026-03-21T18:27:50.254080,4945,101.35,91.7,72.4,100,7.58,grid
2026-03-21T18:27:50.338080,4950,105.86,54.2,72.4,100,7.58,grid
2026-03-21T18:27:50.422079,4955,107.02,60.0,72.4,100,7.6,grid
2026-03-21T18:27:50.503080,4960,109.6,80.0,72.4,100,7.6,grid
2026-03-21T18:27:50.587083,4965,117.15,65.0,72.4,100,7.54,grid
2026-03-21T18:27:50.672080,4970,125.99,58.3,72.4,100,7.48,grid
2026-03-21T18:27:50.757085,4975,134.45,95.0,72.4,100,7.48,grid
2026-03-21T18:27:50.840080,4980,145.15,66.7,72.4,100,7.46,grid
2026-03-21T18:27:50.922081,4985,146.96,55.0,72.4,100,7.42,grid
2026-03-21T18:27:51.007080,4990,146.63,80.0,72.4,100,7.5,grid
2026-03-21T18:27:51.090080,4995,147.41,75.0,72.4,100,7.4,grid
2026-03-21T18:27:51.173080,5000,146.04,50.0,72.4,100,7.32,grid
2026-03-21T18:27:51.270086,5005,142.55,95.8,72.4,100,7.26,grid
2026-03-21T18:27:51.355080,5010,139.91,58.3,72.4,100,7.22,grid
2026-03-21T18:27:51.436080,5015,141.9,65.0,72.4,100,7.2,grid
2026-03-21T18:27:51.523077,5020,138.32,70.0,72.4,100,7.24,grid
2026-03-21T18:27:51.616139,5025,137.97,68.0,72.4,100,7.28,grid
2026-03-21T18:27:51.698122,5030,133.32,80.0,72.4,100,7.4,grid
2026-03-21T18:27:51.783086,5035,130.36,87.5,72.4,100,7.34,grid
2026-03-21T18:27:51.874081,5040,122.62,70.8,72.4,100,7.48,grid
2026-03-21T18:27:52.002087,5045,109.0,96.9,72.4,100,7.66,grid
2026-03-21T18:27:52.093149,5050,104.74,83.3,72.4,100,7.86,grid
2026-03-21T18:27:52.174778,5055,106.01,45.0,72.4,100,8.0,grid
2026-03-21T18:27:52.264775,5060,103.77,91.7,72.4,100,8.12,grid
2026-03-21T18:27:52.367775,5065,102.5,62.5,72.4,100,8.16,grid
2026-03-21T18:27:52.446767,5070,103.51,75.0,71.7,100,8.28,grid
2026-03-21T18:27:52.534768,5075,102.93,95.8,71.7,100,8.26,grid
2026-03-21T18:27:52.620765,5080,101.38,52.0,71.7,100,8.3,grid
2026-03-21T18:27:52.703767,5085,100.54,75.0,71.7,100,8.36,grid
2026-03-21T18:27:52.788762,5090,102.29,70.0,71.7,100,8.46,grid
2026-03-21T18:27:52.870764,5095,104.67,58.3,71.7,100,8.42,grid
2026-03-21T18:27:52.953765,5100,109.71,70.0,71.7,100,8.32,grid
2026-03-21T18:27:53.052768,5105,116.76,87.5,71.7,100,8.38,grid
2026-03-21T18:27:53.136763,5110,118.23,54.2,71.7,100,8.36,grid
2026-03-21T18:27:53.220765,5115,118.24,61.9,71.7,100,8.36,grid
2026-03-21T18:27:53.302763,5120,122.13,70.0,71.7,100,8.2,grid
2026-03-21T18:27:53.387766,5125,131.28,54.2,71.7,100,8.28,grid
2026-03-21T18:27:53.473765,5130,132.83,81.8,71.7,100,8.42,grid
2026-03-21T18:27:53.555766,5135,136.17,90.0,71.7,100,8.38,grid
2026-03-21T18:27:53.639764,5140,146.03,58.3,71.7,100,8.4,grid
2026-03-21T18:27:53.724784,5145,154.23,90.5,71.7,100,8.28,grid
2026-03-21T18:27:53.814831,5150,156.15,83.3,71.7,100,8.18,grid
2026-03-21T18:27:53.902767,5155,149.09,70.8,71.7,100,8.2,grid
2026-03-21T18:27:53.991796,5160,145.45,71.4,71.8,100,8.14,grid
2026-03-21T18:27:54.298768,5165,126.7,100.0,71.8,100,8.18,grid
2026-03-21T18:27:54.433767,5170,118.44,100.0,71.8,100,8.08,grid
2026-03-21T18:27:54.557379,5175,106.98,100.0,71.8,100,8.06,grid
2026-03-21T18:27:54.638070,5180,106.85,60.0,71.8,100,8.06,grid
2026-03-21T18:27:54.725075,5185,107.57,65.0,71.8,100,8.3,grid
2026-03-21T18:27:54.809077,5190,108.5,79.2,71.8,100,8.46,grid
2026-03-21T18:27:54.897073,5195,106.56,55.0,71.8,100,8.68,grid
2026-03-21T18:27:54.984070,5200,101.51,83.3,71.8,100,8.86,grid
2026-03-21T18:27:55.069068,5205,95.83,76.2,71.8,100,8.96,grid
2026-03-21T18:27:55.151071,5210,92.73,45.8,71.9,100,9.18,grid
2026-03-21T18:27:55.236069,5215,94.35,75.0,72.0,100,9.36,grid
2026-03-21T18:27:55.320070,5220,96.77,66.7,72.0,100,9.4,grid
2026-03-21T18:27:55.400069,5225,113.66,55.0,72.0,100,9.54,grid
2026-03-21T18:27:55.488074,5230,122.75,79.2,72.0,100,9.66,grid
2026-03-21T18:27:55.572069,5235,136.21,85.7,72.0,100,9.6,grid
2026-03-21T18:27:55.653068,5240,135.24,58.3,72.0,100,9.66,grid
2026-03-21T18:27:55.737066,5245,136.56,55.0,72.0,100,9.86,grid
2026-03-21T18:27:55.831106,5250,132.66,79.2,72.0,100,9.86,grid
2026-03-21T18:27:55.915073,5255,134.11,50.0,72.0,100,9.82,grid
2026-03-21T18:27:55.991081,5260,140.38,90.5,72.0,100,9.56,grid
2026-03-21T18:27:56.076072,5265,147.24,83.3,72.0,100,9.38,grid
2026-03-21T18:27:56.163109,5270,153.2,47.6,72.0,100,9.2,grid
2026-03-21T18:27:56.241078,5275,153.11,95.0,72.0,100,9.04,grid
2026-03-21T18:27:56.325075,5280,152.25,70.8,72.0,100,8.76,grid
2026-03-21T18:27:56.406066,5285,153.38,50.0,72.0,100,8.52,grid
2026-03-21T18:27:56.491073,5290,160.72,80.0,72.0,100,8.3,grid
2026-03-21T18:27:56.586074,5295,157.71,88.5,72.0,100,8.16,grid
2026-03-21T18:27:56.668069,5300,149.42,50.0,72.0,100,7.96,grid
2026-03-21T18:27:56.802073,5305,131.38,93.8,72.0,100,7.84,grid
2026-03-21T18:27:56.907827,5310,126.31,92.9,72.0,100,7.7,grid
2026-03-21T18:27:56.986515,5315,129.55,85.0,72.0,100,7.52,grid
2026-03-21T18:27:57.084510,5320,125.77,79.2,72.0,100,7.42,grid
2026-03-21T18:27:57.167514,5325,122.98,58.3,72.0,100,7.3,grid
2026-03-21T18:27:57.251511,5330,124.06,90.5,72.0,100,7.24,grid
2026-03-21T18:27:57.350522,5335,122.32,80.8,72.0,100,7.18,grid
2026-03-21T18:27:57.433513,5340,115.52,66.7,72.0,100,7.08,grid
2026-03-21T18:27:57.517515,5345,111.26,95.0,72.0,100,7.1,grid
2026-03-21T18:27:57.603511,5350,110.25,64.0,72.0,100,7.16,grid
2026-03-21T18:27:57.694551,5355,110.89,76.2,72.0,100,7.18,grid
2026-03-21T18:27:57.782535,5360,113.34,96.0,72.0,100,7.26,grid
2026-03-21T18:27:57.866511,5365,121.33,65.0,72.0,100,7.3,grid
2026-03-21T18:27:57.961513,5370,125.73,73.1,72.0,100,7.38,grid
2026-03-21T18:27:58.039517,5375,125.81,70.0,72.0,100,7.34,grid
2026-03-21T18:27:58.127550,5380,129.63,66.7,72.0,100,7.36,grid
2026-03-21T18:27:58.217512,5385,126.59,88.5,72.0,100,7.4,grid
2026-03-21T18:27:58.302515,5390,124.5,90.0,72.0,100,7.4,grid
2026-03-21T18:27:58.385513,5395,128.82,58.3,72.0,100,7.42,grid
2026-03-21T18:27:58.469513,5400,138.66,65.0,72.0,100,7.4,grid
2026-03-21T18:27:58.565515,5405,138.89,83.3,72.0,100,7.36,grid
2026-03-21T18:27:58.651514,5410,132.4,54.2,72.0,100,7.32,grid
2026-03-21T18:27:58.736514,5415,131.24,81.8,72.0,100,7.36,grid
2026-03-21T18:27:58.824523,5420,132.49,84.0,72.0,100,7.36,grid
2026-03-21T18:27:58.923517,5425,127.74,58.3,72.0,100,7.42,grid
2026-03-21T18:27:59.011544,5430,131.33,75.0,72.0,100,7.4,grid
2026-03-21T18:27:59.129518,5435,121.49,90.6,72.0,100,7.48,grid
2026-03-21T18:27:59.253758,5440,111.1,97.1,72.0,100,7.56,grid
2026-03-21T18:27:59.353745,5445,114.36,82.1,72.0,100,7.52,grid
2026-03-21T18:27:59.439762,5450,117.95,80.0,72.0,100,7.54,grid
2026-03-21T18:27:59.531766,5455,118.83,92.0,72.0,100,7.68,grid
2026-03-21T18:27:59.621745,5460,112.8,76.0,72.0,100,7.62,grid
2026-03-21T18:27:59.731759,5465,110.15,100.0,72.0,100,7.62,grid
2026-03-21T18:27:59.839752,5470,109.17,100.0,72.0,100,7.64,grid
2026-03-21T18:27:59.952336,5475,105.74,100.0,72.0,100,7.62,grid
2026-03-21T18:28:00.068339,5480,103.19,100.0,72.0,100,7.72,grid
2026-03-21T18:28:00.177370,5485,104.99,100.0,72.0,100,7.78,grid
2026-03-21T18:28:00.284338,5490,99.78,100.0,72.0,100,7.78,grid
2026-03-21T18:28:00.385393,5495,101.63,100.0,72.0,100,7.72,grid
2026-03-21T18:28:00.488392,5500,104.69,100.0,72.0,100,7.6,grid
2026-03-21T18:28:00.635644,5505,98.16,100.0,72.0,100,7.54,grid
2026-03-21T18:28:00.735647,5510,93.71,100.0,72.0,100,7.6,grid
2026-03-21T18:28:00.838645,5515,91.15,96.4,72.0,100,7.56,grid
2026-03-21T18:28:00.933645,5520,90.74,83.3,72.0,100,7.5,grid
2026-03-21T18:28:01.039653,5525,90.46,96.0,72.0,100,7.54,grid
2026-03-21T18:28:01.134646,5530,90.73,87.5,72.0,100,7.54,grid
2026-03-21T18:28:01.233646,5535,91.8,96.7,72.0,100,7.46,grid
2026-03-21T18:28:01.336644,5540,91.37,100.0,72.0,100,7.48,grid
2026-03-21T18:28:01.465644,5545,89.6,94.6,72.0,100,7.52,grid
2026-03-21T18:28:01.588674,5550,87.67,97.0,72.0,100,7.52,grid
2026-03-21T18:28:01.706418,5555,86.22,96.7,72.0,100,7.5,grid
2026-03-21T18:28:01.803630,5560,86.97,100.0,72.0,100,7.5,grid
2026-03-21T18:28:01.898632,5565,91.57,88.0,72.0,100,7.46,grid
2026-03-21T18:28:01.999176,5570,91.45,100.0,72.0,100,7.46,grid
2026-03-21T18:28:02.089174,5575,92.3,100.0,72.0,100,7.48,grid
2026-03-21T18:28:02.178175,5580,94.61,70.0,72.0,100,7.46,grid
2026-03-21T18:28:02.267177,5585,95.21,91.7,72.0,100,7.48,grid
2026-03-21T18:28:02.372193,5590,95.68,96.6,72.1,100,7.48,grid
2026-03-21T18:28:02.486172,5595,92.58,100.0,72.1,100,7.5,grid
2026-03-21T18:28:02.588309,5600,93.28,100.0,72.1,100,7.48,grid
2026-03-21T18:28:02.715549,5605,93.64,100.0,72.1,100,7.46,grid
2026-03-21T18:28:02.802547,5610,98.34,65.0,72.1,100,7.52,grid
2026-03-21T18:28:02.885547,5615,105.0,62.5,72.1,100,7.6,grid
2026-03-21T18:28:02.979549,5620,107.6,79.2,72.1,100,7.6,grid
2026-03-21T18:28:03.066548,5625,105.15,95.0,72.1,100,7.56,grid
2026-03-21T18:28:03.149547,5630,106.26,60.0,72.1,100,7.56,grid
2026-03-21T18:28:03.233551,5635,105.9,72.0,72.1,100,7.6,grid
2026-03-21T18:28:03.325572,5640,106.31,75.0,72.1,100,7.66,grid
2026-03-21T18:28:03.405546,5645,112.25,55.0,72.1,100,7.7,grid
2026-03-21T18:28:03.498549,5650,110.39,79.2,72.2,100,7.7,grid
2026-03-21T18:28:03.582586,5655,113.72,85.0,72.2,100,7.72,grid
2026-03-21T18:28:03.663549,5660,112.66,55.0,72.2,100,7.7,grid
2026-03-21T18:28:03.746562,5665,114.95,80.0,72.2,100,7.66,grid
2026-03-21T18:28:03.853548,5670,110.7,88.5,72.2,100,7.68,grid
2026-03-21T18:28:03.965812,5675,102.7,87.5,72.2,100,7.64,grid
2026-03-21T18:28:04.063640,5680,101.27,91.7,72.2,100,7.66,grid
2026-03-21T18:28:04.148628,5685,102.48,80.0,72.2,100,7.66,grid
2026-03-21T18:28:04.230627,5690,101.42,75.0,72.2,100,7.66,grid
2026-03-21T18:28:04.314627,5695,100.37,95.0,72.2,100,7.66,grid
2026-03-21T18:28:04.396644,5700,98.54,65.0,72.2,100,7.7,grid
2026-03-21T18:28:04.481627,5705,94.23,70.8,72.2,100,7.72,grid
2026-03-21T18:28:04.568633,5710,95.27,95.0,72.2,100,7.7,grid
2026-03-21T18:28:04.654652,5715,99.55,66.7,72.2,100,7.7,grid
2026-03-21T18:28:04.738635,5720,103.5,71.4,72.2,100,7.72,grid
2026-03-21T18:28:04.827663,5725,106.59,96.0,72.2,100,7.78,grid
2026-03-21T18:28:04.914633,5730,109.48,70.0,72.2,100,7.86,grid
2026-03-21T18:28:04.996647,5735,111.74,76.0,72.3,100,7.94,grid
2026-03-21T18:28:05.082629,5740,110.78,95.0,72.3,100,7.94,grid
2026-03-21T18:28:05.165629,5745,111.22,66.7,72.3,100,7.96,grid
2026-03-21T18:28:05.258659,5750,112.68,76.2,72.3,100,7.96,grid
2026-03-21T18:28:05.348639,5755,114.82,88.0,72.3,100,8.04,grid
2026-03-21T18:28:05.432627,5760,115.31,58.3,72.3,100,8.02,grid
2026-03-21T18:28:05.517624,5765,118.06,65.0,72.3,100,8.04,grid
2026-03-21T18:28:05.603636,5770,124.21,90.0,72.3,100,8.08,grid
2026-03-21T18:28:05.694638,5775,120.7,66.7,72.3,100,8.06,grid
2026-03-21T18:28:05.779636,5780,116.01,83.3,72.3,100,8.04,grid
2026-03-21T18:28:05.866628,5785,112.15,75.0,72.3,100,8.08,grid
2026-03-21T18:28:05.953634,5790,117.0,54.2,72.3,100,8.16,grid
2026-03-21T18:28:06.036643,5795,122.76,80.0,72.3,100,8.26,grid
2026-03-21T18:28:06.120643,5800,128.78,83.3,72.3,100,8.24,grid
2026-03-21T18:28:06.279629,5805,116.06,92.5,72.3,100,8.32,grid
2026-03-21T18:28:06.380666,5810,113.02,96.0,72.3,100,8.34,grid
2026-03-21T18:28:06.464666,5815,110.57,58.3,72.3,100,8.4,grid
2026-03-21T18:28:06.548665,5820,111.2,90.0,72.3,100,8.44,grid
2026-03-21T18:28:06.631664,5825,109.98,61.9,72.3,100,8.48,grid
2026-03-21T18:28:06.721675,5830,106.83,58.3,72.3,100,8.48,grid
2026-03-21T18:28:06.805668,5835,109.16,90.0,72.3,100,8.62,grid
2026-03-21T18:28:06.894667,5840,112.02,70.8,72.3,100,8.74,grid
2026-03-21T18:28:06.980667,5845,113.05,58.3,72.3,100,8.78,grid
2026-03-21T18:28:07.073699,5850,110.15,83.3,72.3,100,8.82,grid
2026-03-21T18:28:07.160714,5855,110.34,60.0,72.3,100,8.88,grid
2026-03-21T18:28:07.349667,5860,107.97,87.5,72.3,100,8.92,grid
2026-03-21T18:28:07.543668,5865,117.25,98.1,72.3,100,8.82,grid
2026-03-21T18:28:07.630665,5870,121.74,81.0,72.3,100,8.98,grid
2026-03-21T18:28:07.713679,5875,120.25,54.2,72.3,100,8.98,grid
2026-03-21T18:28:07.806674,5880,120.44,76.2,72.3,100,9.06,grid
2026-03-21T18:28:07.885664,5885,124.9,66.7,72.3,100,9.16,grid
2026-03-21T18:28:07.969678,5890,129.73,45.0,72.3,100,9.18,grid
2026-03-21T18:28:08.062664,5895,125.13,91.7,72.3,100,9.22,grid
2026-03-21T18:28:08.149665,5900,122.65,55.0,72.3,100,9.36,grid
2026-03-21T18:28:08.248665,5905,121.94,79.3,72.3,100,9.38,grid
2026-03-21T18:28:08.344666,5910,119.52,75.0,72.3,100,9.36,grid
2026-03-21T18:28:08.429666,5915,113.65,65.0,72.3,100,9.4,grid
2026-03-21T18:28:08.526666,5920,110.12,79.3,72.3,100,9.4,grid
2026-03-21T18:28:08.664442,5925,105.49,100.0,72.3,100,9.36,grid
2026-03-21T18:28:08.769919,5930,104.2,89.3,72.3,100,9.36,grid
2026-03-21T18:28:08.865580,5935,105.75,100.0,72.3,100,9.38,grid
2026-03-21T18:28:08.949287,5940,108.24,52.0,72.3,100,9.48,grid
2026-03-21T18:28:09.034289,5945,107.87,75.0,72.3,100,9.48,grid
2026-03-21T18:28:09.118292,5950,106.94,76.2,72.0,100,9.48,grid
2026-03-21T18:28:09.201289,5955,111.1,66.7,72.0,100,9.46,grid
2026-03-21T18:28:09.284289,5960,115.57,61.9,72.0,100,9.5,grid
2026-03-21T18:28:09.390326,5965,114.45,96.4,72.1,100,9.52,grid
2026-03-21T18:28:09.498289,5970,111.66,100.0,72.1,100,9.54,grid
2026-03-21T18:28:09.601290,5975,111.48,100.0,72.1,100,9.6,grid
2026-03-21T18:28:09.715320,5980,109.4,100.0,72.1,100,9.64,grid
2026-03-21T18:28:09.818384,5985,115.05,100.0,72.1,100,9.62,grid
2026-03-21T18:28:09.929382,5990,114.42,100.0,72.1,100,9.72,grid
2026-03-21T18:28:10.031383,5995,112.6,100.0,72.1,100,9.64,grid
2026-03-21T18:28:10.136390,6000,107.54,100.0,72.2,100,9.62,grid
2026-03-21T18:28:10.258391,6005,100.32,100.0,72.2,100,9.64,grid
2026-03-21T18:28:10.365386,6010,95.81,100.0,72.2,100,9.54,grid
2026-03-21T18:28:10.482384,6015,90.6,90.6,72.2,100,9.6,grid
2026-03-21T18:28:10.584390,6020,86.94,95.8,72.2,100,9.68,grid
2026-03-21T18:28:10.700994,6025,86.93,100.0,72.2,100,9.62,grid
2026-03-21T18:28:10.803997,6030,88.21,95.8,72.2,100,9.62,grid
2026-03-21T18:28:10.925525,6035,86.12,100.0,72.3,100,9.5,grid
2026-03-21T18:28:11.066529,6040,84.68,100.0,72.3,100,9.52,grid
2026-03-21T18:28:11.195609,6045,83.27,100.0,72.3,100,9.44,grid
2026-03-21T18:28:11.302625,6050,83.37,100.0,72.3,100,9.48,grid
2026-03-21T18:28:11.407626,6055,83.84,100.0,72.3,100,9.42,grid
2026-03-21T18:28:11.507623,6060,83.61,83.3,72.3,100,9.44,grid
2026-03-21T18:28:11.597610,6065,86.26,100.0,72.3,100,9.36,grid
2026-03-21T18:28:11.697609,6070,87.28,96.0,72.3,100,9.42,grid
2026-03-21T18:28:11.796609,6075,89.24,85.7,72.3,100,9.34,grid
2026-03-21T18:28:11.895609,6080,90.57,100.0,72.3,100,9.38,grid
2026-03-21T18:28:11.982609,6085,91.14,83.3,72.3,100,9.36,grid
2026-03-21T18:28:12.078609,6090,92.69,100.0,72.3,100,9.32,grid
2026-03-21T18:28:12.180609,6095,94.82,91.7,72.3,100,9.34,grid
2026-03-21T18:28:12.266609,6100,98.9,87.5,72.3,100,9.3,grid
2026-03-21T18:28:12.396608,6105,98.42,100.0,72.3,100,9.26,grid
2026-03-21T18:28:12.496610,6110,96.37,85.7,72.3,100,9.16,grid
2026-03-21T18:28:12.597609,6115,95.45,95.8,72.3,100,9.16,grid
2026-03-21T18:28:12.701620,6120,94.86,96.6,72.3,100,9.14,grid
2026-03-21T18:28:12.814607,6125,93.23,96.4,72.3,100,9.08,grid
2026-03-21T18:28:12.930609,6130,91.22,100.0,72.3,100,9.02,grid
2026-03-21T18:28:13.022680,6135,91.35,96.0,72.3,100,9.08,grid
2026-03-21T18:28:13.113606,6140,90.24,95.8,72.3,100,9.04,grid
2026-03-21T18:28:13.198606,6145,92.91,70.8,72.3,100,9.08,grid
2026-03-21T18:28:13.287672,6150,93.51,65.0,72.3,100,9.1,grid
2026-03-21T18:28:13.420613,6155,90.67,97.2,72.3,100,9.08,grid
2026-03-21T18:28:13.530677,6160,89.83,96.4,72.3,100,9.06,grid
2026-03-21T18:28:13.613678,6165,93.93,70.0,72.3,100,9.02,grid
2026-03-21T18:28:13.699678,6170,99.87,75.0,72.3,100,9.04,grid
2026-03-21T18:28:13.782678,6175,105.85,45.0,72.3,100,9.0,grid
2026-03-21T18:28:13.879677,6180,109.89,87.5,72.3,100,9.02,grid
2026-03-21T18:28:13.962680,6185,110.93,66.7,72.3,100,9.0,grid
2026-03-21T18:28:14.047679,6190,117.73,75.0,72.3,100,9.0,grid
2026-03-21T18:28:14.137719,6195,120.56,75.0,72.3,100,8.96,grid
2026-03-21T18:28:14.218681,6200,123.52,60.0,72.3,100,8.96,grid
2026-03-21T18:28:14.319700,6205,121.49,76.0,72.3,100,8.88,grid
2026-03-21T18:28:14.412679,6210,118.07,91.7,72.3,100,8.86,grid
2026-03-21T18:28:14.494677,6215,124.98,66.7,72.3,100,8.88,grid
2026-03-21T18:28:14.579684,6220,133.68,60.0,72.3,100,8.84,grid
2026-03-21T18:28:14.678677,6225,134.25,88.0,72.3,100,8.8,grid
2026-03-21T18:28:14.758680,6230,128.23,65.0,72.3,100,8.76,grid
2026-03-21T18:28:14.844679,6235,121.53,88.0,72.3,100,8.84,grid
2026-03-21T18:28:14.932678,6240,119.87,66.7,72.3,100,8.82,grid
2026-03-21T18:28:15.017713,6245,125.92,55.0,72.3,100,8.78,grid
2026-03-21T18:28:15.105714,6250,125.1,95.2,72.3,100,8.72,grid
2026-03-21T18:28:15.190714,6255,124.56,70.8,72.3,100,8.66,grid
2026-03-21T18:28:15.272708,6260,125.08,45.0,72.3,100,8.76,grid
2026-03-21T18:28:15.359695,6265,122.01,84.0,72.3,100,8.72,grid
2026-03-21T18:28:15.446678,6270,121.03,70.8,72.3,100,8.76,grid
2026-03-21T18:28:15.529680,6275,122.02,57.1,72.3,100,8.7,grid
2026-03-21T18:28:15.615678,6280,121.03,85.0,72.3,100,8.68,grid
2026-03-21T18:28:15.748682,6285,111.57,86.8,72.3,100,8.74,grid
2026-03-21T18:28:15.862466,6290,108.97,100.0,72.3,100,8.72,grid
2026-03-21T18:28:15.944680,6295,108.66,85.7,72.3,100,8.72,grid
2026-03-21T18:28:16.029678,6300,107.49,75.0,72.3,100,8.7,grid
2026-03-21T18:28:16.118684,6305,105.59,85.0,72.3,100,8.72,grid
2026-03-21T18:28:16.205686,6310,105.57,64.0,72.3,100,8.68,grid
2026-03-21T18:28:16.293680,6315,102.5,76.0,72.3,100,8.68,grid
2026-03-21T18:28:16.377681,6320,99.95,95.0,72.3,100,8.72,grid
2026-03-21T18:28:16.459681,6325,100.13,70.0,72.3,100,8.76,grid
2026-03-21T18:28:16.554688,6330,100.49,80.0,72.3,100,8.86,grid
2026-03-21T18:28:16.642688,6335,100.64,83.3,72.3,100,8.88,grid
2026-03-21T18:28:16.726683,6340,97.05,55.0,72.3,100,8.88,grid
2026-03-21T18:28:16.809691,6345,101.31,72.0,72.3,100,8.86,grid
2026-03-21T18:28:16.892682,6350,102.65,95.0,72.3,100,8.96,grid
2026-03-21T18:28:16.978679,6355,102.37,50.0,72.3,100,8.94,grid
2026-03-21T18:28:17.062682,6360,102.72,69.2,72.3,100,8.98,grid
2026-03-21T18:28:17.146683,6365,99.66,80.0,72.3,100,8.96,grid
2026-03-21T18:28:17.228682,6370,100.87,62.5,72.3,100,9.02,grid
2026-03-21T18:28:17.314683,6375,103.16,70.0,72.3,100,8.96,grid
2026-03-21T18:28:17.397682,6380,107.26,90.0,72.3,100,8.96,grid
2026-03-21T18:28:17.488711,6385,110.82,68.0,72.3,100,8.9,grid
2026-03-21T18:28:17.576682,6390,110.18,70.8,72.3,100,8.78,grid
2026-03-21T18:28:17.656684,6395,109.36,90.0,72.3,100,8.76,grid
2026-03-21T18:28:17.744681,6400,111.03,58.3,72.3,100,8.76,grid
2026-03-21T18:28:17.830682,6405,116.23,80.0,72.3,100,8.76,grid
2026-03-21T18:28:17.916733,6410,122.92,83.3,72.3,100,8.74,grid
2026-03-21T18:28:18.026680,6415,123.93,69.0,72.3,100,8.76,grid
2026-03-21T18:28:18.129685,6420,122.66,100.0,72.3,100,8.68,grid
2026-03-21T18:28:18.241631,6425,122.14,100.0,72.3,100,8.68,grid
2026-03-21T18:28:18.323631,6430,116.17,80.0,72.3,100,8.74,grid
2026-03-21T18:28:18.410617,6435,111.21,95.0,72.3,100,8.66,grid
2026-03-21T18:28:18.489617,6440,107.2,65.0,72.3,100,8.72,grid
2026-03-21T18:28:18.578618,6445,103.32,79.2,72.3,100,8.7,grid
2026-03-21T18:28:18.664617,6450,107.43,70.0,72.3,100,8.76,grid
2026-03-21T18:28:18.746636,6455,112.7,72.0,72.3,100,8.84,grid
2026-03-21T18:28:18.842617,6460,113.47,75.0,72.3,100,8.8,grid
2026-03-21T18:28:18.927617,6465,110.32,85.0,72.3,100,8.82,grid
2026-03-21T18:28:19.013617,6470,108.35,56.0,72.3,100,8.86,grid
2026-03-21T18:28:19.106659,6475,111.35,73.1,72.3,100,8.96,grid
2026-03-21T18:28:19.190235,6480,114.7,80.0,72.3,100,8.92,grid
2026-03-21T18:28:19.277210,6485,116.03,58.3,72.3,100,9.08,grid
2026-03-21T18:28:19.359207,6490,115.37,95.0,72.3,100,9.08,grid
2026-03-21T18:28:19.443207,6495,115.58,75.0,72.3,100,9.12,grid
2026-03-21T18:28:19.528208,6500,116.69,41.7,72.3,100,9.2,grid
2026-03-21T18:28:19.614209,6505,122.62,85.0,72.3,100,9.28,grid
2026-03-21T18:28:19.696208,6510,125.15,81.0,72.3,100,9.28,grid
2026-03-21T18:28:19.779207,6515,122.88,58.3,72.3,100,9.2,grid
2026-03-21T18:28:19.863209,6520,124.47,80.0,72.3,100,9.18,grid
2026-03-21T18:28:19.946806,6525,129.56,80.0,72.3,100,9.28,grid
2026-03-21T18:28:20.040813,6530,128.68,70.0,72.3,100,9.28,grid
2026-03-21T18:28:20.122810,6535,126.23,91.7,72.3,100,9.34,grid
2026-03-21T18:28:20.207810,6540,122.65,65.0,72.3,100,9.4,grid
2026-03-21T18:28:20.289819,6545,122.88,55.0,72.3,100,9.38,grid
2026-03-21T18:28:20.397809,6550,121.64,96.6,72.3,100,9.34,grid
2026-03-21T18:28:20.510806,6555,118.31,93.8,72.3,100,9.44,grid
2026-03-21T18:28:20.626120,6560,114.53,96.4,72.3,100,9.56,grid
2026-03-21T18:28:20.711119,6565,107.77,75.0,72.3,100,9.56,grid
2026-03-21T18:28:20.793119,6570,104.96,76.9,72.3,100,9.52,grid
2026-03-21T18:28:20.875127,6575,101.92,81.0,72.3,100,9.5,grid
2026-03-21T18:28:21.010120,6580,98.56,93.8,72.3,100,9.52,grid
2026-03-21T18:28:21.130121,6585,94.23,100.0,72.3,100,9.44,grid
2026-03-21T18:28:21.261117,6590,91.92,76.3,72.3,100,9.34,grid
2026-03-21T18:28:21.343118,6595,91.81,70.0,72.3,100,9.34,grid
2026-03-21T18:28:21.430119,6600,94.59,80.0,72.3,100,9.34,grid
2026-03-21T18:28:21.528119,6605,95.06,67.9,72.3,100,9.3,grid
2026-03-21T18:28:21.620131,6610,97.53,90.5,72.3,100,9.32,grid
2026-03-21T18:28:21.703154,6615,102.5,83.3,72.3,100,9.24,grid
2026-03-21T18:28:21.791135,6620,105.49,50.0,72.3,100,9.2,grid
2026-03-21T18:28:21.865145,6625,112.82,90.9,72.3,100,9.18,grid
2026-03-21T18:28:21.958119,6630,109.47,87.5,72.3,100,9.12,grid
2026-03-21T18:28:22.037154,6635,110.44,50.0,72.3,100,9.12,grid
2026-03-21T18:28:22.120125,6640,112.04,95.0,72.3,100,9.06,grid
2026-03-21T18:28:22.206147,6645,117.27,83.3,72.3,100,9.06,grid
2026-03-21T18:28:22.292119,6650,117.5,58.3,72.3,100,8.98,grid
2026-03-21T18:28:22.380118,6655,115.69,85.7,72.3,100,9.0,grid
2026-03-21T18:28:22.462118,6660,115.93,70.0,72.3,100,8.98,grid
2026-03-21T18:28:22.545118,6665,120.14,66.7,72.3,100,9.02,grid
2026-03-21T18:28:22.630128,6670,123.65,55.0,72.3,100,8.98,grid
2026-03-21T18:28:22.713119,6675,123.96,70.0,72.3,100,8.98,grid
2026-03-21T18:28:22.844121,6680,115.21,86.1,72.3,100,8.9,grid
2026-03-21T18:28:22.940553,6685,109.79,100.0,72.3,100,8.88,grid
2026-03-21T18:28:23.030703,6690,111.35,58.3,72.3,100,8.96,grid
2026-03-21T18:28:23.123707,6695,108.96,95.8,72.3,100,8.9,grid
2026-03-21T18:28:23.207696,6700,108.6,71.4,72.3,100,9.0,grid
2026-03-21T18:28:23.302706,6705,102.48,72.0,72.3,100,9.0,grid
2026-03-21T18:28:23.379698,6710,108.21,90.0,72.3,100,8.92,grid
2026-03-21T18:28:23.463697,6715,114.16,72.0,72.3,100,8.9,grid
2026-03-21T18:28:23.544698,6720,117.25,52.4,72.3,100,8.86,grid
2026-03-21T18:28:23.640699,6725,113.87,79.2,72.3,100,8.84,grid
2026-03-21T18:28:23.722695,6730,110.3,85.7,72.3,100,8.8,grid
2026-03-21T18:28:23.811700,6735,108.7,58.3,72.3,100,8.74,grid
2026-03-21T18:28:23.889697,6740,116.3,95.2,72.3,100,8.8,grid
2026-03-21T18:28:23.975698,6745,118.59,61.9,72.3,100,8.8,grid
2026-03-21T18:28:24.060698,6750,117.79,70.8,72.3,100,8.76,grid
2026-03-21T18:28:24.142699,6755,119.21,90.0,72.3,100,8.8,grid
2026-03-21T18:28:24.225699,6760,120.45,52.4,72.3,100,8.72,grid
2026-03-21T18:28:24.311699,6765,124.74,50.0,72.3,100,8.76,grid
2026-03-21T18:28:24.392699,6770,121.02,75.0,72.3,100,8.76,grid
2026-03-21T18:28:24.478697,6775,116.14,60.0,72.3,100,8.84,grid
2026-03-21T18:28:24.559698,6780,113.73,60.0,72.3,100,8.8,grid
2026-03-21T18:28:24.643697,6785,116.39,75.0,72.3,100,8.76,grid
2026-03-21T18:28:24.731704,6790,120.36,75.0,72.3,100,8.76,grid
2026-03-21T18:28:24.814701,6795,125.34,60.0,72.3,100,8.7,grid
2026-03-21T18:28:24.906696,6800,124.0,95.8,72.3,100,8.62,grid
2026-03-21T18:28:24.996699,6805,124.99,75.0,72.3,100,8.64,grid
2026-03-21T18:28:25.081700,6810,131.86,76.2,72.3,100,8.7,grid
2026-03-21T18:28:25.212699,6815,121.43,97.0,72.3,100,8.76,grid
2026-03-21T18:28:25.312753,6820,118.58,85.7,72.3,100,8.62,grid
2026-03-21T18:28:25.401388,6825,123.29,81.0,72.3,100,8.6,grid
2026-03-21T18:28:25.485367,6830,122.99,75.0,72.3,100,8.6,grid
2026-03-21T18:28:25.562338,6835,128.21,60.0,72.3,100,8.6,grid
2026-03-21T18:28:25.655338,6840,126.82,96.0,72.3,100,8.64,grid
2026-03-21T18:28:25.742339,6845,122.11,85.0,72.3,100,8.62,grid
2026-03-21T18:28:25.823339,6850,115.5,58.3,72.3,100,8.6,grid
2026-03-21T18:28:25.898342,6855,112.02,93.8,72.3,100,8.72,grid
2026-03-21T18:28:25.978343,6860,116.36,70.8,72.3,100,8.78,grid
2026-03-21T18:28:26.059335,6865,118.93,55.0,72.3,100,8.8,grid
2026-03-21T18:28:26.144337,6870,117.08,80.0,72.3,100,8.7,grid
2026-03-21T18:28:26.235375,6875,126.96,76.9,72.3,100,8.66,grid
2026-03-21T18:28:26.312337,6880,134.54,45.0,72.3,100,8.7,grid
2026-03-21T18:28:26.394337,6885,135.35,75.0,72.3,100,8.68,grid
2026-03-21T18:28:26.476336,6890,140.8,70.0,72.3,100,8.58,grid
2026-03-21T18:28:26.562338,6895,139.23,54.2,72.3,100,8.6,grid
2026-03-21T18:28:26.644334,6900,141.27,50.0,72.3,100,8.58,grid
2026-03-21T18:28:26.736424,6905,144.08,76.0,72.3,100,8.6,grid
2026-03-21T18:28:26.817366,6910,156.47,50.0,72.3,100,8.64,grid
2026-03-21T18:28:26.894336,6915,166.55,75.0,72.3,100,8.72,grid
2026-03-21T18:28:26.975334,6920,170.41,80.0,72.3,100,8.72,grid
2026-03-21T18:28:27.057337,6925,172.83,54.2,72.3,100,8.68,grid
2026-03-21T18:28:27.144335,6930,174.33,65.0,72.3,100,8.72,grid
2026-03-21T18:28:27.225334,6935,187.52,85.0,72.3,100,8.68,grid
2026-03-21T18:28:27.309337,6940,189.42,54.2,72.3,100,8.7,grid
2026-03-21T18:28:27.397339,6945,176.46,85.7,72.3,100,8.7,grid
2026-03-21T18:28:27.535365,6950,153.74,100.0,72.3,100,8.72,grid
2026-03-21T18:28:27.639667,6955,140.64,96.6,72.3,100,8.74,grid
2026-03-21T18:28:27.726747,6960,132.19,85.0,72.3,100,8.74,grid
2026-03-21T18:28:27.810746,6965,131.32,66.7,72.3,100,8.72,grid
2026-03-21T18:28:27.891746,6970,129.14,81.0,72.3,100,8.7,grid
2026-03-21T18:28:27.974746,6975,126.45,70.0,72.3,100,8.66,grid
2026-03-21T18:28:28.058746,6980,123.82,52.0,72.3,100,8.64,grid
2026-03-21T18:28:28.141745,6985,120.83,80.0,72.3,100,8.64,grid
2026-03-21T18:28:28.235750,6990,120.11,75.0,72.3,100,8.7,grid
2026-03-21T18:28:28.321747,6995,114.76,54.2,72.3,100,8.68,grid
2026-03-21T18:28:28.406747,7000,109.52,90.5,72.3,100,8.74,grid
2026-03-21T18:28:28.494747,7005,112.64,88.0,72.3,100,8.78,grid
2026-03-21T18:28:28.577746,7010,124.06,55.0,72.3,100,8.82,grid
2026-03-21T18:28:28.663752,7015,135.61,55.0,72.3,100,8.84,grid
2026-03-21T18:28:28.756746,7020,135.01,79.2,72.3,100,8.82,grid
2026-03-21T18:28:28.840746,7025,133.75,66.7,72.3,100,8.86,grid
2026-03-21T18:28:28.927747,7030,128.82,86.4,72.3,100,8.88,grid
2026-03-21T18:28:29.012753,7035,128.02,72.0,72.3,100,8.86,grid
2026-03-21T18:28:29.094745,7040,131.65,60.0,72.3,100,8.88,grid
2026-03-21T18:28:29.178746,7045,134.57,65.0,72.3,100,8.9,grid
2026-03-21T18:28:29.270793,7050,131.57,75.0,72.3,100,8.96,grid
2026-03-21T18:28:29.354745,7055,128.48,66.7,72.3,100,9.0,grid
2026-03-21T18:28:29.441748,7060,125.78,95.0,72.1,100,8.96,grid
2026-03-21T18:28:29.525745,7065,123.23,62.5,72.1,100,8.94,grid
2026-03-21T18:28:29.607746,7070,123.5,65.0,72.3,100,9.0,grid
2026-03-21T18:28:29.691746,7075,123.51,80.0,72.3,100,9.0,grid
2026-03-21T18:28:29.788751,7080,129.35,66.7,72.3,100,9.0,grid
2026-03-21T18:28:29.915309,7085,123.01,97.0,72.3,100,9.06,grid
2026-03-21T18:28:30.023768,7090,118.24,92.9,72.3,100,9.1,grid
2026-03-21T18:28:30.104775,7095,115.68,76.0,72.3,100,9.0,grid
2026-03-21T18:28:30.188766,7100,106.63,95.0,72.3,100,9.02,grid
2026-03-21T18:28:30.274767,7105,103.89,76.0,72.4,100,8.98,grid
2026-03-21T18:28:30.361773,7110,105.77,70.0,72.5,100,8.92,grid
2026-03-21T18:28:30.443771,7115,112.11,90.0,72.5,100,8.84,grid
2026-03-21T18:28:30.539766,7120,117.85,79.2,72.5,100,8.96,grid
2026-03-21T18:28:30.622766,7125,114.0,70.8,72.5,100,8.84,grid
2026-03-21T18:28:30.705767,7130,107.44,85.0,72.5,100,8.88,grid
2026-03-21T18:28:30.790769,7135,104.63,60.0,72.5,100,8.84,grid
2026-03-21T18:28:30.907766,7140,99.78,91.2,72.5,100,8.82,grid
2026-03-21T18:28:31.005774,7145,101.81,87.5,72.5,100,8.8,grid
2026-03-21T18:28:31.088766,7150,104.21,62.5,72.5,100,8.86,grid
2026-03-21T18:28:31.174767,7155,103.35,85.0,72.5,100,8.84,grid
2026-03-21T18:28:31.258766,7160,107.05,71.4,72.5,100,8.88,grid
2026-03-21T18:28:31.343767,7165,110.18,58.3,72.5,100,8.82,grid
2026-03-21T18:28:31.432802,7170,111.97,85.0,72.5,100,8.76,grid
2026-03-21T18:28:31.511794,7175,111.33,75.0,72.5,100,8.72,grid
2026-03-21T18:28:31.596770,7180,112.59,85.0,72.5,100,8.72,grid
2026-03-21T18:28:31.689769,7185,114.51,83.3,72.5,100,8.7,grid
2026-03-21T18:28:31.774767,7190,117.69,65.0,72.5,100,8.72,grid
2026-03-21T18:28:31.859766,7195,121.24,66.7,72.5,100,8.7,grid
2026-03-21T18:28:31.950785,7200,130.45,76.0,72.5,100,8.62,grid
2026-03-21T18:28:32.038780,7205,130.73,65.0,72.5,100,8.68,grid
2026-03-21T18:28:32.122767,7210,133.96,88.0,72.5,100,8.64,grid
2026-03-21T18:28:32.243767,7215,127.97,100.0,72.5,100,8.74,grid
2026-03-21T18:28:32.349820,7220,123.18,93.1,72.5,100,8.7,grid
2026-03-21T18:28:32.449487,7225,116.68,96.3,72.5,100,8.74,grid
2026-03-21T18:28:32.538457,7230,110.66,78.3,72.5,100,8.78,grid
2026-03-21T18:28:32.641458,7235,104.52,86.7,72.5,100,8.78,grid
2026-03-21T18:28:32.737458,7240,99.97,92.0,72.5,100,8.8,grid
2026-03-21T18:28:32.829462,7245,99.32,75.0,72.5,100,8.8,grid
2026-03-21T18:28:32.955457,7250,96.43,91.7,72.5,100,8.7,grid
2026-03-21T18:28:33.084458,7255,90.06,100.0,72.5,100,8.72,grid
2026-03-21T18:28:33.202670,7260,83.69,100.0,72.5,100,8.64,grid
2026-03-21T18:28:33.318668,7265,82.89,100.0,72.5,100,8.6,grid
2026-03-21T18:28:33.424670,7270,80.54,100.0,72.5,100,8.58,grid
2026-03-21T18:28:33.707677,7275,75.08,100.0,72.5,100,8.66,grid
2026-03-21T18:28:33.809667,7280,75.48,100.0,72.5,100,8.6,grid
2026-03-21T18:28:33.911672,7285,74.73,100.0,72.5,100,8.5,grid
2026-03-21T18:28:34.032703,7290,72.83,100.0,72.5,100,8.48,grid
2026-03-21T18:28:34.148679,7295,72.21,96.4,72.5,100,8.5,grid
2026-03-21T18:28:34.257669,7300,70.6,100.0,72.5,100,8.42,grid
2026-03-21T18:28:34.378671,7305,68.73,100.0,72.5,100,8.38,grid
2026-03-21T18:28:34.491667,7310,67.95,100.0,72.5,100,8.38,grid
2026-03-21T18:28:34.637667,7315,66.15,100.0,72.5,100,8.28,grid
2026-03-21T18:28:34.758144,7320,66.73,100.0,72.5,100,8.36,grid
2026-03-21T18:28:34.899502,7325,64.77,100.0,72.5,100,8.32,grid
2026-03-21T18:28:35.014612,7330,64.28,100.0,72.5,100,8.36,grid
2026-03-21T18:28:35.128611,7335,68.22,100.0,72.5,100,8.32,grid
2026-03-21T18:28:35.221610,7340,68.21,100.0,72.5,100,8.32,grid
2026-03-21T18:28:35.338733,7345,67.68,93.9,72.5,100,8.28,grid
2026-03-21T18:28:35.454732,7350,68.62,96.4,72.5,100,8.3,grid
2026-03-21T18:28:35.565751,7355,69.41,96.4,72.5,100,8.34,grid
2026-03-21T18:28:35.670737,7360,70.81,90.0,72.5,100,8.36,grid
2026-03-21T18:28:35.780809,7365,72.0,100.0,72.5,100,8.4,grid
2026-03-21T18:28:35.906730,7370,70.81,100.0,72.5,100,8.4,grid
2026-03-21T18:28:36.007729,7375,73.96,100.0,72.5,100,8.38,grid
2026-03-21T18:28:36.107733,7380,75.54,100.0,72.5,100,8.4,grid
2026-03-21T18:28:36.218735,7385,78.83,100.0,72.5,100,8.46,grid
2026-03-21T18:28:36.318797,7390,80.64,100.0,72.5,100,8.46,grid
2026-03-21T18:28:36.418791,7395,82.76,100.0,72.5,100,8.44,grid
2026-03-21T18:28:36.514763,7400,83.35,100.0,72.5,100,8.5,grid
2026-03-21T18:28:36.627262,7405,83.12,100.0,72.5,100,8.46,grid
2026-03-21T18:28:36.723248,7410,83.23,100.0,72.5,100,8.52,grid
2026-03-21T18:28:36.824249,7415,83.35,100.0,72.5,100,8.44,grid
2026-03-21T18:28:36.954881,7420,82.26,100.0,72.5,100,8.48,grid
2026-03-21T18:28:37.072158,7425,80.68,100.0,72.5,100,8.46,grid
2026-03-21T18:28:37.189250,7430,81.15,100.0,72.5,100,8.6,grid
2026-03-21T18:28:37.303245,7435,79.53,100.0,72.5,100,8.74,grid
2026-03-21T18:28:37.410271,7440,78.39,92.9,72.5,100,8.8,grid
2026-03-21T18:28:37.522246,7445,77.98,100.0,72.5,100,9.0,grid
2026-03-21T18:28:37.634251,7450,76.5,100.0,72.5,100,9.38,grid
2026-03-21T18:28:37.738246,7455,75.64,100.0,72.5,100,9.44,grid
2026-03-21T18:28:37.840245,7460,74.97,100.0,72.5,100,9.9,grid
2026-03-21T18:28:37.945281,7465,75.82,100.0,72.5,100,10.38,grid
2026-03-21T18:28:38.048260,7470,76.0,100.0,72.5,100,10.62,grid
2026-03-21T18:28:38.148787,7475,75.61,100.0,72.5,100,11.28,grid
2026-03-21T18:28:38.242573,7480,76.58,100.0,72.5,100,11.7,grid
2026-03-21T18:28:38.341106,7485,78.24,100.0,72.5,100,11.8,grid
2026-03-21T18:28:38.450154,7490,79.56,100.0,72.5,100,12.08,grid
2026-03-21T18:28:38.556638,7495,80.41,96.4,72.5,100,12.12,grid
2026-03-21T18:28:38.654634,7500,81.06,88.0,72.5,100,12.2,grid
2026-03-21T18:28:38.751711,7505,81.83,100.0,72.5,100,12.02,grid
2026-03-21T18:28:38.838715,7510,83.65,87.5,72.5,100,11.82,grid
2026-03-21T18:28:38.926716,7515,86.79,95.0,72.5,100,11.58,grid
2026-03-21T18:28:39.021716,7520,87.41,100.0,72.5,100,11.24,grid
2026-03-21T18:28:39.108712,7525,89.65,87.5,72.5,100,11.0,grid
2026-03-21T18:28:39.204716,7530,90.59,96.0,72.5,100,10.66,grid
2026-03-21T18:28:39.334730,7535,87.92,100.0,72.5,100,10.68,grid
2026-03-21T18:28:39.456337,7540,85.96,100.0,72.5,100,10.62,grid
2026-03-21T18:28:39.583724,7545,84.2,100.0,72.5,100,10.48,grid
2026-03-21T18:28:39.688706,7550,83.61,100.0,72.5,100,10.62,grid
2026-03-21T18:28:39.779763,7555,85.64,95.8,72.5,100,10.42,grid
2026-03-21T18:28:39.876343,7560,85.26,79.2,72.5,100,10.5,grid
2026-03-21T18:28:39.973460,7565,85.62,95.8,72.5,100,10.34,grid
2026-03-21T18:28:40.055457,7570,88.42,80.0,72.5,100,10.2,grid
2026-03-21T18:28:40.150509,7575,88.15,87.5,72.5,100,9.94,grid
2026-03-21T18:28:40.233543,7580,88.29,83.3,72.5,100,9.6,grid
2026-03-21T18:28:40.309472,7585,89.3,65.0,72.5,100,9.3,grid
2026-03-21T18:28:40.402466,7590,91.08,66.7,72.5,100,8.94,grid
2026-03-21T18:28:40.476461,7595,97.74,93.8,72.5,100,8.8,grid
2026-03-21T18:28:40.563489,7600,105.46,76.0,72.5,100,8.44,grid
2026-03-21T18:28:40.700468,7605,104.37,91.9,72.5,100,8.14,grid
2026-03-21T18:28:40.887485,7610,101.54,100.0,72.5,100,7.9,grid
2026-03-21T18:28:41.019456,7615,96.62,96.9,72.5,100,7.62,grid
2026-03-21T18:28:41.101476,7620,99.02,45.0,72.5,100,7.42,grid
2026-03-21T18:28:41.184460,7625,98.55,80.0,72.5,100,7.04,grid
2026-03-21T18:28:41.259462,7630,98.34,93.8,72.5,100,6.92,grid
2026-03-21T18:28:41.349510,7635,97.07,72.0,72.0,100,6.72,grid
2026-03-21T18:28:41.438458,7640,99.98,83.3,72.0,100,6.72,grid
2026-03-21T18:28:41.523458,7645,101.03,65.0,72.0,100,6.6,grid
2026-03-21T18:28:41.605457,7650,104.38,58.3,72.0,100,6.48,grid
2026-03-21T18:28:41.724458,7655,101.75,82.1,72.0,100,6.48,grid
2026-03-21T18:28:41.853239,7660,94.68,93.9,72.0,100,6.34,grid
2026-03-21T18:28:41.967462,7665,97.95,96.9,72.0,100,6.24,grid
2026-03-21T18:28:42.052463,7670,105.72,85.0,72.0,100,6.34,grid
2026-03-21T18:28:42.136462,7675,114.87,58.3,72.0,100,6.34,grid
2026-03-21T18:28:42.223462,7680,118.54,85.0,72.0,100,6.3,grid
2026-03-21T18:28:42.305461,7685,127.9,75.0,72.0,100,6.38,grid
2026-03-21T18:28:42.403460,7690,126.06,89.7,72.0,100,6.48,grid
2026-03-21T18:28:42.492077,7695,129.09,85.0,72.0,100,6.54,grid
2026-03-21T18:28:42.580032,7700,130.46,76.0,72.0,100,6.6,grid
2026-03-21T18:28:42.667030,7705,124.53,62.5,72.0,100,6.74,grid
2026-03-21T18:28:42.755032,7710,119.11,95.0,72.0,100,6.68,grid
2026-03-21T18:28:42.835031,7715,124.58,65.0,72.0,100,6.62,grid
2026-03-21T18:28:42.925049,7720,134.42,62.5,72.0,100,6.58,grid
2026-03-21T18:28:43.019032,7725,139.39,95.8,72.0,100,6.58,grid
2026-03-21T18:28:43.104031,7730,140.41,58.3,72.0,100,6.56,grid
2026-03-21T18:28:43.188030,7735,140.06,65.0,72.0,100,6.44,grid
2026-03-21T18:28:43.269031,7740,135.35,70.0,72.0,100,6.54,grid
2026-03-21T18:28:43.353032,7745,127.3,50.0,72.0,100,6.72,grid
2026-03-21T18:28:43.439029,7750,125.98,70.8,72.0,100,6.88,grid
2026-03-21T18:28:43.522033,7755,127.33,85.0,72.0,100,6.92,grid
2026-03-21T18:28:43.606032,7760,126.6,62.5,72.1,100,7.1,grid
2026-03-21T18:28:43.688031,7765,134.22,55.0,72.1,100,6.94,grid
2026-03-21T18:28:43.772031,7770,137.27,80.0,72.1,100,6.72,grid
2026-03-21T18:28:43.856031,7775,137.9,66.7,72.1,100,6.7,grid
2026-03-21T18:28:43.945054,7780,141.82,76.2,72.1,100,6.56,grid
2026-03-21T18:28:44.029051,7785,146.34,95.8,72.1,100,6.32,grid
2026-03-21T18:28:44.152032,7790,131.52,87.5,72.1,100,6.16,grid
2026-03-21T18:28:44.255270,7795,124.8,100.0,72.1,100,6.12,grid
2026-03-21T18:28:44.339722,7800,127.16,83.3,72.1,100,6.18,grid
2026-03-21T18:28:44.436472,7805,129.9,68.0,72.1,100,6.04,grid
2026-03-21T18:28:44.539471,7810,128.5,75.0,72.1,100,5.92,grid
2026-03-21T18:28:44.625473,7815,125.49,58.3,72.1,100,5.86,grid
2026-03-21T18:28:44.708471,7820,128.64,75.0,72.1,100,5.58,grid
2026-03-21T18:28:44.792007,7825,124.07,91.7,72.1,100,5.66,grid
2026-03-21T18:28:44.882024,7830,124.55,65.0,72.1,100,5.74,grid
2026-03-21T18:28:44.966026,7835,118.59,76.0,72.1,100,5.68,grid
2026-03-21T18:28:45.049008,7840,111.12,85.0,72.1,100,5.7,grid
2026-03-21T18:28:45.137006,7845,105.83,54.2,72.1,100,5.68,grid
2026-03-21T18:28:45.219005,7850,113.89,81.0,72.1,100,5.64,grid
2026-03-21T18:28:45.304006,7855,117.82,66.7,72.1,100,5.62,grid
2026-03-21T18:28:45.389003,7860,120.14,62.5,72.1,100,5.54,grid
2026-03-21T18:28:45.471005,7865,124.65,65.0,72.1,100,5.68,grid
2026-03-21T18:28:45.567008,7870,127.82,87.5,72.1,100,5.72,grid
2026-03-21T18:28:45.642009,7875,130.02,55.0,72.1,100,5.78,grid
2026-03-21T18:28:45.727043,7880,130.62,90.0,72.1,100,5.74,grid
2026-03-21T18:28:45.810055,7885,134.77,83.3,72.1,100,5.9,grid
2026-03-21T18:28:45.888004,7890,136.9,50.0,72.1,100,6.24,grid
2026-03-21T18:28:45.974042,7895,144.55,70.0,72.1,100,6.5,grid
2026-03-21T18:28:46.053003,7900,157.48,95.0,72.1,100,6.72,grid
2026-03-21T18:28:46.152006,7905,156.67,65.5,72.1,100,7.08,grid
2026-03-21T18:28:46.236005,7910,160.06,76.2,72.1,100,7.38,grid
2026-03-21T18:28:46.379007,7915,160.07,91.9,72.1,100,7.6,grid
2026-03-21T18:28:46.660296,7920,126.24,100.0,72.1,100,7.86,grid
2026-03-21T18:28:46.798818,7925,113.06,100.0,72.1,100,8.04,grid
2026-03-21T18:28:46.893055,7930,110.02,83.3,72.1,100,8.2,grid
2026-03-21T18:28:47.004051,7935,102.68,96.4,72.1,100,8.36,grid
2026-03-21T18:28:47.121052,7940,93.71,87.5,72.1,100,8.44,grid
2026-03-21T18:28:47.236049,7945,87.3,89.3,72.1,100,8.88,grid
2026-03-21T18:28:47.338051,7950,83.42,95.8,72.1,100,9.18,grid
2026-03-21T18:28:47.452051,7955,78.2,93.8,72.1,100,9.4,grid
2026-03-21T18:28:47.595049,7960,72.18,100.0,72.1,100,9.66,grid
2026-03-21T18:28:47.701051,7965,71.73,85.7,72.1,100,9.74,grid
2026-03-21T18:28:47.817051,7970,68.52,100.0,72.1,100,9.86,grid
2026-03-21T18:28:47.912129,7975,67.58,88.0,72.1,100,9.56,grid
2026-03-21T18:28:48.021125,7980,72.26,100.0,72.1,100,9.0,grid
2026-03-21T18:28:48.114176,7985,73.71,75.0,71.8,100,8.6,grid
2026-03-21T18:28:48.190131,7990,75.43,60.0,71.8,100,8.1,grid
2026-03-21T18:28:48.283129,7995,77.76,91.7,72.0,100,7.64,grid
2026-03-21T18:28:48.367122,8000,80.7,76.2,72.0,100,7.36,grid
2026-03-21T18:28:48.453128,8005,85.05,58.3,72.0,100,7.1,grid
2026-03-21T18:28:48.536125,8010,87.84,65.0,72.0,100,7.12,grid
2026-03-21T18:28:48.621128,8015,93.16,58.3,72.0,100,6.9,grid
2026-03-21T18:28:48.701125,8020,100.34,60.0,72.0,100,6.76,grid
2026-03-21T18:28:48.786126,8025,104.57,60.0,72.0,100,6.5,grid
2026-03-21T18:28:48.869123,8030,113.12,70.8,72.0,100,6.14,grid
2026-03-21T18:28:48.976130,8035,111.47,84.0,72.0,100,5.98,grid
2026-03-21T18:28:49.100108,8040,110.77,96.9,72.0,100,5.96,grid
2026-03-21T18:28:49.201097,8045,111.24,82.1,72.0,100,5.78,grid
2026-03-21T18:28:49.282681,8050,108.55,85.0,72.0,100,5.7,grid
2026-03-21T18:28:49.381683,8055,109.6,88.0,72.0,100,5.74,grid
2026-03-21T18:28:49.482684,8060,108.4,96.6,72.0,100,5.92,grid
2026-03-21T18:28:49.570680,8065,104.98,90.0,72.0,100,6.0,grid
2026-03-21T18:28:49.652682,8070,106.25,56.0,72.0,100,6.02,grid
2026-03-21T18:28:49.735678,8075,108.57,66.7,72.0,100,6.14,grid
2026-03-21T18:28:49.821681,8080,112.22,76.2,72.0,100,6.2,grid
2026-03-21T18:28:49.903681,8085,115.68,65.2,72.0,100,6.32,grid
2026-03-21T18:28:49.987682,8090,117.65,70.0,72.0,100,6.38,grid
2026-03-21T18:28:50.081684,8095,123.94,91.7,72.0,100,6.44,grid
2026-03-21T18:28:50.155733,8100,131.31,55.0,72.0,100,6.38,grid
2026-03-21T18:28:50.237680,8105,139.77,100.0,72.0,100,6.4,grid
2026-03-21T18:28:50.322687,8110,149.35,87.5,72.0,100,6.52,grid
2026-03-21T18:28:50.405690,8115,155.05,55.0,72.0,100,6.48,grid
2026-03-21T18:28:50.494694,8120,163.9,82.6,72.0,100,6.48,grid
2026-03-21T18:28:50.582683,8125,172.28,90.5,72.0,100,6.46,grid
2026-03-21T18:28:50.665681,8130,158.55,41.7,72.0,100,6.82,grid
2026-03-21T18:28:50.746734,8135,147.53,85.0,72.0,100,6.76,grid
2026-03-21T18:28:50.826728,8140,143.59,80.0,72.0,100,6.94,grid
2026-03-21T18:28:50.931682,8145,135.45,75.0,72.1,100,7.1,grid
2026-03-21T18:28:51.017689,8150,127.65,83.3,72.2,100,7.0,grid
2026-03-21T18:28:51.102681,8155,123.49,85.0,72.2,100,7.2,grid
2026-03-21T18:28:51.183681,8160,127.8,68.0,72.2,100,7.3,grid
2026-03-21T18:28:51.269679,8165,128.98,75.0,72.2,100,7.34,grid
2026-03-21T18:28:51.401683,8170,113.82,97.2,72.2,100,7.3,grid
2026-03-21T18:28:51.503794,8175,108.02,91.7,72.2,100,7.34,grid
2026-03-21T18:28:51.590364,8180,109.44,88.5,72.2,100,7.3,grid
2026-03-21T18:28:51.682363,8185,105.06,75.0,72.2,100,7.36,grid
2026-03-21T18:28:51.761367,8190,106.89,88.2,72.2,100,7.46,grid
2026-03-21T18:28:51.846373,8195,111.24,87.5,72.2,100,7.42,grid
2026-03-21T18:28:51.923365,8200,111.67,50.0,72.2,100,7.4,grid
2026-03-21T18:28:52.017367,8205,110.04,100.0,72.2,100,7.22,grid
2026-03-21T18:28:52.105381,8210,110.27,79.2,72.2,100,6.96,grid
2026-03-21T18:28:52.187364,8215,114.25,55.0,72.2,100,6.98,grid
2026-03-21T18:28:52.272366,8220,112.09,90.5,72.2,100,6.88,grid
2026-03-21T18:28:52.354368,8225,112.67,80.0,72.2,100,6.64,grid
2026-03-21T18:28:52.452361,8230,119.17,68.0,72.2,100,6.56,grid
2026-03-21T18:28:52.535363,8235,123.19,75.0,72.2,100,6.32,grid
2026-03-21T18:28:52.618365,8240,121.97,75.0,72.2,100,6.14,grid
2026-03-21T18:28:52.701362,8245,130.53,62.5,72.2,100,6.16,grid
2026-03-21T18:28:52.785361,8250,135.37,65.0,72.2,100,6.14,grid
2026-03-21T18:28:52.868364,8255,137.62,66.7,72.2,100,6.18,grid
2026-03-21T18:28:52.952365,8260,138.32,75.0,72.2,100,6.16,grid
2026-03-21T18:28:53.049365,8265,143.66,79.2,72.2,100,5.94,grid
2026-03-21T18:28:53.132363,8270,141.95,70.0,72.2,100,5.92,grid
2026-03-21T18:28:53.214363,8275,134.61,76.0,72.2,100,5.96,grid
2026-03-21T18:28:53.300369,8280,134.04,70.0,72.2,100,5.94,grid
2026-03-21T18:28:53.387364,8285,132.3,62.5,72.2,100,5.96,grid
2026-03-21T18:28:53.467383,8290,140.04,60.0,72.2,100,5.92,grid
2026-03-21T18:28:53.552381,8295,143.76,55.0,72.2,100,6.04,grid
2026-03-21T18:28:53.652364,8300,139.38,89.3,72.2,100,5.98,grid
2026-03-21T18:28:53.782347,8305,123.57,100.0,72.2,100,5.94,grid
2026-03-21T18:28:53.882793,8310,116.47,91.7,72.2,100,5.9,grid
2026-03-21T18:28:53.963263,8315,110.12,66.7,72.2,100,5.76,grid
2026-03-21T18:28:54.047256,8320,104.52,100.0,72.2,100,5.7,grid
2026-03-21T18:28:54.135258,8325,102.02,76.0,72.2,100,5.84,grid
2026-03-21T18:28:54.217258,8330,106.56,80.0,72.2,100,5.84,grid
2026-03-21T18:28:54.301276,8335,108.91,85.0,72.2,100,5.94,grid
2026-03-21T18:28:54.383257,8340,107.74,52.4,72.2,100,5.96,grid
2026-03-21T18:28:54.462258,8345,104.91,60.0,72.2,100,5.9,grid
2026-03-21T18:28:54.550261,8350,100.17,83.3,72.2,100,5.94,grid
2026-03-21T18:28:54.638266,8355,97.25,79.2,72.2,100,5.94,grid
2026-03-21T18:28:54.723295,8360,100.15,60.0,72.2,100,6.12,grid
2026-03-21T18:28:54.804264,8365,109.63,85.0,72.2,100,6.24,grid
2026-03-21T18:28:54.887290,8370,116.08,72.0,72.2,100,6.4,grid
2026-03-21T18:28:54.977284,8375,119.15,55.0,72.2,100,6.6,grid
2026-03-21T18:28:55.054314,8380,127.2,80.0,72.2,100,6.66,grid
2026-03-21T18:28:55.137284,8385,131.7,75.0,72.2,100,6.62,grid
2026-03-21T18:28:55.221268,8390,128.29,85.0,72.2,100,6.72,grid
2026-03-21T18:28:55.302257,8395,133.65,95.0,72.2,100,6.84,grid
2026-03-21T18:28:55.383256,8400,140.5,70.0,72.2,100,7.06,grid
2026-03-21T18:28:55.468257,8405,144.61,79.2,72.2,100,7.06,grid
2026-03-21T18:28:55.551257,8410,153.82,90.5,72.2,100,7.18,grid
2026-03-21T18:28:55.639262,8415,162.1,66.7,72.2,100,7.5,grid
2026-03-21T18:28:55.731258,8420,149.94,58.3,72.2,100,7.44,grid
2026-03-21T18:28:55.813256,8425,142.78,90.0,72.2,100,7.54,grid
2026-03-21T18:28:55.888262,8430,138.76,75.0,72.2,100,7.44,grid
2026-03-21T18:28:55.978265,8435,141.8,57.1,72.2,100,7.48,grid
2026-03-21T18:28:56.097260,8440,127.92,100.0,72.2,100,7.74,grid
2026-03-21T18:28:56.194995,8445,122.56,96.2,72.2,100,8.0,grid
2026-03-21T18:28:56.297388,8450,118.02,86.7,72.2,100,8.0,grid
2026-03-21T18:28:56.383383,8455,110.65,80.0,72.2,100,8.02,grid
2026-03-21T18:28:56.468384,8460,107.69,66.7,72.2,100,7.92,grid
2026-03-21T18:28:56.548385,8465,108.07,65.0,72.2,100,7.9,grid
2026-03-21T18:28:56.637391,8470,108.28,79.2,72.2,100,7.78,grid
2026-03-21T18:28:56.720403,8475,108.29,65.0,72.2,100,7.46,grid
2026-03-21T18:28:56.801384,8480,115.16,80.0,72.2,100,7.12,grid
2026-03-21T18:28:56.901384,8485,112.17,92.9,72.2,100,6.9,grid
2026-03-21T18:28:56.999384,8490,109.15,96.0,72.2,100,6.7,grid
2026-03-21T18:28:57.097383,8495,104.22,100.0,72.2,100,6.5,grid
2026-03-21T18:28:57.181384,8500,107.19,76.0,72.2,100,6.26,grid
2026-03-21T18:28:57.271405,8505,110.43,95.0,72.2,100,6.08,grid
2026-03-21T18:28:57.354388,8510,116.84,95.8,72.2,100,5.98,grid
2026-03-21T18:28:57.437388,8515,122.3,80.0,72.2,100,5.84,grid
2026-03-21T18:28:57.518385,8520,126.11,60.0,72.2,100,5.56,grid
2026-03-21T18:28:57.600383,8525,126.87,95.0,72.2,100,5.52,grid
2026-03-21T18:28:57.683383,8530,127.69,62.5,72.2,100,5.48,grid
2026-03-21T18:28:57.770387,8535,126.9,70.0,72.2,100,5.42,grid
2026-03-21T18:28:57.853410,8540,126.08,88.5,72.2,100,5.42,grid
2026-03-21T18:28:57.935382,8545,135.16,60.0,72.2,100,5.36,grid
2026-03-21T18:28:58.023388,8550,143.25,80.0,72.2,100,5.38,grid
2026-03-21T18:28:58.101384,8555,155.9,85.0,72.2,100,5.42,grid
2026-03-21T18:28:58.184385,8560,172.09,70.8,72.2,100,5.52,grid
2026-03-21T18:28:58.267383,8565,180.32,52.4,72.2,100,5.44,grid
2026-03-21T18:28:58.354384,8570,182.56,79.2,72.2,100,5.5,grid
2026-03-21T18:28:58.479397,8575,161.9,90.6,72.2,100,5.48,grid
2026-03-21T18:28:58.576329,8580,151.76,91.7,72.2,100,5.44,grid
2026-03-21T18:28:58.661277,8585,146.36,73.9,72.2,100,5.32,grid
2026-03-21T18:28:58.736264,8590,144.15,60.0,72.3,100,5.3,grid
2026-03-21T18:28:58.816233,8595,147.29,75.0,72.3,100,5.4,grid
2026-03-21T18:28:58.900234,8600,148.79,75.0,72.3,100,5.36,grid
2026-03-21T18:28:58.995237,8605,138.16,91.7,72.3,100,5.2,grid
2026-03-21T18:28:59.078243,8610,132.94,87.5,72.3,100,5.24,grid
2026-03-21T18:28:59.160265,8615,125.68,77.3,72.3,100,5.14,grid
2026-03-21T18:28:59.244246,8620,122.56,50.0,72.3,100,5.22,grid
2026-03-21T18:28:59.317236,8625,122.55,81.2,72.3,100,5.18,grid
2026-03-21T18:28:59.398234,8630,122.6,75.0,72.3,100,5.36,grid
2026-03-21T18:28:59.483236,8635,133.85,66.7,72.3,100,5.6,grid
2026-03-21T18:28:59.570254,8640,138.14,75.0,72.3,100,5.84,grid
2026-03-21T18:28:59.650235,8645,145.03,75.0,72.3,100,6.06,grid
2026-03-21T18:28:59.734232,8650,146.19,70.8,72.3,100,6.4,grid
2026-03-21T18:28:59.815239,8655,139.77,75.0,72.3,100,6.42,grid
2026-03-21T18:28:59.897231,8660,134.48,76.2,72.3,100,6.78,grid
2026-03-21T18:28:59.982233,8665,141.17,64.0,72.3,100,7.02,grid
2026-03-21T18:29:00.080235,8670,138.61,87.5,72.3,100,7.36,grid
2026-03-21T18:29:00.165235,8675,135.52,65.0,72.3,100,7.34,grid
2026-03-21T18:29:00.247237,8680,131.12,66.7,72.3,100,7.88,grid
2026-03-21T18:29:00.330233,8685,124.9,90.0,72.3,100,8.14,grid
2026-03-21T18:29:00.463232,8690,113.52,80.0,72.3,100,8.46,grid
2026-03-21T18:29:00.666466,8695,109.34,92.7,72.3,100,8.48,grid
2026-03-21T18:29:00.767464,8700,107.38,79.2,72.3,100,8.22,grid
2026-03-21T18:29:00.898116,8705,100.04,100.0,72.3,100,8.14,grid
2026-03-21T18:29:00.997358,8710,94.7,82.1,72.3,100,7.88,grid
2026-03-21T18:29:01.095367,8715,92.78,83.3,72.0,100,7.86,grid
2026-03-21T18:29:01.182360,8720,90.51,91.7,72.0,100,7.6,grid
2026-03-21T18:29:01.265359,8725,89.97,60.0,72.0,100,7.38,grid
2026-03-21T18:29:01.347359,8730,92.75,80.0,72.0,100,7.32,grid
2026-03-21T18:29:01.429356,8735,96.48,57.1,72.0,100,7.06,grid
2026-03-21T18:29:01.515360,8740,99.21,68.0,72.0,100,6.8,grid
2026-03-21T18:29:01.606391,8745,102.93,70.8,72.0,100,6.48,grid
2026-03-21T18:29:01.693360,8750,107.15,80.0,72.0,100,6.42,grid
2026-03-21T18:29:01.778357,8755,107.15,87.5,72.0,100,6.14,grid
2026-03-21T18:29:01.867360,8760,105.06,95.0,72.0,100,6.1,grid
2026-03-21T18:29:01.961360,8765,106.36,92.0,72.0,100,5.96,grid
2026-03-21T18:29:02.051369,8770,108.24,100.0,72.0,100,6.12,grid
2026-03-21T18:29:02.145361,8775,107.26,100.0,72.0,100,6.28,grid
2026-03-21T18:29:02.249369,8780,104.66,93.1,72.0,100,6.52,grid
2026-03-21T18:29:02.345360,8785,102.67,100.0,72.0,100,6.5,grid
2026-03-21T18:29:02.448362,8790,98.27,96.4,72.0,100,6.38,grid
2026-03-21T18:29:02.531358,8795,97.8,70.0,72.0,100,6.52,grid
2026-03-21T18:29:02.624361,8800,97.62,70.8,72.0,100,6.6,grid
2026-03-21T18:29:02.713356,8805,93.07,64.0,72.0,100,6.6,grid
2026-03-21T18:29:02.797359,8810,93.21,76.2,72.0,100,6.54,grid
2026-03-21T18:29:02.877361,8815,93.06,90.0,72.0,100,6.6,grid
2026-03-21T18:29:02.961360,8820,93.07,70.0,72.0,100,6.52,grid
2026-03-21T18:29:03.042363,8825,94.06,84.0,72.0,100,6.78,grid
2026-03-21T18:29:03.145359,8830,91.46,100.0,72.0,100,7.02,grid
2026-03-21T18:29:03.250523,8835,89.42,100.0,72.0,100,7.3,grid
2026-03-21T18:29:03.346127,8840,91.11,100.0,72.0,100,7.6,grid
2026-03-21T18:29:03.423161,8845,91.1,81.0,72.0,100,7.68,grid
2026-03-21T18:29:03.514129,8850,92.8,75.0,72.0,100,7.52,grid
2026-03-21T18:29:03.597128,8855,93.8,70.0,72.0,100,7.36,grid
2026-03-21T18:29:03.681135,8860,93.67,72.0,72.0,100,7.32,grid
2026-03-21T18:29:03.764131,8865,95.8,60.0,72.0,100,7.28,grid
2026-03-21T18:29:03.847134,8870,95.51,90.0,72.0,100,7.32,grid
2026-03-21T18:29:03.932130,8875,97.25,62.5,72.0,100,7.46,grid
2026-03-21T18:29:04.015128,8880,101.9,60.0,72.0,100,7.56,grid
2026-03-21T18:29:04.100128,8885,104.26,80.0,72.0,100,7.78,grid
2026-03-21T18:29:04.178128,8890,113.99,65.0,72.0,100,8.06,grid
2026-03-21T18:29:04.264128,8895,120.9,70.8,72.0,100,8.2,grid
2026-03-21T18:29:04.347128,8900,123.82,90.0,72.0,100,8.44,grid
2026-03-21T18:29:04.448129,8905,122.06,100.0,72.0,100,8.5,grid
2026-03-21T18:29:04.547129,8910,119.85,95.8,72.0,100,8.34,grid
2026-03-21T18:29:04.630131,8915,117.31,90.0,72.0,100,8.12,grid
2026-03-21T18:29:04.727136,8920,111.4,91.7,72.0,100,7.98,grid
2026-03-21T18:29:04.818139,8925,108.13,91.7,72.0,100,7.64,grid
2026-03-21T18:29:04.912131,8930,108.89,91.7,72.0,100,7.22,grid
2026-03-21T18:29:04.993138,8935,107.11,57.1,72.0,100,6.9,grid
2026-03-21T18:29:05.076130,8940,102.51,79.2,72.0,100,6.74,grid
2026-03-21T18:29:05.158152,8945,99.25,85.0,72.0,100,6.36,grid
2026-03-21T18:29:05.245128,8950,94.39,58.3,72.0,100,6.16,grid
2026-03-21T18:29:05.322157,8955,94.79,88.2,72.0,100,6.02,grid
2026-03-21T18:29:05.409175,8960,96.74,91.7,72.0,100,6.06,grid
2026-03-21T18:29:05.507131,8965,98.02,76.0,72.0,100,6.04,grid
2026-03-21T18:29:05.620138,8970,95.21,96.4,72.0,100,6.06,grid
2026-03-21T18:29:05.760341,8975,89.18,100.0,72.0,100,5.96,grid
2026-03-21T18:29:05.871351,8980,89.86,100.0,72.0,100,6.08,grid
2026-03-21T18:29:05.961339,8985,90.27,80.0,72.0,100,6.2,grid
2026-03-21T18:29:06.064335,8990,89.47,89.3,72.0,100,6.3,grid
2026-03-21T18:29:06.147338,8995,93.97,60.0,72.0,100,6.42,grid
2026-03-21T18:29:06.230339,9000,99.27,56.5,72.0,100,6.46,grid
2026-03-21T18:29:06.314336,9005,104.28,66.7,72.0,100,6.66,grid
2026-03-21T18:29:06.397336,9010,110.45,81.0,72.0,100,6.76,grid
2026-03-21T18:29:06.484345,9015,113.62,58.3,72.0,100,6.86,grid
2026-03-21T18:29:06.562337,9020,116.29,35.0,72.0,100,6.84,grid
2026-03-21T18:29:06.646341,9025,123.27,55.0,71.7,100,6.74,grid
2026-03-21T18:29:06.729367,9030,138.78,44.0,71.8,100,6.6,grid
2026-03-21T18:29:06.813337,9035,160.27,33.3,71.8,100,6.52,grid
2026-03-21T18:29:06.896341,9040,176.37,50.0,71.8,100,6.52,grid
2026-03-21T18:29:06.978372,9045,196.01,66.7,71.8,100,6.36,grid
2026-03-21T18:29:07.059341,9050,220.54,41.7,71.8,100,6.2,grid
2026-03-21T18:29:07.141452,9055,219.74,10.0,71.8,100,6.1,grid
2026-03-21T18:29:07.224678,9060,221.52,10.0,71.8,100,6.28,grid
2026-03-21T18:29:07.307983,9065,227.53,25.0,71.8,100,6.2,grid
2026-03-21T18:29:07.395215,9070,220.04,15.0,71.8,100,6.1,grid
2026-03-21T18:29:07.474192,9075,218.88,15.0,71.8,100,6.02,grid
2026-03-21T18:29:07.558149,9080,215.22,38.5,71.8,100,6.04,grid
2026-03-21T18:29:07.639463,9085,206.89,30.0,71.8,100,6.12,grid
2026-03-21T18:29:07.722850,9090,195.88,30.0,71.8,100,6.0,grid
2026-03-21T18:29:07.804158,9095,189.86,15.0,71.8,100,5.92,grid
2026-03-21T18:29:07.887549,9100,187.32,41.7,71.8,100,5.86,grid
2026-03-21T18:29:07.974519,9105,168.76,80.0,71.8,100,5.7,grid
2026-03-21T18:29:08.056509,9110,156.13,55.0,71.8,100,5.68,grid
2026-03-21T18:29:08.133445,9115,154.0,47.6,71.8,100,5.74,grid
2026-03-21T18:29:08.221437,9120,146.81,45.8,71.8,100,5.74,grid
2026-03-21T18:29:08.306327,9125,139.34,18.2,71.8,100,5.66,grid
2026-03-21T18:29:08.387415,9130,137.34,28.6,71.8,100,5.6,grid
2026-03-21T18:29:08.464402,9135,139.74,55.0,71.8,100,5.7,grid
2026-03-21T18:29:08.547403,9140,141.29,13.0,71.8,100,5.78,grid
2026-03-21T18:29:08.628923,9145,146.47,14.3,71.8,100,5.72,grid
2026-03-21T18:29:08.712918,9150,153.18,39.1,71.8,100,5.64,grid
2026-03-21T18:29:08.888918,9155,136.82,87.5,71.8,100,5.88,grid
2026-03-21T18:29:08.970918,9160,135.61,40.0,71.8,100,6.06,grid
2026-03-21T18:29:09.053184,9165,146.23,0.0,71.8,100,6.14,grid
2026-03-21T18:29:09.134299,9170,153.19,39.1,71.8,100,6.32,grid
2026-03-21T18:29:09.213299,9175,156.13,55.0,71.8,100,6.58,grid
2026-03-21T18:29:09.302299,9180,160.68,54.5,71.8,100,6.84,grid
2026-03-21T18:29:09.383300,9185,156.81,90.0,71.9,100,7.06,grid
2026-03-21T18:29:09.459300,9190,161.53,52.4,71.9,100,7.22,grid
2026-03-21T18:29:09.539300,9195,159.81,40.0,71.9,100,7.2,grid
2026-03-21T18:29:09.624305,9200,158.54,58.3,71.9,100,7.26,grid
2026-03-21T18:29:09.709300,9205,153.98,40.0,71.9,100,7.3,grid
2026-03-21T18:29:09.792298,9210,150.89,16.7,71.9,100,7.22,grid
2026-03-21T18:29:09.872299,9215,173.12,30.0,71.9,100,7.2,grid
2026-03-21T18:29:09.949301,9220,175.14,50.0,71.9,100,7.26,grid
2026-03-21T18:29:10.029952,9225,177.27,21.1,71.9,100,7.1,grid
2026-03-21T18:29:10.109322,9230,183.8,9.5,71.9,100,7.0,grid
2026-03-21T18:29:10.298016,9235,175.64,75.0,71.9,100,6.82,grid
2026-03-21T18:29:10.385698,9240,170.34,83.3,71.9,100,7.02,grid
2026-03-21T18:29:10.466111,9245,183.97,42.1,71.9,100,6.94,grid
2026-03-21T18:29:10.548899,9250,186.89,4.8,71.9,100,6.92,grid
2026-03-21T18:29:10.633558,9255,186.39,18.2,71.9,100,6.74,grid
2026-03-21T18:29:10.714484,9260,188.27,50.0,71.9,100,6.62,grid
2026-03-21T18:29:10.798302,9265,195.86,4.8,71.9,100,6.48,grid
2026-03-21T18:29:10.881056,9270,201.84,0.0,71.9,100,6.4,grid
2026-03-21T18:29:10.961742,9275,210.39,9.5,71.9,100,6.4,grid
2026-03-21T18:29:11.044824,9280,215.1,45.8,71.9,100,6.46,grid
2026-03-21T18:29:11.128475,9285,216.82,15.0,71.9,100,6.48,grid
2026-03-21T18:29:11.210928,9290,216.92,31.8,71.9,100,6.54,grid
2026-03-21T18:29:11.294366,9295,228.68,32.0,71.9,100,6.5,grid
2026-03-21T18:29:11.376275,9300,246.39,0.0,71.9,100,6.42,grid
2026-03-21T18:29:11.456969,9305,250.47,28.6,71.9,100,6.44,grid
2026-03-21T18:29:11.539003,9310,252.47,5.0,71.9,100,6.54,grid
2026-03-21T18:29:11.623295,9315,256.75,30.4,71.9,100,6.7,grid
2026-03-21T18:29:11.704839,9320,258.8,23.8,71.9,100,6.92,grid
2026-03-21T18:29:11.787695,9325,259.59,0.0,71.9,100,6.9,grid
2026-03-21T18:29:11.871819,9330,259.64,29.2,71.9,100,6.94,grid
2026-03-21T18:29:11.953779,9335,259.47,22.7,71.9,100,6.98,grid
2026-03-21T18:29:12.035975,9340,260.46,0.0,71.9,100,6.92,grid
2026-03-21T18:29:12.126142,9345,244.22,13.0,71.9,100,6.78,grid
2026-03-21T18:29:12.204729,9350,235.41,23.8,71.9,100,6.56,grid
2026-03-21T18:29:12.286691,9355,238.86,0.0,71.9,100,6.48,grid
2026-03-21T18:29:12.369914,9360,237.72,22.7,71.9,100,6.26,grid
2026-03-21T18:29:12.453188,9365,238.71,31.8,71.9,100,6.0,grid
2026-03-21T18:29:12.539737,9370,230.55,30.0,71.9,100,5.84,grid
