timestamp,frame,fps,cpu_percent,memory_mb,num_drones,avg_neighbors,method
2026-04-18T12:15:08.354464,5,128.19,95.9,67.1,100,0.98,grid
2026-04-18T12:15:08.664270,10,83.63,100.0,67.2,100,1.2,grid
2026-04-18T12:15:08.857112,15,79.98,100.0,67.2,100,1.32,grid
2026-04-18T12:15:09.076535,20,81.6,100.0,67.3,100,1.42,grid
2026-04-18T12:15:09.232247,25,88.31,100.0,67.3,100,1.5,grid
2026-04-18T12:15:09.352937,30,93.45,100.0,67.3,100,1.6,grid
2026-04-18T12:15:09.500946,35,96.51,100.0,67.3,100,1.78,grid
2026-04-18T12:15:09.621290,40,97.29,100.0,67.3,100,1.94,grid
2026-04-18T12:15:09.736522,45,99.05,100.0,67.3,100,2.18,grid
2026-04-18T12:15:09.894521,50,98.43,100.0,67.3,100,2.28,grid
2026-04-18T12:15:09.989270,55,100.17,100.0,67.4,100,2.36,grid
2026-04-18T12:15:10.084596,60,103.55,100.0,67.4,100,2.38,grid
2026-04-18T12:15:10.186295,65,105.82,100.0,67.4,100,2.26,grid
2026-04-18T12:15:10.296987,70,112.75,100.0,67.4,100,2.28,grid
2026-04-18T12:15:10.396599,75,118.56,100.0,67.4,100,2.54,grid
2026-04-18T12:15:10.485461,80,125.16,100.0,67.4,100,2.9,grid
2026-04-18T12:15:10.572439,85,129.19,100.0,67.4,100,3.14,grid
2026-04-18T12:15:10.665198,90,130.6,100.0,67.4,100,3.3,grid
2026-04-18T12:15:10.753287,95,135.18,100.0,67.4,100,3.78,grid
2026-04-18T12:15:10.882311,100,140.54,100.0,67.5,100,4.18,grid
2026-04-18T12:15:10.988540,105,144.59,100.0,67.5,100,4.28,grid
2026-04-18T12:15:11.082442,110,153.43,100.0,67.5,100,4.26,grid
2026-04-18T12:15:11.175154,115,159.17,100.0,67.5,100,4.22,grid
2026-04-18T12:15:11.268332,120,157.17,100.0,67.5,100,4.08,grid
2026-04-18T12:15:11.366516,125,153.74,100.0,67.5,100,4.3,grid
2026-04-18T12:15:11.483470,130,152.99,100.0,67.5,100,4.98,grid
2026-04-18T12:15:11.588801,135,157.25,100.0,67.5,100,5.44,grid
2026-04-18T12:15:11.703037,140,150.76,100.0,67.5,100,5.8,grid
2026-04-18T12:15:11.800587,145,145.68,95.8,67.5,100,5.62,grid
2026-04-18T12:15:11.905283,150,145.23,100.0,67.6,100,5.26,grid
2026-04-18T12:15:12.014668,155,140.13,100.0,67.6,100,5.3,grid
2026-04-18T12:15:12.115119,160,140.64,100.0,67.6,100,4.82,grid
2026-04-18T12:15:12.211769,165,142.56,100.0,67.6,100,4.8,grid
2026-04-18T12:15:12.317413,170,139.24,100.0,67.6,100,4.78,grid
2026-04-18T12:15:12.405806,175,140.15,100.0,67.6,100,4.66,grid
2026-04-18T12:15:12.501454,180,142.18,91.7,67.6,100,4.56,grid
2026-04-18T12:15:12.588865,185,148.16,85.7,67.6,100,4.38,grid
2026-04-18T12:15:12.674437,190,158.63,64.0,67.6,100,4.32,grid
2026-04-18T12:15:12.767424,195,161.77,62.5,67.6,100,4.28,grid
2026-04-18T12:15:12.853046,200,172.17,75.0,67.7,100,4.38,grid
2026-04-18T12:15:12.967243,205,171.6,84.8,67.7,100,4.4,grid
2026-04-18T12:15:13.066278,210,171.43,100.0,67.7,100,4.4,grid
2026-04-18T12:15:13.169368,215,177.59,80.0,67.7,100,4.2,grid
2026-04-18T12:15:13.254991,220,180.0,86.4,67.7,100,4.06,grid
2026-04-18T12:15:13.352125,225,177.55,91.7,67.7,100,4.12,grid
2026-04-18T12:15:13.525673,230,167.5,100.0,67.7,100,4.28,grid
2026-04-18T12:15:13.651534,235,161.11,96.9,67.7,100,4.68,grid
2026-04-18T12:15:13.857001,240,145.87,100.0,67.7,100,4.86,grid
2026-04-18T12:15:14.021732,245,133.9,100.0,67.8,100,5.18,grid
2026-04-18T12:15:14.116480,250,131.8,95.8,67.8,100,5.22,grid
2026-04-18T12:15:14.217426,255,129.33,85.7,67.8,100,5.36,grid
2026-04-18T12:15:14.338442,260,126.01,96.4,67.8,100,5.56,grid
2026-04-18T12:15:14.441685,265,127.13,96.4,67.8,100,5.48,grid
2026-04-18T12:15:14.552207,270,124.77,96.4,67.8,100,5.28,grid
2026-04-18T12:15:14.668636,275,124.31,100.0,67.8,100,5.4,grid
2026-04-18T12:15:14.785588,280,119.47,90.9,67.8,100,5.42,grid
2026-04-18T12:15:14.870295,285,119.85,81.0,67.8,100,5.32,grid
2026-04-18T12:15:14.969420,290,127.19,71.4,67.8,100,5.12,grid
2026-04-18T12:15:15.067547,295,128.37,84.0,67.8,100,5.12,grid
2026-04-18T12:15:15.170026,300,136.89,87.1,67.8,100,5.08,grid
2026-04-18T12:15:15.266025,305,145.5,75.0,67.9,100,5.12,grid
2026-04-18T12:15:15.371650,310,143.96,82.8,68.0,100,5.3,grid
2026-04-18T12:15:15.466130,315,143.33,90.9,68.0,100,5.34,grid
2026-04-18T12:15:15.565639,320,146.19,86.7,68.0,100,5.5,grid
2026-04-18T12:15:15.670927,325,146.88,93.1,68.0,100,5.48,grid
2026-04-18T12:15:15.788697,330,150.96,100.0,68.0,100,5.42,grid
2026-04-18T12:15:15.899065,335,147.69,100.0,68.0,100,5.44,grid
2026-04-18T12:15:16.205121,340,141.07,100.0,68.0,100,5.32,grid
2026-04-18T12:15:16.384605,345,134.83,100.0,68.0,100,5.2,grid
2026-04-18T12:15:16.508339,350,133.23,100.0,68.0,100,4.98,grid
2026-04-18T12:15:16.607601,355,133.07,100.0,68.0,100,4.86,grid
2026-04-18T12:15:16.717840,360,132.08,100.0,68.0,100,4.86,grid
2026-04-18T12:15:16.818297,365,131.14,100.0,68.0,100,4.74,grid
2026-04-18T12:15:16.919558,370,130.41,100.0,68.0,100,4.74,grid
2026-04-18T12:15:17.018508,375,131.13,100.0,68.0,100,4.7,grid
2026-04-18T12:15:17.134105,380,127.23,96.9,68.0,100,4.74,grid
2026-04-18T12:15:17.237624,385,126.95,92.9,68.0,100,5.02,grid
2026-04-18T12:15:17.333212,390,125.57,84.6,68.0,100,5.4,grid
2026-04-18T12:15:17.436781,395,126.64,96.6,68.0,100,5.58,grid
2026-04-18T12:15:17.548779,400,131.96,92.9,68.0,100,5.76,grid
2026-04-18T12:15:17.666478,405,133.13,92.9,68.0,100,6.0,grid
2026-04-18T12:15:17.768685,410,134.45,100.0,68.0,100,6.3,grid
2026-04-18T12:15:17.877219,415,134.16,92.9,68.0,100,6.38,grid
2026-04-18T12:15:17.984830,420,136.07,100.0,68.0,100,6.12,grid
2026-04-18T12:15:18.085323,425,137.81,84.6,68.0,100,5.7,grid
2026-04-18T12:15:18.182381,430,138.61,88.0,68.0,100,5.44,grid
2026-04-18T12:15:18.269437,435,142.2,45.8,68.0,100,5.22,grid
2026-04-18T12:15:18.368644,440,147.1,92.3,68.0,100,5.0,grid
2026-04-18T12:15:18.554768,445,141.83,98.1,68.0,100,4.92,grid
2026-04-18T12:15:18.741467,450,137.04,100.0,68.0,100,4.98,grid
2026-04-18T12:15:18.978404,455,133.38,100.0,68.0,100,5.28,grid
2026-04-18T12:15:19.316052,460,133.59,100.0,68.0,100,5.64,grid
2026-04-18T12:15:19.584623,465,119.73,100.0,68.0,100,5.7,grid
2026-04-18T12:15:19.818199,470,110.2,100.0,68.0,100,5.68,grid
2026-04-18T12:15:19.904422,475,111.65,92.0,68.0,100,5.8,grid
2026-04-18T12:15:19.988380,480,115.17,80.0,68.0,100,5.72,grid
2026-04-18T12:15:20.070626,485,117.06,65.0,68.0,100,5.8,grid
2026-04-18T12:15:20.154410,490,120.98,70.8,68.0,100,5.86,grid
2026-04-18T12:15:20.240289,495,122.81,19.0,68.0,100,5.84,grid
2026-04-18T12:15:20.319485,500,125.59,40.0,68.0,100,6.08,grid
2026-04-18T12:15:20.403679,505,133.46,60.0,68.0,100,6.16,grid
2026-04-18T12:15:20.490207,510,143.8,66.7,68.1,100,6.18,grid
2026-04-18T12:15:20.571568,515,156.36,50.0,68.1,100,6.14,grid
2026-04-18T12:15:20.654909,520,170.41,33.3,68.1,100,5.84,grid
2026-04-18T12:15:20.735603,525,220.71,52.4,68.1,100,5.74,grid
2026-04-18T12:15:20.818156,530,288.57,40.0,68.1,100,5.7,grid
2026-04-18T12:15:20.903223,535,305.64,85.0,68.1,100,5.98,grid
2026-04-18T12:15:20.984451,540,307.24,75.0,68.1,100,5.84,grid
2026-04-18T12:15:21.087580,545,288.99,83.3,68.1,100,5.6,grid
2026-04-18T12:15:21.177366,550,273.0,76.0,68.1,100,5.24,grid
2026-04-18T12:15:21.261187,555,271.35,65.0,68.1,100,5.22,grid
2026-04-18T12:15:21.343286,560,279.71,43.5,68.1,100,4.7,grid
2026-04-18T12:15:21.431913,565,274.5,61.9,68.1,100,4.56,grid
2026-04-18T12:15:21.531088,570,254.77,100.0,68.1,100,4.38,grid
2026-04-18T12:15:21.616701,575,242.16,90.0,68.1,100,4.56,grid
2026-04-18T12:15:21.698171,580,237.66,60.0,68.1,100,4.48,grid
2026-04-18T12:15:21.779532,585,230.8,75.0,68.1,100,4.84,grid
2026-04-18T12:15:21.862531,590,227.25,15.0,68.1,100,5.12,grid
2026-04-18T12:15:21.947404,595,225.35,65.0,68.2,100,5.36,grid
2026-04-18T12:15:22.027714,600,226.9,70.0,68.2,100,5.36,grid
2026-04-18T12:15:22.110586,605,238.12,54.2,68.2,100,5.4,grid
2026-04-18T12:15:22.196389,610,246.01,60.0,68.2,100,5.24,grid
2026-04-18T12:15:22.280874,615,240.23,66.7,68.2,100,5.18,grid
2026-04-18T12:15:22.363207,620,232.3,40.0,68.2,100,5.1,grid
2026-04-18T12:15:22.444263,625,233.03,35.0,68.2,100,5.2,grid
2026-04-18T12:15:22.677443,630,235.09,96.7,68.2,100,5.28,grid
2026-04-18T12:15:22.760101,635,244.41,35.0,68.2,100,5.54,grid
2026-04-18T12:15:22.841618,640,251.46,60.9,68.2,100,5.74,grid
2026-04-18T12:15:22.954263,645,239.61,86.2,68.2,100,6.16,grid
2026-04-18T12:15:23.034636,650,242.97,30.0,68.2,100,6.22,grid
2026-04-18T12:15:23.118292,655,248.16,50.0,68.2,100,6.82,grid
2026-04-18T12:15:23.203464,660,254.62,54.2,68.2,100,7.24,grid
2026-04-18T12:15:23.286226,665,257.34,33.3,68.2,100,7.52,grid
2026-04-18T12:15:23.369435,670,262.95,50.0,68.2,100,7.72,grid
2026-04-18T12:15:23.464634,675,261.95,76.0,68.2,100,7.94,grid
2026-04-18T12:15:23.573310,680,247.13,96.6,68.2,100,8.32,grid
2026-04-18T12:15:23.758412,685,208.28,100.0,68.2,100,8.76,grid
2026-04-18T12:15:23.869778,690,205.07,96.7,68.2,100,8.56,grid
2026-04-18T12:15:23.961266,695,195.0,83.3,68.2,100,8.32,grid
2026-04-18T12:15:24.040145,700,190.53,50.0,68.2,100,7.92,grid
2026-04-18T12:15:24.135286,705,195.72,66.7,68.3,100,7.3,grid
2026-04-18T12:15:24.215792,710,191.68,62.5,68.3,100,7.08,grid
2026-04-18T12:15:24.299423,715,188.65,70.0,68.3,100,7.06,grid
2026-04-18T12:15:24.382915,720,183.03,20.0,68.3,100,7.24,grid
2026-04-18T12:15:24.478101,725,178.13,75.0,68.3,100,7.18,grid
2026-04-18T12:15:24.563671,730,174.51,75.0,68.3,100,7.08,grid
2026-04-18T12:15:24.646309,735,177.17,61.9,68.3,100,7.2,grid
2026-04-18T12:15:24.740470,740,183.11,41.7,68.3,100,7.76,grid
2026-04-18T12:15:24.836876,745,210.94,75.0,68.3,100,8.4,grid
2026-04-18T12:15:24.917047,750,224.53,71.4,68.3,100,8.98,grid
2026-04-18T12:15:24.997388,755,236.12,70.8,68.4,100,9.5,grid
2026-04-18T12:15:25.092106,760,228.07,58.3,68.4,100,9.62,grid
2026-04-18T12:15:25.172880,765,237.76,45.0,68.4,100,9.06,grid
2026-04-18T12:15:25.260583,770,236.11,30.0,68.4,100,8.26,grid
2026-04-18T12:15:25.337562,775,240.37,30.0,68.4,100,7.42,grid
2026-04-18T12:15:25.428825,780,233.55,66.7,68.4,100,6.7,grid
2026-04-18T12:15:25.519874,785,230.24,83.3,68.4,100,6.26,grid
2026-04-18T12:15:25.605471,790,226.7,90.0,68.4,100,5.96,grid
2026-04-18T12:15:25.690595,795,216.73,91.7,68.4,100,5.86,grid
2026-04-18T12:15:25.772986,800,214.58,85.0,68.4,100,5.72,grid
2026-04-18T12:15:25.867087,805,211.05,83.3,68.4,100,5.74,grid
2026-04-18T12:15:25.961913,810,199.71,92.0,68.4,100,5.86,grid
2026-04-18T12:15:26.044002,815,199.34,54.2,68.4,100,6.04,grid
2026-04-18T12:15:26.123620,820,206.49,65.0,68.4,100,6.22,grid
2026-04-18T12:15:26.207059,825,206.22,40.0,68.4,100,6.68,grid
2026-04-18T12:15:26.289034,830,210.77,25.0,68.4,100,6.6,grid
2026-04-18T12:15:26.373621,835,209.75,62.5,68.4,100,6.98,grid
2026-04-18T12:15:26.457504,840,212.0,60.0,68.4,100,7.06,grid
2026-04-18T12:15:26.579285,845,204.22,84.8,68.4,100,7.02,grid
2026-04-18T12:15:26.670257,850,204.36,70.8,68.4,100,6.96,grid
2026-04-18T12:15:26.755643,855,212.45,30.0,68.5,100,6.66,grid
2026-04-18T12:15:26.836560,860,221.11,55.0,68.5,100,6.72,grid
2026-04-18T12:15:26.921487,865,230.73,50.0,68.5,100,6.48,grid
2026-04-18T12:15:27.006290,870,250.13,35.0,68.5,100,6.08,grid
2026-04-18T12:15:27.085716,875,254.47,35.0,68.5,100,5.94,grid
2026-04-18T12:15:27.170293,880,244.81,66.7,68.5,100,5.76,grid
2026-04-18T12:15:27.250459,885,242.45,50.0,68.5,100,5.42,grid
2026-04-18T12:15:27.333490,890,242.02,50.0,68.5,100,4.96,grid
2026-04-18T12:15:27.416309,895,245.35,25.0,68.5,100,4.72,grid
2026-04-18T12:15:27.500823,900,253.71,39.1,68.5,100,4.64,grid
2026-04-18T12:15:27.587433,905,281.39,76.2,68.5,100,4.62,grid
2026-04-18T12:15:27.672939,910,289.35,70.8,68.5,100,4.5,grid
2026-04-18T12:15:27.753898,915,292.03,25.0,68.5,100,4.46,grid
2026-04-18T12:15:27.834574,920,294.74,25.0,68.5,100,4.5,grid
2026-04-18T12:15:27.920086,925,300.08,54.2,68.5,100,4.72,grid
2026-04-18T12:15:28.003435,930,301.52,50.0,68.5,100,4.84,grid
2026-04-18T12:15:28.096535,935,279.63,83.3,68.5,100,4.96,grid
2026-04-18T12:15:28.195207,940,266.83,87.5,68.5,100,5.42,grid
2026-04-18T12:15:28.286141,945,257.12,79.2,68.5,100,5.8,grid
2026-04-18T12:15:28.366512,950,254.38,50.0,68.5,100,6.44,grid
2026-04-18T12:15:28.465796,955,242.79,75.0,68.5,100,7.1,grid
2026-04-18T12:15:28.594085,960,217.33,97.2,68.5,100,7.0,grid
2026-04-18T12:15:28.716001,965,199.57,100.0,68.5,100,6.54,grid
2026-04-18T12:15:28.824006,970,185.74,96.4,68.5,100,5.92,grid
2026-04-18T12:15:28.923176,975,175.48,100.0,68.5,100,5.78,grid
2026-04-18T12:15:29.009944,980,171.32,70.0,68.5,100,5.44,grid
2026-04-18T12:15:29.093269,985,171.53,70.8,68.5,100,5.12,grid
2026-04-18T12:15:29.178550,990,171.98,40.0,68.5,100,4.78,grid
2026-04-18T12:15:29.263812,995,177.66,39.1,68.5,100,4.72,grid
2026-04-18T12:15:29.344908,1000,188.78,40.0,68.5,100,4.82,grid
2026-04-18T12:15:29.431488,1005,194.21,33.3,68.5,100,5.12,grid
2026-04-18T12:15:29.541583,1010,183.91,96.6,68.5,100,5.5,grid
2026-04-18T12:15:29.626169,1015,184.55,75.0,68.5,100,5.82,grid
2026-04-18T12:15:29.722010,1020,200.96,66.7,68.5,100,5.8,grid
2026-04-18T12:15:29.809270,1025,214.47,66.7,68.6,100,5.56,grid
2026-04-18T12:15:29.892315,1030,242.59,45.0,68.6,100,5.44,grid
2026-04-18T12:15:29.972339,1035,262.5,55.0,68.6,100,5.48,grid
2026-04-18T12:15:30.054084,1040,268.84,30.0,68.6,100,5.56,grid
2026-04-18T12:15:30.161547,1045,242.34,82.8,68.6,100,5.62,grid
2026-04-18T12:15:30.256137,1050,233.09,79.2,68.6,100,5.38,grid
2026-04-18T12:15:30.345800,1055,219.67,96.0,68.6,100,5.26,grid
2026-04-18T12:15:30.429308,1060,218.35,65.0,68.6,100,5.56,grid
2026-04-18T12:15:30.513497,1065,224.49,70.8,68.6,100,5.88,grid
2026-04-18T12:15:30.596162,1070,243.49,14.3,68.6,100,6.5,grid
2026-04-18T12:15:30.682671,1075,251.36,40.0,68.6,100,6.76,grid
2026-04-18T12:15:30.764030,1080,256.23,60.0,68.6,100,7.02,grid
2026-04-18T12:15:30.850628,1085,255.96,50.0,68.6,100,7.06,grid
2026-04-18T12:15:30.947715,1090,233.91,100.0,68.6,100,6.9,grid
2026-04-18T12:15:31.035406,1095,225.43,84.6,68.6,100,6.5,grid
2026-04-18T12:15:31.116250,1100,220.32,90.0,68.6,100,6.06,grid
2026-04-18T12:15:31.214487,1105,230.57,95.8,68.6,100,5.36,grid
2026-04-18T12:15:31.298198,1110,233.26,91.7,68.6,100,5.02,grid
2026-04-18T12:15:31.380981,1115,241.83,85.0,68.6,100,4.82,grid
2026-04-18T12:15:31.478237,1120,224.88,95.8,68.6,100,4.72,grid
2026-04-18T12:15:31.560518,1125,214.89,87.5,68.6,100,5.04,grid
2026-04-18T12:15:31.642316,1130,209.23,95.0,68.6,100,5.54,grid
2026-04-18T12:15:31.732303,1135,201.33,100.0,68.6,100,5.86,grid
2026-04-18T12:15:31.826847,1140,187.87,87.5,68.6,100,6.34,grid
2026-04-18T12:15:32.096084,1145,163.51,98.5,68.6,100,6.52,grid
2026-04-18T12:15:32.245021,1150,161.31,100.0,68.6,100,6.76,grid
2026-04-18T12:15:32.335233,1155,162.08,70.8,68.6,100,6.54,grid
2026-04-18T12:15:32.457111,1160,158.26,100.0,68.6,100,5.9,grid
2026-04-18T12:15:32.551300,1165,157.57,96.2,68.6,100,5.48,grid
2026-04-18T12:15:32.634806,1170,156.9,90.0,68.6,100,5.14,grid
2026-04-18T12:15:32.743063,1175,152.36,100.0,68.6,100,4.94,grid
2026-04-18T12:15:32.839852,1180,155.83,100.0,68.6,100,4.86,grid
2026-04-18T12:15:32.924830,1185,157.64,87.5,68.6,100,4.82,grid
2026-04-18T12:15:33.009929,1190,156.82,90.5,68.6,100,4.78,grid
2026-04-18T12:15:33.099488,1195,157.75,87.5,68.6,100,4.7,grid
2026-04-18T12:15:33.188524,1200,161.98,100.0,68.6,100,5.02,grid
2026-04-18T12:15:33.284376,1205,181.61,95.8,68.6,100,5.54,grid
2026-04-18T12:15:33.368204,1210,187.78,85.0,68.6,100,5.82,grid
2026-04-18T12:15:33.462285,1215,183.52,87.5,68.6,100,5.86,grid
2026-04-18T12:15:33.574609,1220,181.48,100.0,68.6,100,5.84,grid
2026-04-18T12:15:33.721072,1225,168.85,100.0,68.6,100,5.98,grid
2026-04-18T12:15:33.806028,1230,166.81,90.0,68.6,100,5.96,grid
2026-04-18T12:15:33.888652,1235,179.67,52.2,68.6,100,5.74,grid
2026-04-18T12:15:33.973138,1240,187.28,57.1,68.6,100,5.44,grid
2026-04-18T12:15:34.055024,1245,189.39,50.0,68.6,100,5.34,grid
2026-04-18T12:15:34.162473,1250,186.33,89.3,68.6,100,5.64,grid
2026-04-18T12:15:34.244675,1255,185.9,45.0,68.6,100,6.08,grid
2026-04-18T12:15:34.331166,1260,190.48,54.2,68.6,100,5.94,grid
2026-04-18T12:15:34.414198,1265,199.81,40.0,68.6,100,5.84,grid
2026-04-18T12:15:34.495864,1270,209.76,50.0,68.6,100,5.6,grid
2026-04-18T12:15:34.579482,1275,217.38,62.5,68.6,100,5.38,grid
2026-04-18T12:15:34.690586,1280,223.69,89.7,68.6,100,5.06,grid
2026-04-18T12:15:34.793066,1285,246.58,91.7,68.6,100,4.98,grid
2026-04-18T12:15:34.875271,1290,260.39,54.2,68.6,100,4.7,grid
2026-04-18T12:15:34.960646,1295,253.8,55.0,68.6,100,4.6,grid
2026-04-18T12:15:35.042325,1300,253.8,68.2,68.6,100,4.44,grid
2026-04-18T12:15:35.125975,1305,258.36,29.2,68.6,100,4.26,grid
2026-04-18T12:15:35.310905,1310,246.82,66.7,68.6,100,4.4,grid
2026-04-18T12:15:35.425268,1315,247.42,100.0,68.6,100,4.58,grid
2026-04-18T12:15:35.506271,1320,243.89,75.0,68.6,100,4.98,grid
2026-04-18T12:15:35.586146,1325,232.16,70.0,68.6,100,5.14,grid
2026-04-18T12:15:35.664736,1330,224.27,90.0,68.6,100,5.22,grid
2026-04-18T12:15:35.746365,1335,220.97,100.0,68.6,100,5.3,grid
2026-04-18T12:15:35.828154,1340,226.23,75.0,68.6,100,5.38,grid
2026-04-18T12:15:35.921998,1345,228.5,79.2,68.6,100,5.32,grid
2026-04-18T12:15:36.025066,1350,222.64,66.7,68.6,100,5.24,grid
2026-04-18T12:15:36.106543,1355,221.31,62.5,68.6,100,5.22,grid
2026-04-18T12:15:36.186675,1360,217.37,65.0,68.6,100,4.94,grid
2026-04-18T12:15:36.266385,1365,211.05,60.0,68.6,100,4.72,grid
2026-04-18T12:15:36.349269,1370,230.45,25.0,68.6,100,4.64,grid
2026-04-18T12:15:36.430522,1375,239.92,60.0,68.6,100,4.52,grid
2026-04-18T12:15:36.511613,1380,244.88,85.7,68.6,100,4.48,grid
2026-04-18T12:15:36.592438,1385,260.04,54.2,68.6,100,4.54,grid
2026-04-18T12:15:36.677561,1390,270.69,45.0,68.6,100,4.94,grid
2026-04-18T12:15:36.762212,1395,287.81,75.0,68.6,100,5.2,grid
2026-04-18T12:15:36.859058,1400,262.92,93.1,68.6,100,5.62,grid
2026-04-18T12:15:36.952449,1405,257.93,100.0,68.6,100,5.78,grid
2026-04-18T12:15:37.039294,1410,251.98,85.0,68.6,100,5.84,grid
2026-04-18T12:15:37.121179,1415,257.95,60.0,68.6,100,5.64,grid
2026-04-18T12:15:37.203300,1420,259.03,41.7,68.6,100,5.64,grid
2026-04-18T12:15:37.290121,1425,253.26,20.0,68.6,100,5.9,grid
2026-04-18T12:15:37.372179,1430,250.18,40.0,68.6,100,5.98,grid
2026-04-18T12:15:37.453731,1435,239.61,75.0,68.6,100,6.08,grid
2026-04-18T12:15:37.531693,1440,239.15,66.7,68.6,100,6.34,grid
2026-04-18T12:15:37.631007,1445,222.13,58.3,68.6,100,6.4,grid
2026-04-18T12:15:37.718100,1450,213.13,91.7,68.6,100,6.42,grid
2026-04-18T12:15:37.798486,1455,212.65,30.0,68.6,100,6.28,grid
2026-04-18T12:15:37.879992,1460,237.95,30.0,68.6,100,6.42,grid
2026-04-18T12:15:37.962664,1465,250.45,80.0,68.6,100,6.98,grid
2026-04-18T12:15:38.045081,1470,258.97,70.8,68.6,100,7.42,grid
2026-04-18T12:15:38.128290,1475,254.28,45.0,68.6,100,7.92,grid
2026-04-18T12:15:38.210062,1480,256.39,15.0,68.6,100,8.04,grid
2026-04-18T12:15:38.291038,1485,264.34,35.0,68.6,100,8.04,grid
2026-04-18T12:15:38.373262,1490,269.71,62.5,68.6,100,7.7,grid
2026-04-18T12:15:38.467600,1495,277.09,41.7,68.6,100,7.72,grid
2026-04-18T12:15:38.562734,1500,260.17,100.0,68.6,100,7.5,grid
2026-04-18T12:15:38.663842,1505,263.69,100.0,68.6,100,7.28,grid
2026-04-18T12:15:38.767562,1510,259.02,100.0,68.6,100,7.16,grid
2026-04-18T12:15:38.877202,1515,235.11,96.4,68.6,100,7.0,grid
2026-04-18T12:15:38.977027,1520,219.16,84.6,68.6,100,6.84,grid
2026-04-18T12:15:39.081765,1525,203.04,78.6,68.8,100,6.5,grid
2026-04-18T12:15:39.178649,1530,195.0,92.0,68.8,100,6.44,grid
2026-04-18T12:15:39.257170,1535,196.28,55.0,68.8,100,6.16,grid
2026-04-18T12:15:39.339171,1540,198.92,70.0,68.8,100,5.78,grid
2026-04-18T12:15:39.439020,1545,193.57,67.9,68.8,100,5.8,grid
2026-04-18T12:15:39.527267,1550,187.5,66.7,68.8,100,5.58,grid
2026-04-18T12:15:39.612387,1555,185.67,79.2,68.8,100,5.34,grid
2026-04-18T12:15:39.692081,1560,195.55,65.2,68.8,100,5.38,grid
2026-04-18T12:15:39.776497,1565,203.74,50.0,68.8,100,5.4,grid
2026-04-18T12:15:39.864547,1570,214.88,68.0,68.8,100,5.5,grid
2026-04-18T12:15:39.948682,1575,236.26,45.0,68.8,100,5.46,grid
2026-04-18T12:15:40.030078,1580,247.09,58.3,68.8,100,5.54,grid
2026-04-18T12:15:40.114032,1585,276.51,66.7,68.8,100,5.64,grid
2026-04-18T12:15:40.196932,1590,305.7,45.0,68.8,100,5.62,grid
2026-04-18T12:15:40.278669,1595,299.97,70.8,68.8,100,5.54,grid
2026-04-18T12:15:40.363710,1600,282.79,55.0,68.8,100,5.64,grid
2026-04-18T12:15:40.447554,1605,296.96,60.0,68.8,100,5.8,grid
2026-04-18T12:15:40.527292,1610,304.46,70.0,68.8,100,5.9,grid
2026-04-18T12:15:40.609942,1615,319.28,54.2,68.8,100,6.06,grid
2026-04-18T12:15:40.691111,1620,319.61,35.0,68.8,100,6.26,grid
2026-04-18T12:15:40.774306,1625,324.42,45.0,68.8,100,6.46,grid
2026-04-18T12:15:40.860162,1630,318.02,58.3,68.8,100,6.96,grid
2026-04-18T12:15:40.946433,1635,300.48,55.0,68.8,100,7.88,grid
2026-04-18T12:15:41.033499,1640,298.75,76.0,68.8,100,8.44,grid
2026-04-18T12:15:41.336139,1645,228.57,90.2,68.8,100,8.28,grid
2026-04-18T12:15:41.514709,1650,199.04,100.0,68.8,100,7.82,grid
2026-04-18T12:15:41.619210,1655,192.69,100.0,68.8,100,7.06,grid
2026-04-18T12:15:41.702622,1660,190.21,83.3,68.8,100,6.52,grid
2026-04-18T12:15:41.794377,1665,182.65,85.0,68.8,100,5.98,grid
2026-04-18T12:15:41.879662,1670,181.84,70.8,68.8,100,5.5,grid
2026-04-18T12:15:41.966899,1675,178.81,50.0,68.8,100,5.3,grid
2026-04-18T12:15:42.049293,1680,178.2,35.0,68.8,100,4.84,grid
2026-04-18T12:15:42.130601,1685,176.47,20.0,68.8,100,4.82,grid
2026-04-18T12:15:42.217232,1690,175.65,34.8,68.8,100,4.58,grid
2026-04-18T12:15:42.301442,1695,176.84,59.1,68.8,100,4.7,grid
2026-04-18T12:15:42.382438,1700,178.71,42.9,68.8,100,4.64,grid
2026-04-18T12:15:42.468126,1705,217.0,45.8,68.8,100,4.8,grid
2026-04-18T12:15:42.548682,1710,244.8,45.0,68.8,100,4.9,grid
2026-04-18T12:15:42.629197,1715,258.14,38.1,68.8,100,5.18,grid
2026-04-18T12:15:42.713764,1720,272.37,40.0,68.8,100,5.66,grid
2026-04-18T12:15:42.794280,1725,295.16,66.7,68.8,100,6.0,grid
2026-04-18T12:15:42.880325,1730,295.79,37.5,68.8,100,6.4,grid
2026-04-18T12:15:42.965784,1735,295.5,25.0,68.8,100,6.38,grid
2026-04-18T12:15:43.071263,1740,279.16,85.7,68.8,100,6.24,grid
2026-04-18T12:15:43.155728,1745,281.86,62.5,68.8,100,5.9,grid
2026-04-18T12:15:43.237370,1750,276.83,50.0,68.8,100,5.34,grid
2026-04-18T12:15:43.321703,1755,280.54,40.0,68.8,100,5.2,grid
2026-04-18T12:15:43.403640,1760,281.81,61.9,68.8,100,5.02,grid
2026-04-18T12:15:43.493944,1765,269.53,66.7,68.8,100,5.04,grid
2026-04-18T12:15:43.613097,1770,238.13,97.0,68.8,100,5.52,grid
2026-04-18T12:15:43.726031,1775,217.09,100.0,68.8,100,5.58,grid
2026-04-18T12:15:43.829718,1780,205.98,89.7,68.8,100,5.78,grid
2026-04-18T12:15:43.908199,1785,199.51,47.6,68.8,100,5.46,grid
2026-04-18T12:15:43.989792,1790,205.31,45.0,68.8,100,4.94,grid
2026-04-18T12:15:44.072984,1795,210.18,55.0,68.8,100,4.58,grid
2026-04-18T12:15:44.155695,1800,217.52,66.7,68.8,100,4.34,grid
2026-04-18T12:15:44.235734,1805,219.93,45.0,68.8,100,4.36,grid
2026-04-18T12:15:44.321307,1810,227.8,66.7,68.8,100,4.36,grid
2026-04-18T12:15:44.403901,1815,225.91,73.9,68.8,100,4.24,grid
2026-04-18T12:15:44.490407,1820,221.72,52.4,68.8,100,4.32,grid
2026-04-18T12:15:44.571422,1825,229.02,50.0,68.8,100,4.38,grid
2026-04-18T12:15:44.653910,1830,262.86,34.8,68.8,100,4.44,grid
2026-04-18T12:15:44.736601,1835,302.49,28.6,68.8,100,4.6,grid
2026-04-18T12:15:44.841057,1840,288.89,78.6,68.8,100,4.56,grid
2026-04-18T12:15:44.921481,1845,298.03,45.0,68.8,100,4.98,grid
2026-04-18T12:15:45.002449,1850,291.55,50.0,68.8,100,5.64,grid
2026-04-18T12:15:45.086419,1855,286.01,45.0,68.8,100,5.58,grid
2026-04-18T12:15:45.169891,1860,291.11,62.5,68.8,100,5.38,grid
2026-04-18T12:15:45.260600,1865,273.27,86.4,68.8,100,5.18,grid
2026-04-18T12:15:45.346357,1870,255.15,92.0,68.8,100,5.16,grid
2026-04-18T12:15:45.430638,1875,257.64,70.0,68.8,100,5.36,grid
2026-04-18T12:15:45.514628,1880,251.49,96.0,68.8,100,5.42,grid
2026-04-18T12:15:45.597386,1885,246.35,90.0,68.8,100,5.8,grid
2026-04-18T12:15:45.680312,1890,233.71,80.0,68.8,100,6.1,grid
2026-04-18T12:15:45.758663,1895,228.58,30.0,68.8,100,6.1,grid
2026-04-18T12:15:45.883934,1900,226.24,78.1,68.8,100,6.2,grid
2026-04-18T12:15:45.976612,1905,216.43,95.8,68.8,100,6.46,grid
2026-04-18T12:15:46.056347,1910,215.21,76.2,68.8,100,6.42,grid
2026-04-18T12:15:46.139638,1915,218.83,50.0,68.8,100,6.48,grid
2026-04-18T12:15:46.224517,1920,218.19,25.0,68.8,100,6.52,grid
2026-04-18T12:15:46.303896,1925,224.87,50.0,68.8,100,6.66,grid
2026-04-18T12:15:46.387260,1930,233.66,55.0,68.8,100,6.94,grid
2026-04-18T12:15:46.490248,1935,225.4,78.6,68.8,100,7.06,grid
2026-04-18T12:15:46.580528,1940,226.9,75.0,68.8,100,7.56,grid
2026-04-18T12:15:46.660464,1945,232.0,25.0,68.8,100,7.72,grid
2026-04-18T12:15:46.745066,1950,243.06,50.0,68.8,100,7.78,grid
2026-04-18T12:15:46.824943,1955,246.35,60.0,68.8,100,7.64,grid
2026-04-18T12:15:46.912039,1960,272.16,41.7,68.8,100,8.02,grid
2026-04-18T12:15:46.992367,1965,281.13,65.0,68.8,100,8.5,grid
2026-04-18T12:15:47.077666,1970,274.86,66.7,68.8,100,8.78,grid
2026-04-18T12:15:47.158613,1975,268.28,35.0,68.8,100,8.66,grid
2026-04-18T12:15:47.242305,1980,264.39,50.0,68.8,100,8.32,grid
2026-04-18T12:15:47.323186,1985,262.54,65.0,68.8,100,8.16,grid
2026-04-18T12:15:47.407053,1990,262.68,54.2,68.8,100,8.02,grid
2026-04-18T12:15:47.489358,1995,276.73,35.0,68.8,100,8.18,grid
2026-04-18T12:15:47.573010,2000,282.78,65.0,68.8,100,8.1,grid
2026-04-18T12:15:47.660536,2005,267.25,50.0,68.8,100,8.26,grid
2026-04-18T12:15:47.741575,2010,265.55,20.0,68.8,100,7.86,grid
2026-04-18T12:15:47.823225,2015,263.7,55.0,68.8,100,7.56,grid
2026-04-18T12:15:47.904326,2020,271.46,54.2,68.8,100,7.48,grid
2026-04-18T12:15:47.994389,2025,264.34,40.0,68.8,100,7.34,grid
2026-04-18T12:15:48.107327,2030,243.36,87.5,68.8,100,7.26,grid
2026-04-18T12:15:48.211751,2035,229.33,100.0,68.8,100,7.44,grid
2026-04-18T12:15:48.335083,2040,217.63,96.9,68.8,100,7.82,grid
2026-04-18T12:15:48.439882,2045,204.42,100.0,68.8,100,8.26,grid
2026-04-18T12:15:48.561061,2050,183.72,100.0,68.8,100,8.5,grid
2026-04-18T12:15:48.701875,2055,167.54,100.0,68.8,100,8.48,grid
2026-04-18T12:15:48.813223,2060,159.36,100.0,68.8,100,8.28,grid
2026-04-18T12:15:48.923630,2065,158.26,100.0,68.8,100,8.44,grid
2026-04-18T12:15:49.018580,2070,154.14,75.0,68.8,100,8.98,grid
2026-04-18T12:15:49.100277,2075,152.52,45.0,68.8,100,9.26,grid
2026-04-18T12:15:49.182795,2080,151.86,55.0,68.8,100,9.0,grid
2026-04-18T12:15:49.263362,2085,156.62,65.2,68.8,100,8.2,grid
2026-04-18T12:15:49.345368,2090,169.46,33.3,68.8,100,7.72,grid
2026-04-18T12:15:49.430509,2095,180.32,45.0,68.8,100,7.56,grid
2026-04-18T12:15:49.515631,2100,191.5,39.1,68.8,100,7.34,grid
2026-04-18T12:15:49.610210,2105,204.03,68.0,68.8,100,7.36,grid
2026-04-18T12:15:49.692258,2110,230.71,50.0,68.8,100,7.84,grid
2026-04-18T12:15:49.771818,2115,263.78,10.0,68.8,100,8.92,grid
2026-04-18T12:15:49.853265,2120,294.85,35.0,68.8,100,9.8,grid
2026-04-18T12:15:49.952998,2125,308.45,68.0,68.8,100,10.16,grid
2026-04-18T12:15:50.034951,2130,334.63,47.8,68.8,100,10.26,grid
2026-04-18T12:15:50.116184,2135,341.74,45.0,68.8,100,10.22,grid
2026-04-18T12:15:50.456082,2140,285.44,97.7,68.8,100,9.7,grid
2026-04-18T12:15:50.546876,2145,269.13,96.0,68.8,100,9.16,grid
2026-04-18T12:15:50.648510,2150,248.51,100.0,68.8,100,8.32,grid
2026-04-18T12:15:50.731145,2155,235.26,70.8,68.8,100,7.6,grid
2026-04-18T12:15:50.814557,2160,233.44,45.0,68.8,100,7.16,grid
2026-04-18T12:15:50.896561,2165,236.08,35.0,68.8,100,7.02,grid
2026-04-18T12:15:50.981271,2170,229.98,35.0,68.8,100,6.82,grid
2026-04-18T12:15:51.064322,2175,223.6,54.2,68.8,100,6.72,grid
2026-04-18T12:15:51.148425,2180,222.77,60.0,68.8,100,6.72,grid
2026-04-18T12:15:51.235237,2185,225.33,62.5,68.8,100,6.94,grid
2026-04-18T12:15:51.321393,2190,223.13,33.3,68.8,100,7.38,grid
2026-04-18T12:15:51.406376,2195,220.23,52.2,68.8,100,8.08,grid
2026-04-18T12:15:51.487325,2200,245.14,47.6,68.8,100,8.98,grid
2026-04-18T12:15:51.575657,2205,253.28,65.0,68.8,100,9.3,grid
2026-04-18T12:15:51.657514,2210,275.48,32.0,68.8,100,9.7,grid
2026-04-18T12:15:51.741071,2215,285.3,50.0,68.8,100,9.96,grid
2026-04-18T12:15:51.823286,2220,284.74,60.0,68.8,100,9.76,grid
2026-04-18T12:15:51.905673,2225,282.1,50.0,68.8,100,9.6,grid
2026-04-18T12:15:51.987407,2230,291.31,40.0,68.8,100,9.46,grid
2026-04-18T12:15:52.091443,2235,281.71,73.3,68.8,100,9.36,grid
2026-04-18T12:15:52.175446,2240,276.21,50.0,68.8,100,8.96,grid
2026-04-18T12:15:52.257298,2245,280.24,50.0,68.8,100,8.96,grid
2026-04-18T12:15:52.342447,2250,273.86,45.8,68.8,100,8.74,grid
2026-04-18T12:15:52.424635,2255,273.83,45.0,68.8,100,9.02,grid
2026-04-18T12:15:52.509671,2260,278.98,50.0,68.8,100,9.24,grid
2026-04-18T12:15:52.610393,2265,261.68,67.9,68.8,100,9.64,grid
2026-04-18T12:15:52.696278,2270,246.33,90.0,68.8,100,9.76,grid
2026-04-18T12:15:52.787272,2275,238.8,54.2,68.8,100,10.22,grid
2026-04-18T12:15:52.867399,2280,235.41,30.0,68.8,100,10.58,grid
2026-04-18T12:15:52.953437,2285,231.02,79.2,68.8,100,10.98,grid
2026-04-18T12:15:53.034648,2290,227.37,80.0,68.8,100,11.12,grid
2026-04-18T12:15:53.116505,2295,232.5,80.0,68.8,100,11.12,grid
2026-04-18T12:15:53.200490,2300,228.42,66.7,68.8,100,11.42,grid
2026-04-18T12:15:53.284112,2305,225.78,60.0,68.8,100,11.64,grid
2026-04-18T12:15:53.366198,2310,230.58,55.0,68.8,100,11.4,grid
2026-04-18T12:15:53.452255,2315,233.78,70.8,68.8,100,11.32,grid
2026-04-18T12:15:53.546273,2320,227.71,87.5,68.8,100,10.8,grid
2026-04-18T12:15:53.663637,2325,226.55,100.0,68.8,100,9.86,grid
2026-04-18T12:15:53.763397,2330,227.91,71.4,68.8,100,8.9,grid
2026-04-18T12:15:53.866398,2335,225.4,79.2,68.8,100,8.18,grid
2026-04-18T12:15:53.962787,2340,225.26,75.0,68.8,100,7.54,grid
2026-04-18T12:15:54.042163,2345,228.08,75.0,68.8,100,7.1,grid
2026-04-18T12:15:54.124646,2350,236.76,52.2,68.8,100,6.82,grid
2026-04-18T12:15:54.208845,2355,244.43,9.5,68.8,100,6.42,grid
2026-04-18T12:15:54.301057,2360,242.44,58.3,68.8,100,6.2,grid
2026-04-18T12:15:54.382992,2365,248.51,45.0,68.8,100,6.18,grid
2026-04-18T12:15:54.466811,2370,245.47,70.8,68.8,100,5.98,grid
2026-04-18T12:15:54.552588,2375,243.05,60.0,68.8,100,5.96,grid
2026-04-18T12:15:54.634333,2380,247.34,75.0,68.8,100,6.12,grid
2026-04-18T12:15:54.716665,2385,263.96,62.5,68.8,100,6.4,grid
2026-04-18T12:15:54.821048,2390,256.79,100.0,68.8,100,6.82,grid
2026-04-18T12:15:54.905083,2395,264.62,70.8,68.8,100,7.2,grid
2026-04-18T12:15:54.986511,2400,270.78,55.0,68.8,100,7.54,grid
2026-04-18T12:15:55.070919,2405,270.6,65.0,68.8,100,7.94,grid
2026-04-18T12:15:55.154143,2410,265.88,60.9,68.8,100,8.06,grid
2026-04-18T12:15:55.235695,2415,257.25,81.0,68.8,100,7.84,grid
2026-04-18T12:15:55.320565,2420,261.96,65.0,68.8,100,8.08,grid
2026-04-18T12:15:55.401624,2425,252.52,90.0,68.8,100,8.36,grid
2026-04-18T12:15:55.488400,2430,247.3,87.5,68.8,100,8.1,grid
2026-04-18T12:15:55.586959,2435,237.04,92.0,68.8,100,7.82,grid
2026-04-18T12:15:55.678325,2440,236.54,66.7,68.8,100,7.4,grid
2026-04-18T12:15:55.761250,2445,245.4,40.0,68.8,100,6.94,grid
2026-04-18T12:15:55.853566,2450,254.02,66.7,68.8,100,6.86,grid
2026-04-18T12:15:55.940785,2455,250.72,95.8,68.8,100,6.92,grid
2026-04-18T12:15:56.026547,2460,245.04,66.7,68.9,100,7.1,grid
2026-04-18T12:15:56.109511,2465,248.74,62.5,68.9,100,7.22,grid
2026-04-18T12:15:56.191391,2470,246.68,50.0,68.9,100,7.8,grid
2026-04-18T12:15:56.275550,2475,246.22,20.0,68.9,100,8.34,grid
2026-04-18T12:15:56.361251,2480,251.78,58.3,68.9,100,8.48,grid
2026-04-18T12:15:56.443947,2485,263.41,55.0,68.9,100,8.6,grid
2026-04-18T12:15:56.527384,2490,266.34,40.0,68.9,100,8.82,grid
2026-04-18T12:15:56.611774,2495,276.6,66.7,68.9,100,9.0,grid
2026-04-18T12:15:56.691406,2500,291.48,30.0,68.9,100,9.48,grid
2026-04-18T12:15:56.775458,2505,287.9,40.0,68.9,100,9.52,grid
2026-04-18T12:15:56.859549,2510,305.13,25.0,68.9,100,9.16,grid
2026-04-18T12:15:56.979484,2515,283.99,75.0,68.9,100,8.92,grid
2026-04-18T12:15:57.083549,2520,273.01,96.6,68.9,100,8.38,grid
2026-04-18T12:15:57.163504,2525,271.54,25.0,68.9,100,8.1,grid
2026-04-18T12:15:57.265599,2530,263.7,57.1,68.9,100,7.92,grid
2026-04-18T12:15:57.352530,2535,272.69,52.4,68.9,100,7.9,grid
2026-04-18T12:15:57.433181,2540,273.95,40.0,68.9,100,8.5,grid
2026-04-18T12:15:57.529442,2545,254.72,53.6,68.9,100,9.06,grid
2026-04-18T12:15:57.605532,2550,264.85,75.0,68.9,100,9.64,grid
2026-04-18T12:15:57.686528,2555,271.6,48.0,68.9,100,10.04,grid
2026-04-18T12:15:57.771574,2560,259.14,45.0,68.9,100,10.14,grid
2026-04-18T12:15:57.852382,2565,255.85,50.0,68.9,100,10.08,grid
2026-04-18T12:15:57.934563,2570,252.04,52.2,68.9,100,10.04,grid
2026-04-18T12:15:58.022252,2575,267.77,47.6,68.9,100,9.74,grid
2026-04-18T12:15:58.134259,2580,252.05,92.9,68.9,100,9.72,grid
2026-04-18T12:15:58.233332,2585,240.67,67.9,68.9,100,9.18,grid
2026-04-18T12:15:58.314382,2590,247.17,35.0,68.9,100,8.74,grid
2026-04-18T12:15:58.399429,2595,245.25,40.0,68.9,100,8.46,grid
2026-04-18T12:15:58.493526,2600,236.42,79.2,68.9,100,8.36,grid
2026-04-18T12:15:58.602384,2605,225.38,93.1,68.9,100,7.94,grid
2026-04-18T12:15:58.705330,2610,206.63,100.0,68.9,100,7.42,grid
2026-04-18T12:15:58.824831,2615,186.62,100.0,68.9,100,7.24,grid
2026-04-18T12:15:58.925590,2620,178.84,100.0,68.9,100,7.54,grid
2026-04-18T12:15:59.040493,2625,168.38,96.4,68.9,100,7.68,grid
2026-04-18T12:15:59.162114,2630,159.26,93.8,68.9,100,7.8,grid
2026-04-18T12:15:59.272728,2635,153.56,100.0,68.9,100,8.1,grid
2026-04-18T12:15:59.363748,2640,160.88,68.0,68.9,100,8.4,grid
2026-04-18T12:15:59.447658,2645,165.07,10.0,68.9,100,8.84,grid
2026-04-18T12:15:59.536699,2650,161.81,62.5,68.9,100,9.04,grid
2026-04-18T12:15:59.616485,2655,161.62,55.0,68.9,100,9.32,grid
2026-04-18T12:15:59.698022,2660,166.32,50.0,68.9,100,9.64,grid
2026-04-18T12:15:59.781524,2665,174.24,72.0,68.9,100,9.82,grid
2026-04-18T12:15:59.867829,2670,180.19,76.2,68.9,100,9.58,grid
2026-04-18T12:15:59.951576,2675,195.43,69.6,68.9,100,9.8,grid
2026-04-18T12:16:00.041522,2680,201.11,66.7,68.9,100,9.82,grid
2026-04-18T12:16:00.139712,2685,210.57,69.0,68.9,100,9.84,grid
2026-04-18T12:16:00.223613,2690,226.45,30.0,68.9,100,9.8,grid
2026-04-18T12:16:00.316520,2695,238.64,66.7,69.0,100,9.42,grid
2026-04-18T12:16:00.397530,2700,247.32,55.0,69.0,100,9.38,grid
2026-04-18T12:16:00.660206,2705,213.11,97.0,69.0,100,9.16,grid
2026-04-18T12:16:00.737626,2710,218.37,14.3,69.0,100,8.78,grid
2026-04-18T12:16:00.819408,2715,222.28,30.0,69.0,100,8.78,grid
2026-04-18T12:16:00.935647,2720,200.04,90.6,69.0,100,8.58,grid
2026-04-18T12:16:01.014229,2725,209.58,30.0,69.0,100,8.22,grid
2026-04-18T12:16:01.099559,2730,215.97,38.1,69.0,100,7.82,grid
2026-04-18T12:16:01.183118,2735,214.85,45.0,69.0,100,7.6,grid
2026-04-18T12:16:01.274251,2740,217.13,62.5,69.1,100,7.3,grid
2026-04-18T12:16:01.368523,2745,209.97,88.0,69.1,100,7.16,grid
2026-04-18T12:16:01.463016,2750,200.63,100.0,69.1,100,7.1,grid
2026-04-18T12:16:01.543202,2755,204.68,90.0,69.1,100,7.12,grid
2026-04-18T12:16:01.627035,2760,206.36,62.5,69.1,100,7.12,grid
2026-04-18T12:16:01.711311,2765,239.83,60.0,69.1,100,7.04,grid
2026-04-18T12:16:01.795670,2770,247.34,41.7,69.1,100,7.02,grid
2026-04-18T12:16:01.881492,2775,233.87,25.0,69.1,100,7.1,grid
2026-04-18T12:16:01.981186,2780,256.6,58.3,69.1,100,7.4,grid
2026-04-18T12:16:02.062596,2785,254.96,25.0,69.1,100,7.46,grid
2026-04-18T12:16:02.144912,2790,253.64,35.0,69.1,100,7.56,grid
2026-04-18T12:16:02.228315,2795,263.15,30.0,69.1,100,7.86,grid
2026-04-18T12:16:02.312073,2800,275.1,45.8,69.1,100,8.08,grid
2026-04-18T12:16:02.398646,2805,296.73,65.0,69.1,100,8.34,grid
2026-04-18T12:16:02.483716,2810,312.83,58.3,69.1,100,8.48,grid
2026-04-18T12:16:02.569286,2815,304.9,35.0,69.1,100,8.36,grid
2026-04-18T12:16:02.668514,2820,285.06,79.2,69.1,100,8.36,grid
2026-04-18T12:16:02.753186,2825,281.02,50.0,69.1,100,8.0,grid
2026-04-18T12:16:02.836317,2830,264.2,90.0,69.1,100,7.72,grid
2026-04-18T12:16:02.923893,2835,263.07,84.0,69.1,100,7.74,grid
2026-04-18T12:16:03.051881,2840,250.84,93.8,69.1,100,7.36,grid
2026-04-18T12:16:03.144228,2845,243.66,83.3,69.1,100,7.3,grid
2026-04-18T12:16:03.228229,2850,237.89,90.0,69.1,100,7.18,grid
2026-04-18T12:16:03.309516,2855,238.85,78.3,69.1,100,7.14,grid
2026-04-18T12:16:03.394173,2860,231.57,61.9,69.1,100,7.16,grid
2026-04-18T12:16:03.525391,2865,206.44,75.0,69.1,100,7.2,grid
2026-04-18T12:16:03.627257,2870,198.65,100.0,69.1,100,7.14,grid
2026-04-18T12:16:03.793211,2875,182.72,100.0,69.1,100,7.04,grid
2026-04-18T12:16:03.875623,2880,185.09,75.0,69.1,100,7.02,grid
2026-04-18T12:16:03.959110,2885,182.6,40.0,69.1,100,7.16,grid
2026-04-18T12:16:04.042414,2890,185.73,61.9,69.1,100,7.28,grid
2026-04-18T12:16:04.223489,2895,158.41,95.9,69.1,100,7.16,grid
2026-04-18T12:16:04.358637,2900,156.86,89.5,69.1,100,7.32,grid
2026-04-18T12:16:04.453770,2905,153.24,80.8,69.1,100,7.36,grid
2026-04-18T12:16:04.553786,2910,149.04,91.7,69.1,100,7.36,grid
2026-04-18T12:16:04.713006,2915,136.56,95.0,69.1,100,7.2,grid
2026-04-18T12:16:04.809109,2920,135.03,96.4,69.1,100,7.0,grid
2026-04-18T12:16:04.904810,2925,141.7,100.0,69.1,100,7.0,grid
2026-04-18T12:16:04.987272,2930,144.5,85.7,69.1,100,6.7,grid
2026-04-18T12:16:05.073155,2935,153.31,100.0,69.1,100,6.46,grid
2026-04-18T12:16:05.164996,2940,152.01,83.3,69.1,100,6.4,grid
2026-04-18T12:16:05.253540,2945,154.88,54.2,69.1,100,6.24,grid
2026-04-18T12:16:05.337149,2950,155.82,65.0,69.1,100,6.12,grid
2026-04-18T12:16:05.428886,2955,185.5,80.0,69.1,100,5.96,grid
2026-04-18T12:16:05.511303,2960,192.45,100.0,69.1,100,5.96,grid
2026-04-18T12:16:05.594925,2965,197.27,91.7,69.1,100,6.04,grid
2026-04-18T12:16:05.683203,2970,205.87,75.0,69.1,100,6.2,grid
2026-04-18T12:16:05.767534,2975,226.24,91.7,69.1,100,6.5,grid
2026-04-18T12:16:05.865938,2980,224.04,95.8,69.1,100,6.52,grid
2026-04-18T12:16:05.957620,2985,224.87,100.0,69.1,100,6.88,grid
2026-04-18T12:16:06.037539,2990,228.25,85.0,69.1,100,7.1,grid
2026-04-18T12:16:06.134251,2995,223.03,91.7,69.1,100,7.22,grid
2026-04-18T12:16:06.306386,3000,195.08,100.0,69.1,100,6.98,grid
2026-04-18T12:16:06.489674,3005,158.69,100.0,69.1,100,7.06,grid
2026-04-18T12:16:06.585825,3010,154.42,100.0,69.1,100,7.2,grid
2026-04-18T12:16:06.669409,3015,153.63,95.8,69.1,100,7.56,grid
2026-04-18T12:16:06.753392,3020,154.34,65.0,69.1,100,8.16,grid
2026-04-18T12:16:06.856836,3025,152.17,75.0,69.1,100,8.82,grid
2026-04-18T12:16:06.944629,3030,150.95,79.2,69.1,100,9.16,grid
2026-04-18T12:16:07.025753,3035,152.1,75.0,69.1,100,9.48,grid
2026-04-18T12:16:07.109402,3040,154.86,58.3,69.1,100,9.2,grid
2026-04-18T12:16:07.192797,3045,155.46,66.7,69.1,100,8.86,grid
2026-04-18T12:16:07.275247,3050,154.14,85.0,69.1,100,8.74,grid
2026-04-18T12:16:07.359843,3055,158.18,66.7,69.1,100,8.4,grid
2026-04-18T12:16:07.444727,3060,176.72,70.0,69.1,100,8.22,grid
2026-04-18T12:16:07.524325,3065,217.81,70.0,69.1,100,8.26,grid
2026-04-18T12:16:07.608095,3070,220.91,83.3,69.1,100,8.02,grid
2026-04-18T12:16:07.690492,3075,219.95,80.0,69.1,100,8.02,grid
2026-04-18T12:16:07.770377,3080,220.75,60.0,69.1,100,8.22,grid
2026-04-18T12:16:07.853231,3085,232.32,50.0,69.1,100,8.44,grid
2026-04-18T12:16:07.937112,3090,245.65,34.8,69.1,100,8.92,grid
2026-04-18T12:16:08.034411,3095,235.43,76.9,69.1,100,8.92,grid
2026-04-18T12:16:08.121992,3100,232.57,95.0,69.1,100,9.02,grid
2026-04-18T12:16:08.203357,3105,230.21,96.2,69.1,100,8.68,grid
2026-04-18T12:16:08.291519,3110,230.95,65.0,69.1,100,8.54,grid
2026-04-18T12:16:08.374798,3115,230.29,75.0,69.1,100,8.36,grid
2026-04-18T12:16:08.453585,3120,232.89,60.0,69.1,100,8.48,grid
2026-04-18T12:16:08.566823,3125,221.99,92.9,69.1,100,8.36,grid
2026-04-18T12:16:08.713077,3130,213.43,100.0,69.2,100,8.14,grid
2026-04-18T12:16:08.824071,3135,204.82,100.0,69.2,100,8.28,grid
2026-04-18T12:16:08.915377,3140,199.15,100.0,69.2,100,8.12,grid
2026-04-18T12:16:09.004868,3145,193.38,60.0,69.2,100,8.08,grid
2026-04-18T12:16:09.087273,3150,190.81,60.0,69.2,100,8.04,grid
2026-04-18T12:16:09.175269,3155,198.45,58.3,69.2,100,7.94,grid
2026-04-18T12:16:09.270231,3160,198.83,75.0,69.2,100,7.92,grid
2026-04-18T12:16:09.353037,3165,205.13,38.1,69.2,100,7.9,grid
2026-04-18T12:16:09.434873,3170,208.38,50.0,69.2,100,8.16,grid
2026-04-18T12:16:09.514376,3175,212.44,58.3,69.2,100,8.36,grid
2026-04-18T12:16:09.598911,3180,215.21,20.0,69.2,100,8.58,grid
2026-04-18T12:16:09.684294,3185,227.99,41.7,69.2,100,8.82,grid
2026-04-18T12:16:09.766690,3190,245.0,63.2,69.2,100,9.12,grid
2026-04-18T12:16:09.848329,3195,272.12,23.8,69.2,100,9.34,grid
2026-04-18T12:16:09.938160,3200,287.35,33.3,69.2,100,9.62,grid
2026-04-18T12:16:10.022142,3205,291.06,30.0,69.2,100,10.2,grid
2026-04-18T12:16:10.103332,3210,292.39,50.0,69.2,100,10.56,grid
2026-04-18T12:16:10.198052,3215,280.28,68.0,69.2,100,11.18,grid
2026-04-18T12:16:10.302652,3220,278.48,89.7,69.2,100,11.38,grid
2026-04-18T12:16:10.404276,3225,267.57,59.3,69.2,100,11.28,grid
2026-04-18T12:16:10.635170,3230,245.83,98.2,69.2,100,11.28,grid
2026-04-18T12:16:10.717657,3235,248.76,44.0,69.2,100,11.04,grid
2026-04-18T12:16:10.803311,3240,249.35,15.0,69.2,100,10.62,grid
2026-04-18T12:16:10.885982,3245,257.48,50.0,69.2,100,9.8,grid
2026-04-18T12:16:10.972616,3250,256.3,37.5,69.2,100,9.44,grid
2026-04-18T12:16:11.053422,3255,248.04,60.0,69.2,100,8.54,grid
2026-04-18T12:16:11.138572,3260,251.81,70.8,69.2,100,7.82,grid
2026-04-18T12:16:11.222998,3265,249.83,70.0,69.2,100,7.42,grid
2026-04-18T12:16:11.306512,3270,247.49,45.0,69.2,100,6.76,grid
2026-04-18T12:16:11.387002,3275,262.97,75.0,69.2,100,6.68,grid
2026-04-18T12:16:11.478481,3280,267.48,75.0,69.2,100,6.74,grid
2026-04-18T12:16:11.561285,3285,282.77,54.2,68.8,100,6.9,grid
2026-04-18T12:16:11.646944,3290,320.29,10.0,68.9,100,6.68,grid
2026-04-18T12:16:11.730857,3295,321.99,65.0,68.9,100,6.68,grid
2026-04-18T12:16:11.813239,3300,323.71,50.0,68.9,100,6.92,grid
2026-04-18T12:16:11.896548,3305,316.81,35.0,68.9,100,6.6,grid
2026-04-18T12:16:11.979810,3310,326.99,20.0,68.9,100,6.58,grid
2026-04-18T12:16:12.060158,3315,339.75,31.8,68.9,100,6.94,grid
2026-04-18T12:16:12.160674,3320,313.2,66.7,68.9,100,7.5,grid
2026-04-18T12:16:12.245486,3325,321.03,40.0,69.0,100,7.72,grid
2026-04-18T12:16:12.341270,3330,303.97,70.8,69.0,100,7.98,grid
2026-04-18T12:16:12.432342,3335,283.6,70.8,69.0,100,7.86,grid
2026-04-18T12:16:12.520534,3340,286.39,54.2,69.0,100,7.94,grid
2026-04-18T12:16:12.607418,3345,281.13,41.7,69.0,100,7.9,grid
2026-04-18T12:16:12.686947,3350,268.45,65.0,69.0,100,7.68,grid
2026-04-18T12:16:12.770276,3355,261.79,15.0,69.0,100,7.88,grid
2026-04-18T12:16:12.856256,3360,256.71,45.8,69.0,100,8.04,grid
2026-04-18T12:16:12.933261,3365,252.6,62.5,69.0,100,8.08,grid
2026-04-18T12:16:13.017411,3370,243.45,69.6,69.0,100,8.44,grid
2026-04-18T12:16:13.100396,3375,238.91,19.0,69.0,100,8.5,grid
2026-04-18T12:16:13.183557,3380,249.29,38.1,69.0,100,8.46,grid
2026-04-18T12:16:13.266784,3385,248.9,45.8,69.0,100,8.64,grid
2026-04-18T12:16:13.349418,3390,261.07,20.0,69.0,100,8.66,grid
2026-04-18T12:16:13.433225,3395,272.0,35.0,69.0,100,9.08,grid
2026-04-18T12:16:13.521226,3400,269.04,66.7,69.0,100,9.1,grid
2026-04-18T12:16:13.635606,3405,252.6,92.9,69.0,100,9.28,grid
2026-04-18T12:16:13.726921,3410,251.17,84.0,69.0,100,9.06,grid
2026-04-18T12:16:13.820014,3415,248.5,56.0,69.0,100,9.02,grid
2026-04-18T12:16:13.904308,3420,254.37,68.2,69.0,100,8.78,grid
2026-04-18T12:16:13.990425,3425,253.95,31.8,69.0,100,8.84,grid
2026-04-18T12:16:14.074281,3430,257.64,30.0,69.0,100,8.68,grid
2026-04-18T12:16:14.155546,3435,261.26,54.5,69.0,100,8.62,grid
2026-04-18T12:16:14.238671,3440,262.39,9.1,69.0,100,8.66,grid
2026-04-18T12:16:14.324283,3445,257.77,45.0,69.0,100,8.8,grid
2026-04-18T12:16:14.411605,3450,256.36,37.5,69.0,100,9.2,grid
2026-04-18T12:16:14.497277,3455,252.08,25.0,69.0,100,9.48,grid
2026-04-18T12:16:14.604058,3460,245.6,89.3,69.0,100,9.24,grid
2026-04-18T12:16:14.687223,3465,260.63,62.5,69.0,100,9.54,grid
2026-04-18T12:16:14.773479,3470,259.26,40.0,69.0,100,9.88,grid
2026-04-18T12:16:14.854769,3475,265.42,45.0,69.0,100,9.74,grid
2026-04-18T12:16:14.941298,3480,254.58,66.7,69.0,100,9.76,grid
2026-04-18T12:16:15.021096,3485,262.0,50.0,69.0,100,9.66,grid
2026-04-18T12:16:15.115522,3490,262.4,54.2,69.0,100,9.62,grid
2026-04-18T12:16:15.198104,3495,259.67,70.0,69.0,100,9.4,grid
2026-04-18T12:16:15.281257,3500,257.39,45.8,69.0,100,9.26,grid
2026-04-18T12:16:15.373617,3505,248.65,91.7,69.0,100,8.98,grid
2026-04-18T12:16:15.458395,3510,241.09,75.0,69.0,100,8.7,grid
2026-04-18T12:16:15.555024,3515,232.77,75.0,69.0,100,8.56,grid
2026-04-18T12:16:15.639619,3520,237.12,68.0,69.0,100,8.72,grid
2026-04-18T12:16:15.718313,3525,237.14,65.0,69.0,100,8.64,grid
2026-04-18T12:16:15.802833,3530,246.8,15.0,69.0,100,8.84,grid
2026-04-18T12:16:15.884435,3535,250.57,55.0,69.0,100,8.66,grid
2026-04-18T12:16:15.964382,3540,263.44,35.0,69.0,100,8.84,grid
2026-04-18T12:16:16.047268,3545,260.68,45.8,69.0,100,8.98,grid
2026-04-18T12:16:16.131977,3550,259.04,15.0,69.0,100,9.2,grid
2026-04-18T12:16:16.211484,3555,253.71,30.0,69.0,100,9.62,grid
2026-04-18T12:16:16.295162,3560,256.57,56.5,69.0,100,9.7,grid
2026-04-18T12:16:16.381104,3565,258.24,47.6,69.0,100,9.46,grid
2026-04-18T12:16:16.466073,3570,267.12,23.8,69.0,100,9.22,grid
2026-04-18T12:16:16.556083,3575,284.6,58.3,69.0,100,8.7,grid
2026-04-18T12:16:16.636608,3580,293.77,35.0,69.0,100,8.2,grid
2026-04-18T12:16:16.727217,3585,282.56,79.2,69.0,100,7.9,grid
2026-04-18T12:16:16.810704,3590,273.37,62.5,69.0,100,7.46,grid
2026-04-18T12:16:16.894195,3595,273.56,15.0,69.0,100,7.14,grid
2026-04-18T12:16:16.977501,3600,276.73,20.0,69.0,100,6.72,grid
2026-04-18T12:16:17.060390,3605,284.59,31.8,69.0,100,6.62,grid
2026-04-18T12:16:17.142675,3610,291.01,27.3,69.0,100,6.5,grid
2026-04-18T12:16:17.244408,3615,285.8,45.8,69.0,100,6.66,grid
2026-04-18T12:16:17.322847,3620,288.84,61.9,69.0,100,6.82,grid
2026-04-18T12:16:17.405574,3625,298.48,68.0,69.0,100,7.12,grid
2026-04-18T12:16:17.489720,3630,299.6,28.6,69.0,100,7.12,grid
2026-04-18T12:16:17.571581,3635,304.38,25.0,69.0,100,7.32,grid
2026-04-18T12:16:17.658423,3640,298.43,58.3,69.0,100,7.34,grid
2026-04-18T12:16:17.737364,3645,320.87,30.0,69.0,100,7.4,grid
2026-04-18T12:16:17.821762,3650,331.24,33.3,69.0,100,7.7,grid
2026-04-18T12:16:17.910904,3655,319.92,70.8,69.0,100,7.8,grid
2026-04-18T12:16:17.996899,3660,311.59,54.2,69.0,100,7.92,grid
2026-04-18T12:16:18.078904,3665,310.82,35.0,69.0,100,8.06,grid
2026-04-18T12:16:18.161664,3670,304.51,15.0,69.0,100,8.42,grid
2026-04-18T12:16:18.241703,3675,329.76,45.0,69.0,100,8.76,grid
2026-04-18T12:16:18.325504,3680,326.98,45.0,69.0,100,8.88,grid
2026-04-18T12:16:18.408796,3685,345.89,29.2,69.0,100,9.0,grid
2026-04-18T12:16:18.497356,3690,337.5,65.0,69.0,100,8.9,grid
2026-04-18T12:16:18.587660,3695,316.39,91.7,69.0,100,9.02,grid
2026-04-18T12:16:18.685228,3700,307.49,97.0,69.0,100,9.0,grid
2026-04-18T12:16:18.770521,3705,291.06,90.0,69.0,100,8.9,grid
2026-04-18T12:16:18.904710,3710,265.62,97.4,69.0,100,8.86,grid
2026-04-18T12:16:19.114546,3715,248.39,100.0,69.0,100,9.0,grid
2026-04-18T12:16:19.270367,3720,229.2,80.5,69.0,100,8.94,grid
2026-04-18T12:16:19.353122,3725,224.25,38.1,69.0,100,8.84,grid
2026-04-18T12:16:19.439217,3730,218.7,50.0,69.0,100,9.0,grid
2026-04-18T12:16:19.520080,3735,211.72,61.9,69.0,100,9.14,grid
2026-04-18T12:16:19.604595,3740,211.41,45.0,69.0,100,9.3,grid
2026-04-18T12:16:19.690489,3745,205.3,80.8,69.0,100,9.6,grid
2026-04-18T12:16:19.777430,3750,204.09,90.0,69.0,100,9.74,grid
2026-04-18T12:16:19.858283,3755,207.88,83.3,69.0,100,9.96,grid
2026-04-18T12:16:19.941118,3760,214.07,60.0,69.0,100,10.24,grid
2026-04-18T12:16:20.030573,3765,213.95,92.0,69.0,100,10.4,grid
2026-04-18T12:16:20.116478,3770,225.41,55.0,69.0,100,10.32,grid
2026-04-18T12:16:20.201421,3775,239.71,70.8,69.0,100,10.32,grid
2026-04-18T12:16:20.284652,3780,252.93,65.0,69.0,100,10.26,grid
2026-04-18T12:16:20.363281,3785,257.17,55.0,69.0,100,9.8,grid
2026-04-18T12:16:20.448409,3790,264.94,70.0,69.0,100,9.24,grid
2026-04-18T12:16:20.529245,3795,257.87,70.8,69.0,100,8.9,grid
2026-04-18T12:16:20.621040,3800,252.3,30.0,69.0,100,8.9,grid
2026-04-18T12:16:20.701917,3805,247.71,54.2,69.0,100,8.68,grid
2026-04-18T12:16:20.781746,3810,256.9,60.0,69.0,100,8.74,grid
2026-04-18T12:16:20.871464,3815,257.83,25.0,69.0,100,8.42,grid
2026-04-18T12:16:20.963361,3820,254.15,87.5,69.0,100,8.52,grid
2026-04-18T12:16:21.047030,3825,265.64,45.8,69.0,100,8.58,grid
2026-04-18T12:16:21.131958,3830,269.16,35.0,69.0,100,8.58,grid
2026-04-18T12:16:21.229635,3835,265.96,76.9,69.0,100,8.6,grid
2026-04-18T12:16:21.319659,3840,263.07,96.0,69.0,100,8.78,grid
2026-04-18T12:16:21.400387,3845,262.75,60.0,69.0,100,8.82,grid
2026-04-18T12:16:21.486695,3850,261.94,54.2,69.0,100,9.32,grid
2026-04-18T12:16:21.571934,3855,269.29,70.0,69.0,100,10.1,grid
2026-04-18T12:16:21.655664,3860,275.58,56.0,69.0,100,10.56,grid
2026-04-18T12:16:21.743109,3865,276.27,40.0,69.0,100,11.08,grid
2026-04-18T12:16:21.823254,3870,275.61,50.0,69.0,100,11.24,grid
2026-04-18T12:16:21.905664,3875,282.34,62.5,69.0,100,11.36,grid
2026-04-18T12:16:21.990975,3880,286.18,42.9,69.0,100,11.24,grid
2026-04-18T12:16:22.074598,3885,287.53,60.0,69.1,100,10.92,grid
2026-04-18T12:16:22.157435,3890,286.61,52.2,69.1,100,9.88,grid
2026-04-18T12:16:22.241644,3895,292.23,52.4,69.1,100,9.06,grid
2026-04-18T12:16:22.324200,3900,295.22,75.0,69.1,100,8.04,grid
2026-04-18T12:16:22.405233,3905,291.7,58.3,69.1,100,7.38,grid
2026-04-18T12:16:22.484325,3910,275.14,75.0,69.1,100,6.68,grid
2026-04-18T12:16:22.582856,3915,263.04,45.8,69.1,100,6.48,grid
2026-04-18T12:16:22.667504,3920,262.52,75.0,69.1,100,6.1,grid
2026-04-18T12:16:22.749364,3925,270.22,54.2,69.1,100,5.84,grid
2026-04-18T12:16:22.832146,3930,269.55,30.0,69.1,100,5.98,grid
2026-04-18T12:16:22.912906,3935,273.26,42.9,69.1,100,6.4,grid
2026-04-18T12:16:22.995203,3940,282.95,50.0,69.1,100,6.74,grid
2026-04-18T12:16:23.077435,3945,280.02,62.5,69.1,100,7.34,grid
2026-04-18T12:16:23.159983,3950,289.37,23.8,69.1,100,7.94,grid
2026-04-18T12:16:23.244851,3955,290.3,66.7,69.1,100,8.08,grid
2026-04-18T12:16:23.326201,3960,300.97,69.6,69.1,100,7.88,grid
2026-04-18T12:16:23.435532,3965,266.84,86.2,69.1,100,7.6,grid
2026-04-18T12:16:23.537170,3970,262.41,100.0,69.1,100,7.26,grid
2026-04-18T12:16:23.630605,3975,267.37,96.0,69.1,100,7.1,grid
2026-04-18T12:16:23.717142,3980,255.78,100.0,69.1,100,6.74,grid
2026-04-18T12:16:23.796929,3985,256.05,47.4,69.1,100,6.82,grid
2026-04-18T12:16:23.879605,3990,258.92,9.1,69.1,100,7.02,grid
2026-04-18T12:16:23.967062,3995,248.89,60.0,69.1,100,6.98,grid
2026-04-18T12:16:24.044694,4000,240.32,55.0,69.1,100,6.88,grid
2026-04-18T12:16:24.128240,4005,242.46,45.0,69.1,100,6.84,grid
2026-04-18T12:16:24.215836,4010,233.01,35.0,69.1,100,6.84,grid
2026-04-18T12:16:24.307786,4015,225.26,60.0,69.1,100,6.82,grid
2026-04-18T12:16:24.399391,4020,220.61,58.3,69.1,100,6.92,grid
2026-04-18T12:16:24.480375,4025,245.89,50.0,69.1,100,7.2,grid
2026-04-18T12:16:24.563586,4030,267.63,56.5,69.1,100,7.12,grid
2026-04-18T12:16:24.645674,4035,284.77,19.0,69.1,100,7.4,grid
2026-04-18T12:16:24.731904,4040,297.75,45.0,69.1,100,7.88,grid
2026-04-18T12:16:24.812120,4045,299.94,54.2,69.1,100,8.36,grid
2026-04-18T12:16:24.893631,4050,299.9,30.0,69.1,100,9.0,grid
2026-04-18T12:16:24.977030,4055,303.73,50.0,69.1,100,9.16,grid
2026-04-18T12:16:25.059847,4060,316.69,50.0,69.1,100,9.04,grid
2026-04-18T12:16:25.143180,4065,317.36,25.0,69.1,100,9.12,grid
2026-04-18T12:16:25.224918,4070,318.88,42.9,69.1,100,9.0,grid
2026-04-18T12:16:25.304395,4075,339.62,50.0,69.1,100,8.98,grid
2026-04-18T12:16:25.393388,4080,344.48,76.0,69.1,100,9.14,grid
2026-04-18T12:16:25.471576,4085,331.89,71.4,69.1,100,9.14,grid
2026-04-18T12:16:25.574019,4090,297.44,95.8,69.1,100,9.38,grid
2026-04-18T12:16:25.720377,4095,256.44,100.0,69.1,100,9.4,grid
2026-04-18T12:16:25.827987,4100,239.86,100.0,69.1,100,9.96,grid
2026-04-18T12:16:25.914517,4105,233.29,75.0,69.1,100,9.96,grid
2026-04-18T12:16:26.000116,4110,225.59,50.0,69.1,100,9.8,grid
2026-04-18T12:16:26.086297,4115,219.9,50.0,69.1,100,9.44,grid
2026-04-18T12:16:26.196291,4120,207.23,93.3,69.1,100,9.02,grid
2026-04-18T12:16:26.300336,4125,198.75,85.7,69.1,100,8.56,grid
2026-04-18T12:16:26.378825,4130,200.68,35.0,69.1,100,7.62,grid
2026-04-18T12:16:26.465361,4135,199.41,55.0,69.1,100,6.98,grid
2026-04-18T12:16:26.546691,4140,201.71,46.2,69.1,100,6.54,grid
2026-04-18T12:16:26.630360,4145,205.3,25.0,69.1,100,6.22,grid
2026-04-18T12:16:26.714236,4150,221.18,66.7,69.1,100,5.88,grid
2026-04-18T12:16:26.794644,4155,242.15,60.0,69.1,100,5.8,grid
2026-04-18T12:16:26.878026,4160,263.09,28.6,69.1,100,5.76,grid
2026-04-18T12:16:26.961557,4165,265.46,80.0,69.1,100,5.62,grid
2026-04-18T12:16:27.050430,4170,262.41,70.8,69.2,100,5.48,grid
2026-04-18T12:16:27.125101,4175,272.66,70.0,69.2,100,5.56,grid
2026-04-18T12:16:27.208063,4180,285.92,59.1,69.2,100,5.54,grid
2026-04-18T12:16:27.292785,4185,295.64,61.9,69.2,100,5.58,grid
2026-04-18T12:16:27.376764,4190,299.38,45.8,69.2,100,5.6,grid
2026-04-18T12:16:27.459938,4195,306.45,57.1,69.2,100,5.64,grid
2026-04-18T12:16:27.540501,4200,309.05,65.0,69.2,100,5.92,grid
2026-04-18T12:16:27.624475,4205,305.88,39.1,69.2,100,6.02,grid
2026-04-18T12:16:27.708011,4210,301.29,31.8,69.2,100,6.14,grid
2026-04-18T12:16:27.791468,4215,302.77,30.0,69.2,100,6.14,grid
2026-04-18T12:16:27.886548,4220,278.38,88.0,69.2,100,6.0,grid
2026-04-18T12:16:28.167128,4225,253.5,100.0,69.2,100,5.98,grid
2026-04-18T12:16:28.317337,4230,227.72,100.0,69.2,100,5.9,grid
2026-04-18T12:16:28.418606,4235,216.63,96.2,69.2,100,5.84,grid
2026-04-18T12:16:28.544861,4240,197.17,90.9,69.2,100,6.08,grid
2026-04-18T12:16:28.703614,4245,182.04,100.0,69.2,100,6.2,grid
2026-04-18T12:16:28.832796,4250,168.69,100.0,69.2,100,6.44,grid
2026-04-18T12:16:28.944092,4255,156.46,100.0,69.2,100,6.3,grid
2026-04-18T12:16:29.045322,4260,149.22,100.0,69.2,100,6.38,grid
2026-04-18T12:16:29.132641,4265,146.82,90.5,69.2,100,6.28,grid
2026-04-18T12:16:29.212948,4270,148.28,70.0,69.2,100,6.12,grid
2026-04-18T12:16:29.294844,4275,150.53,50.0,69.2,100,6.26,grid
2026-04-18T12:16:29.377674,4280,157.44,15.0,69.2,100,6.22,grid
2026-04-18T12:16:29.459479,4285,170.99,30.0,69.2,100,6.38,grid
2026-04-18T12:16:29.573482,4290,174.83,93.1,69.2,100,6.38,grid
2026-04-18T12:16:29.652845,4295,182.02,50.0,69.2,100,6.4,grid
2026-04-18T12:16:29.737751,4300,197.69,45.8,69.2,100,6.64,grid
2026-04-18T12:16:29.822132,4305,216.08,38.1,69.2,100,6.72,grid
2026-04-18T12:16:29.908692,4310,236.12,45.8,69.2,100,6.68,grid
2026-04-18T12:16:29.990540,4315,253.83,10.0,69.2,100,6.62,grid
2026-04-18T12:16:30.071718,4320,272.75,38.1,69.2,100,6.62,grid
2026-04-18T12:16:30.224313,4325,241.31,95.2,69.2,100,6.82,grid
2026-04-18T12:16:30.306287,4330,232.48,80.0,69.2,100,6.86,grid
2026-04-18T12:16:30.389553,4335,233.03,32.0,69.2,100,6.98,grid
2026-04-18T12:16:30.471402,4340,231.75,38.1,69.2,100,7.0,grid
2026-04-18T12:16:30.556936,4345,224.9,40.0,69.2,100,6.82,grid
2026-04-18T12:16:30.641561,4350,251.7,48.0,69.2,100,6.82,grid
2026-04-18T12:16:30.721521,4355,251.36,15.0,69.2,100,6.56,grid
2026-04-18T12:16:30.807113,4360,249.54,81.0,69.2,100,6.22,grid
2026-04-18T12:16:30.891482,4365,252.01,66.7,69.2,100,6.28,grid
2026-04-18T12:16:30.983294,4370,243.82,29.2,69.2,100,5.98,grid
2026-04-18T12:16:31.059154,4375,251.76,75.0,69.2,100,5.62,grid
2026-04-18T12:16:31.141776,4380,252.25,65.0,69.2,100,5.22,grid
2026-04-18T12:16:31.227384,4385,297.52,35.0,69.2,100,5.02,grid
2026-04-18T12:16:31.312344,4390,306.25,58.3,69.2,100,4.78,grid
2026-04-18T12:16:31.395426,4395,306.83,40.0,69.2,100,4.78,grid
2026-04-18T12:16:31.476776,4400,305.77,38.1,69.2,100,4.9,grid
2026-04-18T12:16:31.561895,4405,313.81,62.5,69.2,100,5.24,grid
2026-04-18T12:16:31.644718,4410,305.32,55.0,69.2,100,5.58,grid
2026-04-18T12:16:31.726153,4415,313.74,30.0,69.2,100,5.8,grid
2026-04-18T12:16:31.807784,4420,322.57,35.0,69.2,100,5.9,grid
2026-04-18T12:16:31.908524,4425,301.39,79.3,69.2,100,6.12,grid
2026-04-18T12:16:31.993966,4430,322.44,40.0,69.2,100,6.2,grid
2026-04-18T12:16:32.077697,4435,326.71,34.8,69.2,100,6.04,grid
2026-04-18T12:16:32.166497,4440,324.86,38.1,69.2,100,5.98,grid
2026-04-18T12:16:32.262010,4445,307.5,95.8,69.2,100,6.24,grid
2026-04-18T12:16:32.359293,4450,283.74,80.0,69.2,100,6.38,grid
2026-04-18T12:16:32.441193,4455,274.13,70.0,69.2,100,6.42,grid
2026-04-18T12:16:32.521901,4460,275.22,57.1,69.2,100,6.3,grid
2026-04-18T12:16:32.604100,4465,269.27,35.0,69.2,100,6.42,grid
2026-04-18T12:16:32.683152,4470,278.13,60.0,69.2,100,6.62,grid
2026-04-18T12:16:32.773182,4475,269.17,75.0,69.2,100,6.66,grid
2026-04-18T12:16:32.854621,4480,273.08,55.0,69.2,100,6.96,grid
2026-04-18T12:16:32.954550,4485,273.41,71.4,69.2,100,7.58,grid
2026-04-18T12:16:33.045477,4490,259.58,92.0,69.2,100,8.08,grid
2026-04-18T12:16:33.128066,4495,244.29,55.0,69.2,100,8.52,grid
2026-04-18T12:16:33.209402,4500,236.53,47.6,69.2,100,8.14,grid
2026-04-18T12:16:33.293644,4505,242.12,66.7,69.2,100,7.56,grid
2026-04-18T12:16:33.374232,4510,262.11,57.9,69.2,100,6.78,grid
2026-04-18T12:16:33.455873,4515,264.62,31.8,69.2,100,6.2,grid
2026-04-18T12:16:33.547846,4520,252.91,70.8,69.2,100,5.86,grid
2026-04-18T12:16:33.678969,4525,228.43,100.0,69.2,100,5.54,grid
2026-04-18T12:16:33.776554,4530,212.6,100.0,69.2,100,5.5,grid
2026-04-18T12:16:33.858227,4535,206.97,76.0,69.2,100,5.32,grid
2026-04-18T12:16:33.943076,4540,196.05,85.0,69.2,100,5.42,grid
2026-04-18T12:16:34.065243,4545,184.58,100.0,69.2,100,5.5,grid
2026-04-18T12:16:34.150750,4550,180.83,81.0,69.2,100,5.76,grid
2026-04-18T12:16:34.247194,4555,179.58,88.0,69.2,100,5.74,grid
2026-04-18T12:16:34.340258,4560,179.04,88.0,69.2,100,5.7,grid
2026-04-18T12:16:34.427622,4565,174.84,88.0,69.2,100,6.2,grid
2026-04-18T12:16:34.607447,4570,153.7,100.0,69.2,100,6.72,grid
2026-04-18T12:16:34.724342,4575,147.52,100.0,69.2,100,7.02,grid
2026-04-18T12:16:34.824537,4580,142.22,95.8,69.2,100,7.24,grid
2026-04-18T12:16:34.905954,4585,147.9,66.7,69.2,100,7.42,grid
2026-04-18T12:16:34.996692,4590,149.94,80.0,69.2,100,7.58,grid
2026-04-18T12:16:35.080844,4595,151.01,81.8,69.2,100,7.66,grid
2026-04-18T12:16:35.171632,4600,151.69,81.5,69.2,100,7.86,grid
2026-04-18T12:16:35.284365,4605,155.88,96.6,69.2,100,7.78,grid
2026-04-18T12:16:35.395182,4610,153.86,100.0,69.2,100,7.54,grid
2026-04-18T12:16:35.489796,4615,152.64,100.0,69.2,100,7.04,grid
2026-04-18T12:16:35.587490,4620,151.73,100.0,69.2,100,6.6,grid
2026-04-18T12:16:35.695358,4625,151.28,100.0,69.2,100,6.22,grid
2026-04-18T12:16:35.785365,4630,162.91,100.0,69.2,100,6.0,grid
2026-04-18T12:16:35.876093,4635,165.9,100.0,69.2,100,5.86,grid
2026-04-18T12:16:35.975748,4640,171.95,95.8,69.2,100,5.98,grid
2026-04-18T12:16:36.130906,4645,160.73,100.0,69.2,100,6.1,grid
2026-04-18T12:16:36.224543,4650,157.65,100.0,69.2,100,6.22,grid
2026-04-18T12:16:36.307430,4655,157.32,95.0,69.2,100,6.42,grid
2026-04-18T12:16:36.391977,4660,160.2,66.7,69.2,100,6.52,grid
2026-04-18T12:16:36.474333,4665,171.84,40.0,69.2,100,6.76,grid
2026-04-18T12:16:36.556781,4670,183.13,55.0,69.2,100,6.78,grid
2026-04-18T12:16:36.640046,4675,194.11,41.7,69.2,100,6.68,grid
2026-04-18T12:16:36.723251,4680,204.7,33.3,69.2,100,6.8,grid
2026-04-18T12:16:36.815877,4685,207.68,87.5,69.2,100,7.1,grid
2026-04-18T12:16:36.899116,4690,212.06,100.0,69.2,100,7.44,grid
2026-04-18T12:16:36.977676,4695,219.77,60.0,69.2,100,7.7,grid
2026-04-18T12:16:37.063627,4700,228.0,68.0,69.2,100,8.14,grid
2026-04-18T12:16:37.145345,4705,254.82,50.0,69.2,100,8.24,grid
2026-04-18T12:16:37.234610,4710,270.32,75.0,69.2,100,8.32,grid
2026-04-18T12:16:37.316641,4715,276.5,65.0,69.2,100,8.3,grid
2026-04-18T12:16:37.400483,4720,288.49,50.0,69.2,100,8.52,grid
2026-04-18T12:16:37.483550,4725,281.19,54.2,69.2,100,8.84,grid
2026-04-18T12:16:37.568299,4730,275.38,60.0,69.2,100,8.76,grid
2026-04-18T12:16:37.648697,4735,271.21,76.2,69.2,100,8.56,grid
2026-04-18T12:16:37.828191,4740,254.09,95.6,69.2,100,8.6,grid
2026-04-18T12:16:37.941472,4745,243.74,87.1,69.2,100,8.42,grid
2026-04-18T12:16:38.020776,4750,257.86,50.0,69.2,100,8.16,grid
2026-04-18T12:16:38.110548,4755,257.04,58.3,68.0,100,8.1,grid
2026-04-18T12:16:38.190099,4760,260.65,28.6,68.6,100,8.28,grid
2026-04-18T12:16:38.274407,4765,270.62,40.0,68.6,100,8.26,grid
2026-04-18T12:16:38.355870,4770,274.33,60.0,68.6,100,8.58,grid
2026-04-18T12:16:38.440677,4775,281.28,41.7,68.6,100,8.92,grid
2026-04-18T12:16:38.525516,4780,268.67,65.0,68.6,100,9.26,grid
2026-04-18T12:16:38.620601,4785,253.31,91.7,68.6,100,9.92,grid
2026-04-18T12:16:38.724663,4790,242.45,100.0,68.7,100,10.24,grid
2026-04-18T12:16:38.846872,4795,225.14,93.9,68.8,100,10.62,grid
2026-04-18T12:16:38.955827,4800,221.9,100.0,68.8,100,10.14,grid
2026-04-18T12:16:39.083639,4805,219.9,90.6,68.8,100,9.16,grid
2026-04-18T12:16:39.170408,4810,210.6,54.2,68.8,100,8.68,grid
2026-04-18T12:16:39.251709,4815,212.67,45.0,68.8,100,7.68,grid
2026-04-18T12:16:39.332742,4820,208.65,20.0,68.8,100,7.02,grid
2026-04-18T12:16:39.414562,4825,206.9,45.0,68.8,100,6.48,grid
2026-04-18T12:16:39.497942,4830,209.95,59.1,68.8,100,6.26,grid
2026-04-18T12:16:39.586475,4835,205.22,36.4,68.8,100,6.1,grid
2026-04-18T12:16:39.664852,4840,210.24,35.0,68.8,100,5.92,grid
2026-04-18T12:16:39.750874,4845,216.66,62.5,68.8,100,5.76,grid
2026-04-18T12:16:39.859147,4850,216.0,67.9,68.8,100,5.7,grid
2026-04-18T12:16:39.940114,4855,226.52,57.1,68.8,100,5.82,grid
2026-04-18T12:16:40.022193,4860,237.96,10.0,68.8,100,5.72,grid
2026-04-18T12:16:40.100157,4865,263.08,20.0,68.8,100,5.66,grid
2026-04-18T12:16:40.185472,4870,270.91,54.2,68.8,100,5.64,grid
2026-04-18T12:16:40.269240,4875,267.95,19.0,68.9,100,5.78,grid
2026-04-18T12:16:40.356632,4880,266.16,56.5,68.9,100,5.8,grid
2026-04-18T12:16:40.439907,4885,264.94,47.6,68.9,100,6.12,grid
2026-04-18T12:16:40.521634,4890,260.87,30.0,68.9,100,6.38,grid
2026-04-18T12:16:40.608904,4895,259.97,66.7,68.9,100,6.56,grid
2026-04-18T12:16:40.690719,4900,255.26,45.0,68.9,100,7.02,grid
2026-04-18T12:16:40.772752,4905,264.21,25.0,68.9,100,7.5,grid
2026-04-18T12:16:40.853134,4910,281.26,70.0,68.9,100,8.02,grid
2026-04-18T12:16:40.941603,4915,277.94,79.2,69.0,100,8.68,grid
2026-04-18T12:16:41.023047,4920,285.73,30.0,69.0,100,9.14,grid
2026-04-18T12:16:41.106257,4925,284.4,50.0,69.0,100,9.26,grid
2026-04-18T12:16:41.195555,4930,269.1,75.0,69.0,100,9.38,grid
2026-04-18T12:16:41.279344,4935,265.16,70.8,69.0,100,9.5,grid
2026-04-18T12:16:41.361733,4940,275.98,35.0,69.0,100,9.24,grid
2026-04-18T12:16:41.448160,4945,265.16,55.0,69.0,100,8.98,grid
2026-04-18T12:16:41.548518,4950,252.86,72.4,69.0,100,8.44,grid
2026-04-18T12:16:41.633647,4955,257.97,50.0,69.0,100,8.2,grid
2026-04-18T12:16:41.714899,4960,261.69,50.0,69.0,100,7.68,grid
2026-04-18T12:16:41.801930,4965,253.47,54.2,69.0,100,7.32,grid
2026-04-18T12:16:41.882608,4970,253.67,45.0,69.0,100,6.86,grid
2026-04-18T12:16:41.963818,4975,270.12,35.0,69.0,100,6.92,grid
2026-04-18T12:16:42.045338,4980,271.05,25.0,69.0,100,6.96,grid
2026-04-18T12:16:42.133720,4985,272.83,60.0,69.0,100,7.14,grid
2026-04-18T12:16:42.215492,4990,297.22,50.0,69.0,100,7.24,grid
2026-04-18T12:16:42.299229,4995,301.71,38.5,69.0,100,7.38,grid
2026-04-18T12:16:42.382110,5000,306.34,25.0,69.0,100,7.4,grid
2026-04-18T12:16:42.463295,5005,330.64,45.0,69.0,100,7.34,grid
2026-04-18T12:16:42.549320,5010,356.6,45.8,69.0,100,7.22,grid
2026-04-18T12:16:42.634342,5015,358.18,65.0,69.0,100,7.12,grid
2026-04-18T12:16:42.718560,5020,355.31,62.5,69.0,100,6.84,grid
2026-04-18T12:16:42.801043,5025,368.38,45.0,69.0,100,6.64,grid
2026-04-18T12:16:42.883512,5030,378.91,40.0,69.0,100,6.54,grid
2026-04-18T12:16:42.970999,5035,352.97,50.0,69.0,100,6.5,grid
2026-04-18T12:16:43.051622,5040,344.7,45.0,69.0,100,6.38,grid
2026-04-18T12:16:43.136335,5045,337.9,30.0,69.0,100,6.34,grid
2026-04-18T12:16:43.237413,5050,297.99,92.9,69.0,100,6.3,grid
2026-04-18T12:16:43.321655,5055,284.83,85.7,69.0,100,6.46,grid
2026-04-18T12:16:43.403432,5060,269.93,90.9,69.0,100,6.48,grid
2026-04-18T12:16:43.491301,5065,266.6,45.8,69.0,100,6.6,grid
2026-04-18T12:16:43.577302,5070,258.28,83.3,69.0,100,6.9,grid
2026-04-18T12:16:43.667022,5075,243.43,95.0,69.0,100,7.12,grid
2026-04-18T12:16:43.763350,5080,232.42,96.0,69.0,100,7.46,grid
2026-04-18T12:16:43.841503,5085,234.66,47.8,69.0,100,7.82,grid
2026-04-18T12:16:43.926674,5090,233.73,14.3,69.0,100,8.64,grid
2026-04-18T12:16:44.009244,5095,239.79,50.0,69.0,100,8.88,grid
2026-04-18T12:16:44.094742,5100,233.68,45.8,69.0,100,9.04,grid
2026-04-18T12:16:44.178974,5105,229.65,70.0,69.0,100,9.26,grid
2026-04-18T12:16:44.261366,5110,252.63,40.0,69.0,100,9.24,grid
2026-04-18T12:16:44.344469,5115,265.16,50.0,69.0,100,9.38,grid
2026-04-18T12:16:44.428215,5120,275.97,25.0,69.0,100,9.08,grid
2026-04-18T12:16:44.510278,5125,277.62,55.0,69.0,100,9.06,grid
2026-04-18T12:16:44.595459,5130,282.17,50.0,69.0,100,9.1,grid
2026-04-18T12:16:44.674702,5135,303.75,35.0,69.0,100,9.1,grid
2026-04-18T12:16:44.759971,5140,328.03,25.0,69.0,100,8.88,grid
2026-04-18T12:16:44.846580,5145,325.37,50.0,69.0,100,9.06,grid
2026-04-18T12:16:44.929807,5150,317.53,40.0,69.0,100,9.18,grid
2026-04-18T12:16:45.026690,5155,291.74,92.0,69.0,100,9.06,grid
2026-04-18T12:16:45.119912,5160,294.26,41.7,69.0,100,8.9,grid
2026-04-18T12:16:45.201144,5165,297.09,69.6,69.0,100,8.64,grid
2026-04-18T12:16:45.287260,5170,289.13,36.4,69.0,100,8.12,grid
2026-04-18T12:16:45.370401,5175,290.32,65.0,69.0,100,7.94,grid
2026-04-18T12:16:45.461281,5180,276.3,83.3,69.0,100,7.68,grid
2026-04-18T12:16:45.552294,5185,258.17,100.0,69.0,100,7.66,grid
2026-04-18T12:16:45.634936,5190,252.23,100.0,69.0,100,7.9,grid
2026-04-18T12:16:45.717710,5195,245.99,87.5,69.0,100,8.02,grid
2026-04-18T12:16:45.804824,5200,243.37,65.0,69.0,100,7.9,grid
2026-04-18T12:16:45.887696,5205,245.71,64.0,69.0,100,7.62,grid
2026-04-18T12:16:45.969684,5210,252.48,30.0,69.0,100,7.4,grid
2026-04-18T12:16:46.063464,5215,263.28,50.0,69.0,100,6.98,grid
2026-04-18T12:16:46.144152,5220,270.68,38.1,69.0,100,6.9,grid
2026-04-18T12:16:46.230677,5225,261.61,45.0,69.0,100,6.76,grid
2026-04-18T12:16:46.311315,5230,265.66,37.5,69.0,100,6.52,grid
2026-04-18T12:16:46.393801,5235,267.96,50.0,69.0,100,6.52,grid
2026-04-18T12:16:46.474300,5240,284.26,30.0,69.0,100,6.6,grid
2026-04-18T12:16:46.557938,5245,308.54,25.0,69.0,100,6.78,grid
2026-04-18T12:16:46.643973,5250,310.93,64.0,69.0,100,6.64,grid
2026-04-18T12:16:46.725090,5255,318.5,25.0,69.0,100,7.14,grid
2026-04-18T12:16:46.970224,5260,232.47,88.0,69.0,100,7.66,grid
2026-04-18T12:16:47.067456,5265,224.35,71.1,69.0,100,8.28,grid
2026-04-18T12:16:47.155927,5270,217.27,37.5,69.0,100,9.12,grid
2026-04-18T12:16:47.236463,5275,218.77,75.0,69.0,100,9.72,grid
2026-04-18T12:16:47.317544,5280,215.25,45.0,69.0,100,10.42,grid
2026-04-18T12:16:47.404477,5285,219.68,37.5,69.0,100,10.58,grid
2026-04-18T12:16:47.499691,5290,213.45,70.8,69.0,100,10.82,grid
2026-04-18T12:16:47.581668,5295,210.06,50.0,69.0,100,11.08,grid
2026-04-18T12:16:47.702936,5300,193.93,81.2,69.0,100,10.84,grid
2026-04-18T12:16:47.844652,5305,174.11,100.0,69.0,100,10.12,grid
2026-04-18T12:16:47.930095,5310,176.41,59.1,69.0,100,9.6,grid
2026-04-18T12:16:48.013125,5315,172.62,66.7,69.0,100,8.98,grid
2026-04-18T12:16:48.109025,5320,199.89,79.3,69.0,100,8.9,grid
2026-04-18T12:16:48.217370,5325,191.21,100.0,69.0,100,8.92,grid
2026-04-18T12:16:48.334166,5330,173.75,100.0,69.0,100,9.42,grid
2026-04-18T12:16:48.435710,5335,170.37,75.9,69.0,100,10.12,grid
2026-04-18T12:16:48.532492,5340,166.58,75.0,69.0,100,10.54,grid
2026-04-18T12:16:48.648723,5345,161.86,96.4,69.0,100,10.38,grid
2026-04-18T12:16:48.817916,5350,154.56,100.0,69.0,100,9.94,grid
2026-04-18T12:16:48.921683,5355,149.38,92.9,69.0,100,9.48,grid
2026-04-18T12:16:49.029207,5360,150.66,78.6,69.0,100,9.04,grid
2026-04-18T12:16:49.112686,5365,165.08,40.0,69.0,100,8.68,grid
2026-04-18T12:16:49.195398,5370,165.3,10.0,69.0,100,8.2,grid
2026-04-18T12:16:49.284819,5375,169.64,50.0,69.0,100,8.06,grid
2026-04-18T12:16:49.370012,5380,182.82,45.0,69.0,100,7.94,grid
2026-04-18T12:16:49.450914,5385,197.68,43.5,69.0,100,8.02,grid
2026-04-18T12:16:49.536445,5390,221.81,57.1,69.0,100,7.78,grid
2026-04-18T12:16:49.621083,5395,226.22,76.2,69.0,100,8.06,grid
2026-04-18T12:16:49.701164,5400,238.23,50.0,69.0,100,7.94,grid
2026-04-18T12:16:49.785895,5405,250.54,55.0,69.0,100,7.86,grid
2026-04-18T12:16:49.885517,5410,267.84,87.5,69.0,100,7.58,grid
2026-04-18T12:16:49.975810,5415,269.78,95.8,69.0,100,7.42,grid
2026-04-18T12:16:50.059102,5420,290.89,65.0,69.0,100,7.5,grid
2026-04-18T12:16:50.141603,5425,291.65,61.5,69.0,100,7.46,grid
2026-04-18T12:16:50.222522,5430,298.22,45.0,69.0,100,7.4,grid
2026-04-18T12:16:50.305457,5435,299.17,40.0,69.0,100,7.64,grid
2026-04-18T12:16:50.394979,5440,288.25,83.3,69.0,100,7.98,grid
2026-04-18T12:16:50.480536,5445,280.85,85.7,69.0,100,8.26,grid
2026-04-18T12:16:50.576323,5450,269.83,70.8,69.0,100,8.38,grid
2026-04-18T12:16:50.661926,5455,279.47,70.8,69.0,100,8.52,grid
2026-04-18T12:16:50.751854,5460,269.94,75.0,69.0,100,8.56,grid
2026-04-18T12:16:50.833299,5465,274.57,60.0,69.0,100,8.42,grid
2026-04-18T12:16:50.924449,5470,272.44,66.7,69.0,100,8.34,grid
2026-04-18T12:16:51.004062,5475,289.56,33.3,69.0,100,8.38,grid
2026-04-18T12:16:51.083658,5480,289.1,42.9,69.0,100,8.38,grid
2026-04-18T12:16:51.167525,5485,283.65,55.0,69.0,100,8.5,grid
2026-04-18T12:16:51.250234,5490,276.07,58.3,69.0,100,9.02,grid
2026-04-18T12:16:51.334596,5495,274.23,15.0,69.0,100,9.3,grid
2026-04-18T12:16:51.419372,5500,274.06,62.5,69.0,100,9.4,grid
2026-04-18T12:16:51.510986,5505,266.37,70.0,69.0,100,9.68,grid
2026-04-18T12:16:51.592110,5510,278.66,37.5,69.0,100,9.8,grid
2026-04-18T12:16:51.674483,5515,274.79,40.0,69.0,100,9.72,grid
2026-04-18T12:16:51.757666,5520,280.35,35.0,69.0,100,9.52,grid
2026-04-18T12:16:51.840635,5525,276.21,45.8,69.0,100,9.44,grid
2026-04-18T12:16:51.923783,5530,287.81,45.0,69.0,100,9.32,grid
2026-04-18T12:16:52.033403,5535,273.19,60.7,69.0,100,9.18,grid
2026-04-18T12:16:52.144600,5540,253.99,96.4,69.0,100,9.1,grid
2026-04-18T12:16:52.223123,5545,257.31,50.0,69.0,100,8.84,grid
2026-04-18T12:16:52.324688,5550,244.25,80.0,69.0,100,8.5,grid
2026-04-18T12:16:52.401290,5555,245.72,55.0,69.0,100,8.3,grid
2026-04-18T12:16:52.482941,5560,254.6,47.8,69.0,100,7.8,grid
2026-04-18T12:16:52.565866,5565,265.38,52.4,69.0,100,7.04,grid
2026-04-18T12:16:52.647609,5570,272.01,35.0,69.0,100,6.22,grid
2026-04-18T12:16:52.729279,5575,277.43,45.0,69.0,100,5.86,grid
2026-04-18T12:16:52.812531,5580,286.94,52.0,69.0,100,5.62,grid
2026-04-18T12:16:52.897425,5585,288.09,42.9,69.0,100,5.26,grid
2026-04-18T12:16:52.984207,5590,285.98,29.2,69.0,100,5.14,grid
2026-04-18T12:16:53.072099,5595,299.9,61.9,69.0,100,5.34,grid
2026-04-18T12:16:53.155233,5600,327.73,56.5,69.0,100,5.3,grid
2026-04-18T12:16:53.237739,5605,320.67,47.6,69.0,100,5.24,grid
2026-04-18T12:16:53.320260,5610,345.15,25.0,69.0,100,5.62,grid
2026-04-18T12:16:53.401297,5615,352.29,23.8,69.0,100,5.6,grid
2026-04-18T12:16:53.488454,5620,348.4,33.3,69.0,100,5.6,grid
2026-04-18T12:16:53.576043,5625,335.16,87.5,69.0,100,5.58,grid
2026-04-18T12:16:53.687590,5630,283.34,96.7,69.0,100,5.72,grid
2026-04-18T12:16:53.770232,5635,274.19,65.0,69.0,100,5.84,grid
2026-04-18T12:16:53.858019,5640,266.59,28.0,69.0,100,5.88,grid
2026-04-18T12:16:53.934537,5645,274.31,57.9,69.0,100,5.74,grid
2026-04-18T12:16:54.041798,5650,250.72,84.0,69.0,100,5.68,grid
2026-04-18T12:16:54.123674,5655,255.82,54.2,69.0,100,5.78,grid
2026-04-18T12:16:54.227448,5660,243.78,56.0,69.0,100,5.74,grid
2026-04-18T12:16:54.307697,5665,238.91,65.0,69.0,100,5.78,grid
2026-04-18T12:16:54.388235,5670,241.29,65.0,69.0,100,6.04,grid
2026-04-18T12:16:54.469998,5675,238.66,37.5,69.0,100,6.46,grid
2026-04-18T12:16:54.551286,5680,236.57,38.1,69.0,100,6.84,grid
2026-04-18T12:16:54.751217,5685,220.18,76.9,69.0,100,7.12,grid
2026-04-18T12:16:54.884247,5690,230.9,97.1,69.0,100,7.32,grid
2026-04-18T12:16:54.970063,5695,236.76,50.0,69.0,100,7.62,grid
2026-04-18T12:16:55.053229,5700,230.28,25.0,69.0,100,7.5,grid
2026-04-18T12:16:55.137577,5705,223.46,65.0,69.0,100,7.16,grid
2026-04-18T12:16:55.219238,5710,238.97,50.0,69.0,100,6.78,grid
2026-04-18T12:16:55.304248,5715,228.78,60.0,69.0,100,6.28,grid
2026-04-18T12:16:55.387398,5720,233.75,95.0,69.0,100,6.1,grid
2026-04-18T12:16:55.471489,5725,237.15,75.0,69.0,100,6.02,grid
2026-04-18T12:16:55.554299,5730,232.14,65.0,69.0,100,5.92,grid
2026-04-18T12:16:55.635596,5735,233.74,95.0,69.0,100,6.06,grid
2026-04-18T12:16:55.726888,5740,228.51,79.2,69.0,100,6.02,grid
2026-04-18T12:16:56.086541,5745,231.02,97.5,69.0,100,6.24,grid
2026-04-18T12:16:56.247340,5750,221.42,98.3,69.0,100,6.4,grid
2026-04-18T12:16:56.333195,5755,209.86,90.0,69.0,100,6.48,grid
2026-04-18T12:16:56.574826,5760,191.54,100.0,69.0,100,6.38,grid
2026-04-18T12:16:56.652636,5765,190.91,76.2,69.0,100,6.18,grid
2026-04-18T12:16:56.736519,5770,195.06,45.8,69.0,100,6.24,grid
2026-04-18T12:16:56.818744,5775,202.08,50.0,69.0,100,6.32,grid
2026-04-18T12:16:56.901460,5780,208.09,40.0,69.0,100,6.3,grid
2026-04-18T12:16:56.991861,5785,210.05,33.3,69.0,100,6.26,grid
2026-04-18T12:16:57.080368,5790,211.31,83.3,69.0,100,6.2,grid
2026-04-18T12:16:57.163159,5795,207.27,25.0,69.0,100,6.14,grid
2026-04-18T12:16:57.252784,5800,205.47,83.3,69.0,100,6.0,grid
2026-04-18T12:16:57.352747,5805,212.03,76.0,69.0,100,5.88,grid
2026-04-18T12:16:57.437058,5810,226.5,87.5,69.0,100,5.78,grid
2026-04-18T12:16:57.519646,5815,232.8,85.0,69.0,100,5.64,grid
2026-04-18T12:16:57.602772,5820,258.84,100.0,69.0,100,5.46,grid
2026-04-18T12:16:57.697271,5825,241.68,100.0,69.0,100,5.44,grid
2026-04-18T12:16:57.784923,5830,235.89,100.0,69.0,100,5.72,grid
2026-04-18T12:16:57.871704,5835,229.46,95.2,69.0,100,5.96,grid
2026-04-18T12:16:57.952397,5840,221.34,87.5,69.0,100,6.44,grid
2026-04-18T12:16:58.037135,5845,223.51,47.6,69.0,100,7.12,grid
2026-04-18T12:16:58.143945,5850,207.93,96.6,69.0,100,7.86,grid
2026-04-18T12:16:58.223639,5855,208.29,40.0,69.0,100,8.92,grid
2026-04-18T12:16:58.322946,5860,204.69,79.2,69.0,100,10.12,grid
2026-04-18T12:16:58.404225,5865,211.54,50.0,69.0,100,11.28,grid
2026-04-18T12:16:58.488304,5870,214.81,65.0,69.0,100,12.14,grid
2026-04-18T12:16:58.589747,5875,209.72,91.7,69.0,100,12.3,grid
2026-04-18T12:16:58.749045,5880,194.22,95.5,69.0,100,12.2,grid
2026-04-18T12:16:58.891968,5885,195.07,100.0,69.0,100,11.74,grid
2026-04-18T12:16:59.027182,5890,183.67,100.0,69.0,100,10.54,grid
2026-04-18T12:16:59.153681,5895,173.87,97.0,69.0,100,9.3,grid
2026-04-18T12:16:59.237399,5900,173.39,66.7,69.0,100,8.36,grid
2026-04-18T12:16:59.322643,5905,171.07,65.0,69.0,100,7.58,grid
2026-04-18T12:16:59.412191,5910,181.28,58.3,69.0,100,7.2,grid
2026-04-18T12:16:59.497363,5915,177.35,80.0,69.0,100,6.9,grid
2026-04-18T12:16:59.582823,5920,183.22,58.3,69.0,100,6.7,grid
2026-04-18T12:16:59.670826,5925,182.08,58.3,69.0,100,6.68,grid
2026-04-18T12:16:59.751198,5930,186.12,45.0,69.0,100,6.68,grid
2026-04-18T12:16:59.834271,5935,194.47,52.4,69.0,100,6.74,grid
2026-04-18T12:16:59.933593,5940,200.17,100.0,69.0,100,6.8,grid
2026-04-18T12:17:00.041393,5945,197.5,64.3,69.0,100,6.82,grid
2026-04-18T12:17:00.133229,5950,213.3,45.8,69.0,100,7.24,grid
2026-04-18T12:17:00.215121,5955,234.63,70.0,69.0,100,7.5,grid
2026-04-18T12:17:00.332404,5960,214.25,75.8,69.0,100,7.72,grid
2026-04-18T12:17:00.449627,5965,201.71,96.4,69.0,100,8.04,grid
2026-04-18T12:17:00.556933,5970,189.06,96.6,69.0,100,8.1,grid
2026-04-18T12:17:00.645552,5975,188.91,70.8,69.2,100,7.98,grid
2026-04-18T12:17:00.724805,5980,190.87,0.0,69.2,100,7.58,grid
2026-04-18T12:17:00.811396,5985,191.83,62.5,69.2,100,6.9,grid
2026-04-18T12:17:00.895495,5990,188.36,38.1,69.2,100,6.44,grid
2026-04-18T12:17:00.988509,5995,178.63,80.0,69.2,100,6.14,grid
2026-04-18T12:17:01.087134,6000,178.21,87.5,69.2,100,5.78,grid
2026-04-18T12:17:01.165232,6005,192.91,50.0,69.2,100,5.54,grid
2026-04-18T12:17:01.246279,6010,197.22,25.0,69.2,100,5.52,grid
2026-04-18T12:17:01.333636,6015,189.11,58.3,69.2,100,5.76,grid
2026-04-18T12:17:01.420776,6020,209.42,75.0,69.2,100,6.06,grid
2026-04-18T12:17:01.512647,6025,223.09,55.0,69.2,100,6.02,grid
2026-04-18T12:17:01.596455,6030,238.49,62.5,69.2,100,5.94,grid
2026-04-18T12:17:01.677477,6035,252.4,25.0,69.2,100,5.9,grid
2026-04-18T12:17:01.760478,6040,254.51,40.0,69.2,100,6.0,grid
2026-04-18T12:17:01.842662,6045,261.69,68.2,69.2,100,6.18,grid
2026-04-18T12:17:01.926529,6050,264.87,13.6,69.2,100,6.26,grid
2026-04-18T12:17:02.030559,6055,274.27,42.9,69.2,100,6.28,grid
2026-04-18T12:17:02.113405,6060,298.37,65.0,69.2,100,6.28,grid
2026-04-18T12:17:02.199789,6065,289.53,36.4,69.2,100,6.42,grid
2026-04-18T12:17:02.279644,6070,287.96,31.8,69.2,100,6.48,grid
2026-04-18T12:17:02.361569,6075,311.98,33.3,69.2,100,6.72,grid
2026-04-18T12:17:02.444725,6080,316.3,50.0,69.2,100,6.94,grid
2026-04-18T12:17:02.527417,6085,327.67,50.0,69.2,100,6.9,grid
2026-04-18T12:17:02.610413,6090,345.05,39.1,69.2,100,6.96,grid
2026-04-18T12:17:02.696164,6095,334.45,14.3,69.2,100,6.48,grid
2026-04-18T12:17:02.778169,6100,337.3,35.0,69.2,100,6.1,grid
2026-04-18T12:17:02.861549,6105,331.98,45.8,69.2,100,6.14,grid
2026-04-18T12:17:03.045264,6110,335.08,77.5,69.2,100,6.2,grid
2026-04-18T12:17:03.231309,6115,272.15,100.0,69.2,100,6.48,grid
2026-04-18T12:17:03.314307,6120,268.1,83.3,69.2,100,6.66,grid
2026-04-18T12:17:03.401888,6125,264.4,65.0,69.2,100,6.92,grid
2026-04-18T12:17:03.485292,6130,259.81,80.0,69.2,100,7.18,grid
2026-04-18T12:17:03.566780,6135,250.12,60.0,69.2,100,7.44,grid
2026-04-18T12:17:03.653309,6140,236.78,87.5,69.2,100,7.44,grid
2026-04-18T12:17:03.752998,6145,222.24,91.7,69.2,100,7.6,grid
2026-04-18T12:17:03.833270,6150,216.55,75.0,69.2,100,7.62,grid
2026-04-18T12:17:03.935213,6155,206.66,89.7,69.2,100,7.78,grid
2026-04-18T12:17:04.017511,6160,203.45,40.0,69.2,100,8.06,grid
2026-04-18T12:17:04.103549,6165,200.98,30.0,69.2,100,8.32,grid
2026-04-18T12:17:04.188292,6170,198.73,41.7,69.2,100,8.62,grid
2026-04-18T12:17:04.269056,6175,237.32,45.0,69.2,100,8.94,grid
2026-04-18T12:17:04.475464,6180,206.6,88.5,69.2,100,9.02,grid
2026-04-18T12:17:04.580591,6185,209.84,57.1,69.2,100,9.26,grid
2026-04-18T12:17:04.665505,6190,204.82,65.0,69.2,100,8.98,grid
2026-04-18T12:17:04.744955,6195,203.74,85.0,69.2,100,8.78,grid
2026-04-18T12:17:04.829332,6200,209.4,41.7,69.2,100,8.3,grid
2026-04-18T12:17:04.913267,6205,222.25,55.0,69.2,100,7.98,grid
2026-04-18T12:17:04.998452,6210,224.32,66.7,69.2,100,7.4,grid
2026-04-18T12:17:05.082885,6215,236.47,60.0,69.2,100,7.2,grid
2026-04-18T12:17:05.162357,6220,242.75,42.9,69.2,100,7.4,grid
2026-04-18T12:17:05.244997,6225,247.75,42.9,69.2,100,7.48,grid
2026-04-18T12:17:05.340567,6230,239.48,62.5,69.2,100,7.46,grid
2026-04-18T12:17:05.432185,6235,228.73,100.0,69.2,100,7.84,grid
2026-04-18T12:17:05.516292,6240,268.1,87.5,69.2,100,7.7,grid
2026-04-18T12:17:05.598743,6245,262.0,90.0,69.2,100,7.74,grid
2026-04-18T12:17:05.681820,6250,275.06,55.0,69.2,100,7.94,grid
2026-04-18T12:17:05.778213,6255,265.7,68.0,69.2,100,8.26,grid
2026-04-18T12:17:05.861947,6260,269.34,37.5,69.2,100,8.66,grid
2026-04-18T12:17:05.942752,6265,265.75,30.0,69.2,100,9.52,grid
2026-04-18T12:17:06.025780,6270,263.75,50.0,69.2,100,10.76,grid
2026-04-18T12:17:06.108310,6275,258.27,62.5,69.2,100,11.6,grid
2026-04-18T12:17:06.195762,6280,250.02,20.0,69.2,100,11.76,grid
2026-04-18T12:17:06.274411,6285,241.81,50.0,69.2,100,11.7,grid
2026-04-18T12:17:06.356124,6290,244.6,56.5,69.2,100,11.14,grid
2026-04-18T12:17:06.438077,6295,255.05,40.0,69.2,100,10.14,grid
2026-04-18T12:17:06.521144,6300,263.19,0.0,69.2,100,9.36,grid
2026-04-18T12:17:06.606454,6305,263.55,71.4,69.2,100,8.16,grid
2026-04-18T12:17:06.688655,6310,262.43,41.7,69.2,100,7.74,grid
2026-04-18T12:17:06.776262,6315,273.38,5.0,69.2,100,7.5,grid
2026-04-18T12:17:06.858770,6320,278.4,62.5,69.2,100,7.6,grid
2026-04-18T12:17:06.940518,6325,277.14,5.0,69.2,100,7.92,grid
2026-04-18T12:17:07.024064,6330,276.26,15.0,69.2,100,8.62,grid
2026-04-18T12:17:07.106043,6335,282.25,25.0,69.2,100,9.28,grid
2026-04-18T12:17:07.189433,6340,289.66,20.8,69.2,100,9.54,grid
2026-04-18T12:17:07.272327,6345,298.63,25.0,69.2,100,9.6,grid
2026-04-18T12:17:07.357369,6350,312.71,60.9,69.2,100,9.5,grid
2026-04-18T12:17:07.459543,6355,301.14,80.0,69.2,100,9.42,grid
2026-04-18T12:17:07.577679,6360,263.96,81.2,69.2,100,8.98,grid
2026-04-18T12:17:07.660353,6365,255.58,85.7,69.2,100,8.86,grid
2026-04-18T12:17:07.741212,6370,249.35,55.0,69.2,100,9.32,grid
2026-04-18T12:17:07.826946,6375,249.31,79.2,69.2,100,9.42,grid
2026-04-18T12:17:07.907454,6380,245.18,31.6,69.2,100,9.62,grid
2026-04-18T12:17:07.991639,6385,240.25,54.5,69.2,100,9.9,grid
2026-04-18T12:17:08.076314,6390,243.45,60.9,69.2,100,9.86,grid
2026-04-18T12:17:08.158993,6395,243.75,28.6,69.2,100,9.44,grid
2026-04-18T12:17:08.253980,6400,234.02,45.8,69.2,100,8.84,grid
2026-04-18T12:17:08.333643,6405,236.74,45.0,69.2,100,7.96,grid
2026-04-18T12:17:08.415680,6410,233.0,65.0,69.2,100,7.28,grid
2026-04-18T12:17:08.500242,6415,241.95,70.8,69.2,100,6.76,grid
2026-04-18T12:17:08.591088,6420,262.41,78.3,69.2,100,6.22,grid
2026-04-18T12:17:08.677479,6425,270.0,95.5,69.2,100,5.94,grid
2026-04-18T12:17:08.799413,6430,251.18,100.0,69.2,100,5.8,grid
2026-04-18T12:17:08.899616,6435,240.67,95.8,69.2,100,5.56,grid
2026-04-18T12:17:09.015891,6440,220.62,96.9,69.2,100,5.58,grid
2026-04-18T12:17:09.099687,6445,223.9,40.0,69.2,100,5.64,grid
2026-04-18T12:17:09.180768,6450,223.97,20.0,69.2,100,5.76,grid
2026-04-18T12:17:09.283489,6455,211.7,89.3,69.2,100,5.8,grid
2026-04-18T12:17:09.366508,6460,216.1,33.3,69.2,100,5.94,grid
2026-04-18T12:17:09.447664,6465,213.35,20.0,69.2,100,5.9,grid
2026-04-18T12:17:09.531103,6470,217.69,25.0,69.2,100,6.08,grid
2026-04-18T12:17:09.615690,6475,219.91,30.0,69.2,100,6.16,grid
2026-04-18T12:17:09.710324,6480,219.28,75.0,69.2,100,6.08,grid
2026-04-18T12:17:09.799449,6485,220.03,95.8,69.2,100,5.9,grid
2026-04-18T12:17:09.886065,6490,232.48,65.0,69.2,100,5.9,grid
2026-04-18T12:17:09.964363,6495,249.89,55.0,69.2,100,5.92,grid
2026-04-18T12:17:10.048506,6500,277.72,20.8,69.2,100,6.18,grid
2026-04-18T12:17:10.127879,6505,281.71,55.0,69.2,100,6.28,grid
2026-04-18T12:17:10.211742,6510,288.03,25.0,69.2,100,6.32,grid
2026-04-18T12:17:10.305053,6515,299.61,75.0,69.2,100,6.36,grid
2026-04-18T12:17:10.384780,6520,302.92,35.0,69.2,100,6.44,grid
2026-04-18T12:17:10.472713,6525,276.7,83.3,69.2,100,6.52,grid
2026-04-18T12:17:10.549417,6530,271.63,55.0,69.2,100,6.62,grid
2026-04-18T12:17:10.635709,6535,267.63,70.0,69.2,100,6.72,grid
2026-04-18T12:17:10.714950,6540,288.68,90.0,69.2,100,6.86,grid
2026-04-18T12:17:10.800642,6545,288.29,79.2,69.2,100,6.82,grid
2026-04-18T12:17:10.887604,6550,298.3,50.0,69.2,100,6.8,grid
2026-04-18T12:17:10.990838,6555,277.94,95.8,69.2,100,7.12,grid
2026-04-18T12:17:11.079300,6560,273.71,50.0,69.2,100,7.6,grid
2026-04-18T12:17:11.166004,6565,268.78,40.0,69.2,100,7.82,grid
2026-04-18T12:17:11.246689,6570,261.73,47.6,69.2,100,7.94,grid
2026-04-18T12:17:11.334244,6575,263.04,70.8,69.2,100,7.76,grid
2026-04-18T12:17:11.418730,6580,254.61,90.0,69.2,100,7.4,grid
2026-04-18T12:17:11.504463,6585,256.98,62.5,69.2,100,6.86,grid
2026-04-18T12:17:11.582328,6590,256.97,35.0,69.2,100,6.24,grid
2026-04-18T12:17:11.666592,6595,243.8,60.0,69.2,100,5.78,grid
2026-04-18T12:17:11.751466,6600,236.54,66.7,69.2,100,5.56,grid
2026-04-18T12:17:11.835981,6605,246.81,52.4,69.2,100,5.5,grid
2026-04-18T12:17:11.936301,6610,225.46,89.3,69.2,100,5.64,grid
2026-04-18T12:17:12.171929,6615,201.16,100.0,69.2,100,5.74,grid
2026-04-18T12:17:12.292594,6620,200.13,82.1,69.2,100,6.08,grid
2026-04-18T12:17:12.374772,6625,202.49,54.2,69.2,100,6.26,grid
2026-04-18T12:17:12.454517,6630,207.41,10.0,69.2,100,6.56,grid
2026-04-18T12:17:12.541922,6635,210.62,35.0,69.2,100,6.68,grid
2026-04-18T12:17:12.623937,6640,212.15,58.3,69.2,100,6.8,grid
2026-04-18T12:17:12.704301,6645,228.46,11.1,69.2,100,6.62,grid
2026-04-18T12:17:12.953261,6650,220.33,78.8,69.2,100,6.42,grid
2026-04-18T12:17:13.080648,6655,207.29,89.4,69.2,100,6.26,grid
2026-04-18T12:17:13.164735,6660,204.69,55.0,69.2,100,6.16,grid
2026-04-18T12:17:13.247768,6665,203.32,56.5,69.2,100,5.86,grid
2026-04-18T12:17:13.332043,6670,220.57,28.6,69.2,100,5.74,grid
2026-04-18T12:17:13.414435,6675,262.72,40.0,69.2,100,5.54,grid
2026-04-18T12:17:13.491993,6680,263.25,60.0,69.2,100,5.52,grid
2026-04-18T12:17:13.580594,6685,248.44,79.2,69.2,100,5.5,grid
2026-04-18T12:17:13.683811,6690,225.15,100.0,69.2,100,5.68,grid
2026-04-18T12:17:13.767530,6695,222.73,61.5,69.2,100,6.16,grid
2026-04-18T12:17:13.849674,6700,225.66,35.0,69.2,100,6.54,grid
2026-04-18T12:17:13.944705,6705,215.11,70.8,69.2,100,7.08,grid
2026-04-18T12:17:14.024046,6710,224.39,35.0,69.2,100,7.18,grid
2026-04-18T12:17:14.107476,6715,258.41,34.8,69.2,100,6.86,grid
2026-04-18T12:17:14.190589,6720,266.69,23.8,69.2,100,6.58,grid
2026-04-18T12:17:14.290199,6725,253.38,50.0,69.2,100,6.22,grid
2026-04-18T12:17:14.373937,6730,238.88,91.7,69.2,100,6.02,grid
2026-04-18T12:17:14.454821,6735,235.82,55.0,69.2,100,5.92,grid
2026-04-18T12:17:14.537106,6740,242.52,50.0,69.2,100,5.94,grid
2026-04-18T12:17:14.619041,6745,254.06,30.0,69.2,100,6.22,grid
2026-04-18T12:17:14.740735,6750,241.77,78.8,69.2,100,6.88,grid
2026-04-18T12:17:14.819637,6755,242.99,50.0,69.2,100,7.36,grid
2026-04-18T12:17:14.903206,6760,243.52,45.0,69.2,100,7.82,grid
2026-04-18T12:17:14.989002,6765,249.76,62.5,69.2,100,8.04,grid
2026-04-18T12:17:15.070450,6770,251.98,25.0,69.2,100,7.84,grid
2026-04-18T12:17:15.154692,6775,245.43,62.5,69.2,100,7.58,grid
2026-04-18T12:17:15.240109,6780,240.95,71.4,69.2,100,7.02,grid
2026-04-18T12:17:15.325314,6785,249.0,37.5,69.2,100,7.0,grid
2026-04-18T12:17:15.408413,6790,251.39,85.0,69.2,100,7.14,grid
2026-04-18T12:17:15.487971,6795,246.7,90.0,69.2,100,7.3,grid
2026-04-18T12:17:15.571344,6800,238.16,80.0,69.2,100,7.14,grid
2026-04-18T12:17:15.660242,6805,231.42,87.5,69.2,100,6.86,grid
2026-04-18T12:17:15.742621,6810,266.25,55.0,69.2,100,6.64,grid
2026-04-18T12:17:15.823291,6815,268.84,71.4,69.2,100,6.54,grid
2026-04-18T12:17:15.904676,6820,271.29,50.0,69.2,100,6.44,grid
2026-04-18T12:17:15.988921,6825,276.11,34.8,69.2,100,6.44,grid
2026-04-18T12:17:16.073696,6830,269.41,40.0,69.2,100,6.28,grid
2026-04-18T12:17:16.157573,6835,268.88,58.3,69.2,100,6.3,grid
2026-04-18T12:17:16.237000,6840,275.12,40.0,69.2,100,6.48,grid
2026-04-18T12:17:16.320126,6845,275.84,35.0,69.2,100,6.64,grid
2026-04-18T12:17:16.422047,6850,269.4,71.4,69.2,100,6.84,grid
2026-04-18T12:17:16.540496,6855,254.12,96.4,69.2,100,6.94,grid
2026-04-18T12:17:16.622703,6860,256.08,76.0,69.2,100,6.78,grid
2026-04-18T12:17:16.705269,6865,268.01,35.0,69.2,100,6.72,grid
2026-04-18T12:17:16.788363,6870,265.6,30.0,69.2,100,6.7,grid
2026-04-18T12:17:16.871130,6875,272.89,15.0,69.2,100,6.56,grid
2026-04-18T12:17:16.954583,6880,275.68,45.8,69.2,100,6.36,grid
2026-04-18T12:17:17.036758,6885,274.48,61.9,69.2,100,6.38,grid
2026-04-18T12:17:17.120671,6890,282.91,15.0,69.2,100,6.54,grid
2026-04-18T12:17:17.205414,6895,282.97,48.0,69.2,100,6.74,grid
2026-04-18T12:17:17.286848,6900,282.99,31.6,69.2,100,7.16,grid
2026-04-18T12:17:17.371557,6905,282.33,61.9,69.2,100,7.62,grid
2026-04-18T12:17:17.472093,6910,272.95,89.3,69.2,100,8.32,grid
2026-04-18T12:17:17.591675,6915,245.93,96.4,69.2,100,9.06,grid
2026-04-18T12:17:17.690340,6920,223.7,92.9,69.2,100,9.94,grid
2026-04-18T12:17:17.787342,6925,208.7,84.0,69.2,100,10.7,grid
2026-04-18T12:17:17.919405,6930,195.46,90.6,69.2,100,11.0,grid
2026-04-18T12:17:18.051251,6935,177.75,100.0,69.2,100,11.82,grid
2026-04-18T12:17:18.169630,6940,166.58,85.7,69.2,100,11.94,grid
2026-04-18T12:17:18.268732,6945,161.37,89.3,69.2,100,12.44,grid
2026-04-18T12:17:18.444762,6950,142.38,97.7,69.2,100,12.54,grid
2026-04-18T12:17:18.679186,6955,126.81,100.0,69.2,100,12.66,grid
2026-04-18T12:17:18.904120,6960,115.06,100.0,69.2,100,12.48,grid
2026-04-18T12:17:19.177196,6965,108.0,100.0,69.2,100,11.58,grid
2026-04-18T12:17:19.421387,6970,104.64,100.0,69.2,100,10.52,grid
2026-04-18T12:17:19.623282,6975,106.11,100.0,69.2,100,10.08,grid
2026-04-18T12:17:19.752642,6980,106.55,100.0,69.2,100,9.04,grid
2026-04-18T12:17:19.860739,6985,106.34,89.3,69.2,100,8.2,grid
2026-04-18T12:17:19.957821,6990,107.58,91.7,69.2,100,7.28,grid
2026-04-18T12:17:20.056939,6995,110.36,84.6,69.2,100,6.76,grid
2026-04-18T12:17:20.142251,7000,114.85,50.0,69.2,100,6.7,grid
2026-04-18T12:17:20.354854,7005,105.19,96.2,69.2,100,6.48,grid
2026-04-18T12:17:20.459730,7010,112.17,92.9,69.2,100,6.7,grid
2026-04-18T12:17:20.541308,7015,125.65,70.0,69.2,100,6.94,grid
2026-04-18T12:17:20.624305,7020,140.12,40.9,69.2,100,7.16,grid
2026-04-18T12:17:20.707626,7025,154.9,36.4,69.2,100,7.44,grid
2026-04-18T12:17:20.788986,7030,176.0,60.0,69.2,100,7.64,grid
2026-04-18T12:17:20.873665,7035,198.82,29.2,69.2,100,7.48,grid
2026-04-18T12:17:20.962207,7040,211.9,75.0,69.2,100,7.48,grid
2026-04-18T12:17:21.044519,7045,228.98,76.0,69.2,100,7.46,grid
2026-04-18T12:17:21.146076,7050,235.74,50.0,69.2,100,7.18,grid
2026-04-18T12:17:21.323485,7055,213.26,100.0,69.2,100,7.06,grid
2026-04-18T12:17:21.422873,7060,203.53,82.1,69.2,100,6.86,grid
2026-04-18T12:17:21.510242,7065,251.15,66.7,69.2,100,6.86,grid
2026-04-18T12:17:21.592087,7070,262.66,54.2,69.2,100,6.82,grid
2026-04-18T12:17:21.677536,7075,254.41,75.0,69.2,100,6.94,grid
2026-04-18T12:17:21.764676,7080,250.46,88.0,69.2,100,6.8,grid
2026-04-18T12:17:21.844885,7085,245.1,75.0,69.2,100,6.88,grid
2026-04-18T12:17:21.928056,7090,238.27,80.0,69.2,100,6.7,grid
2026-04-18T12:17:22.023768,7095,230.42,80.0,69.2,100,6.84,grid
2026-04-18T12:17:22.121471,7100,226.21,84.0,69.2,100,6.84,grid
2026-04-18T12:17:22.211126,7105,218.91,87.5,69.2,100,6.86,grid
2026-04-18T12:17:22.292233,7110,220.59,85.0,69.2,100,6.92,grid
2026-04-18T12:17:22.377440,7115,254.67,70.8,69.2,100,6.84,grid
2026-04-18T12:17:22.469064,7120,251.72,87.5,69.2,100,7.08,grid
2026-04-18T12:17:22.554527,7125,236.53,85.7,69.2,100,7.26,grid
2026-04-18T12:17:22.638236,7130,229.8,70.8,69.2,100,7.18,grid
2026-04-18T12:17:22.741484,7135,221.73,91.7,69.2,100,7.06,grid
2026-04-18T12:17:22.824996,7140,220.25,58.3,69.2,100,7.16,grid
2026-04-18T12:17:22.919522,7145,212.16,41.7,68.6,100,7.18,grid
2026-04-18T12:17:23.017309,7150,202.94,83.3,68.7,100,7.38,grid
2026-04-18T12:17:23.102707,7155,206.16,30.0,68.7,100,7.74,grid
2026-04-18T12:17:23.186312,7160,210.83,45.8,68.7,100,7.86,grid
2026-04-18T12:17:23.276400,7165,207.22,65.0,68.7,100,8.02,grid
2026-04-18T12:17:23.366637,7170,197.63,75.0,68.8,100,8.26,grid
2026-04-18T12:17:23.485004,7175,183.15,84.4,68.8,100,8.78,grid
2026-04-18T12:17:23.635768,7180,178.9,100.0,68.8,100,9.62,grid
2026-04-18T12:17:23.820366,7185,163.58,100.0,68.8,100,10.64,grid
2026-04-18T12:17:23.911585,7190,158.18,83.3,68.8,100,11.38,grid
2026-04-18T12:17:24.012312,7195,158.56,75.0,68.8,100,11.82,grid
2026-04-18T12:17:24.093152,7200,156.89,62.5,68.8,100,12.26,grid
2026-04-18T12:17:24.189671,7205,156.3,91.7,68.8,100,12.14,grid
2026-04-18T12:17:24.285560,7210,156.35,83.3,68.8,100,11.98,grid
2026-04-18T12:17:24.370544,7215,155.3,65.0,68.8,100,11.64,grid
2026-04-18T12:17:24.453858,7220,156.17,45.8,68.8,100,11.62,grid
2026-04-18T12:17:24.537276,7225,161.06,30.0,68.8,100,11.48,grid
2026-04-18T12:17:24.622250,7230,167.35,56.5,68.8,100,10.8,grid
2026-04-18T12:17:24.707156,7235,177.22,66.7,68.8,100,10.2,grid
2026-04-18T12:17:24.793412,7240,185.51,90.0,68.8,100,9.48,grid
2026-04-18T12:17:24.889622,7245,210.96,82.8,68.8,100,8.58,grid
2026-04-18T12:17:24.976861,7250,219.59,68.2,68.8,100,8.3,grid
2026-04-18T12:17:25.058120,7255,233.9,30.0,68.8,100,8.62,grid
2026-04-18T12:17:25.142168,7260,242.35,37.5,68.8,100,9.3,grid
2026-04-18T12:17:25.225036,7265,257.46,35.0,68.8,100,9.5,grid
2026-04-18T12:17:25.310153,7270,266.24,62.5,68.8,100,9.68,grid
2026-04-18T12:17:25.395404,7275,263.4,85.0,68.8,100,10.02,grid
2026-04-18T12:17:25.492389,7280,253.87,83.3,68.8,100,10.06,grid
2026-04-18T12:17:25.574904,7285,245.38,83.3,68.8,100,9.68,grid
2026-04-18T12:17:25.664565,7290,238.39,90.0,68.8,100,9.62,grid
2026-04-18T12:17:25.770146,7295,228.28,96.4,68.8,100,9.12,grid
2026-04-18T12:17:25.862446,7300,227.66,87.5,68.8,100,9.22,grid
2026-04-18T12:17:26.122806,7305,217.84,96.7,68.8,100,9.64,grid
2026-04-18T12:17:26.237114,7310,220.55,82.1,68.8,100,9.66,grid
2026-04-18T12:17:26.319627,7315,217.27,33.3,68.8,100,10.0,grid
2026-04-18T12:17:26.402119,7320,209.02,50.0,68.8,100,10.26,grid
2026-04-18T12:17:26.483501,7325,211.22,39.1,68.8,100,10.1,grid
2026-04-18T12:17:26.566387,7330,219.89,28.6,68.8,100,9.98,grid
2026-04-18T12:17:26.657775,7335,221.54,37.5,68.8,100,9.58,grid
2026-04-18T12:17:26.752451,7340,232.66,48.0,68.8,100,9.14,grid
2026-04-18T12:17:26.837233,7345,240.95,30.0,68.8,100,8.8,grid
2026-04-18T12:17:26.920761,7350,249.58,70.8,68.8,100,8.6,grid
2026-04-18T12:17:27.007998,7355,266.27,33.3,68.8,100,8.86,grid
2026-04-18T12:17:27.089156,7360,279.59,57.1,68.8,100,9.24,grid
2026-04-18T12:17:27.170369,7365,318.65,33.3,68.8,100,9.2,grid
2026-04-18T12:17:27.251870,7370,335.57,5.0,68.8,100,9.1,grid
2026-04-18T12:17:27.332866,7375,333.32,10.0,68.8,100,9.16,grid
2026-04-18T12:17:27.416088,7380,344.08,57.1,68.8,100,8.9,grid
2026-04-18T12:17:27.498114,7385,330.8,56.5,68.8,100,8.28,grid
2026-04-18T12:17:27.581516,7390,328.74,52.4,68.8,100,8.16,grid
2026-04-18T12:17:27.665389,7395,343.4,28.6,68.8,100,7.72,grid
2026-04-18T12:17:27.780465,7400,325.83,93.3,68.8,100,7.56,grid
2026-04-18T12:17:27.982651,7405,273.51,100.0,68.8,100,7.28,grid
2026-04-18T12:17:28.073082,7410,260.22,100.0,68.8,100,7.4,grid
2026-04-18T12:17:28.158189,7415,262.5,60.0,68.8,100,7.44,grid
2026-04-18T12:17:28.243276,7420,247.84,80.0,68.8,100,7.4,grid
2026-04-18T12:17:28.335685,7425,234.01,100.0,68.8,100,7.42,grid
2026-04-18T12:17:28.420556,7430,221.85,84.0,68.8,100,7.4,grid
2026-04-18T12:17:28.583714,7435,203.56,94.9,68.8,100,7.4,grid
2026-04-18T12:17:28.722534,7440,190.91,100.0,68.8,100,7.48,grid
2026-04-18T12:17:28.916919,7445,174.06,100.0,68.8,100,7.88,grid
2026-04-18T12:17:29.045710,7450,158.92,100.0,68.8,100,7.94,grid
2026-04-18T12:17:29.181626,7455,144.34,100.0,68.8,100,8.04,grid
2026-04-18T12:17:29.324193,7460,135.96,100.0,68.8,100,8.26,grid
2026-04-18T12:17:29.459379,7465,137.21,100.0,68.8,100,8.18,grid
2026-04-18T12:17:29.693657,7470,123.14,100.0,68.8,100,8.42,grid
2026-04-18T12:17:29.799761,7475,117.74,96.4,68.8,100,8.22,grid
2026-04-18T12:17:29.896715,7480,116.74,95.8,68.8,100,8.36,grid
2026-04-18T12:17:29.995781,7485,116.36,95.8,68.8,100,8.56,grid
2026-04-18T12:17:30.114672,7490,114.21,100.0,68.8,100,8.56,grid
2026-04-18T12:17:30.252924,7495,113.88,100.0,68.8,100,8.52,grid
2026-04-18T12:17:30.355232,7500,115.2,100.0,68.8,100,8.66,grid
2026-04-18T12:17:30.457909,7505,119.42,96.4,68.8,100,8.88,grid
2026-04-18T12:17:30.551899,7510,123.81,95.8,68.8,100,8.76,grid
2026-04-18T12:17:30.654900,7515,129.87,96.0,68.8,100,8.42,grid
2026-04-18T12:17:30.748550,7520,135.36,96.3,68.8,100,8.22,grid
2026-04-18T12:17:30.845201,7525,140.01,96.2,68.8,100,7.9,grid
2026-04-18T12:17:30.941101,7530,157.21,100.0,68.8,100,7.58,grid
2026-04-18T12:17:31.026211,7535,162.64,85.0,68.8,100,7.4,grid
2026-04-18T12:17:31.125066,7540,163.31,90.0,68.8,100,7.44,grid
2026-04-18T12:17:31.232505,7545,163.65,100.0,68.8,100,7.7,grid
2026-04-18T12:17:31.326075,7550,167.68,96.6,68.8,100,8.26,grid
2026-04-18T12:17:31.439462,7555,172.24,100.0,68.8,100,9.02,grid
2026-04-18T12:17:31.540688,7560,172.17,100.0,68.8,100,10.26,grid
2026-04-18T12:17:31.652269,7565,167.47,100.0,68.8,100,11.08,grid
2026-04-18T12:17:31.783373,7570,161.5,100.0,68.8,100,11.66,grid
2026-04-18T12:17:31.903286,7575,158.76,100.0,68.8,100,11.7,grid
2026-04-18T12:17:32.060333,7580,151.34,100.0,68.8,100,10.94,grid
2026-04-18T12:17:32.223455,7585,144.24,100.0,68.8,100,9.8,grid
2026-04-18T12:17:32.421757,7590,134.43,100.0,68.8,100,9.1,grid
2026-04-18T12:17:32.574724,7595,129.34,100.0,68.8,100,8.22,grid
2026-04-18T12:17:32.700917,7600,125.14,100.0,68.8,100,7.3,grid
2026-04-18T12:17:32.839561,7605,122.24,100.0,68.8,100,6.82,grid
2026-04-18T12:17:32.940161,7610,120.72,100.0,68.8,100,6.5,grid
2026-04-18T12:17:33.039936,7615,120.27,100.0,68.8,100,6.22,grid
2026-04-18T12:17:33.133770,7620,120.15,100.0,68.8,100,6.06,grid
2026-04-18T12:17:33.226517,7625,123.7,100.0,68.8,100,5.96,grid
2026-04-18T12:17:33.316875,7630,126.84,100.0,68.8,100,6.18,grid
2026-04-18T12:17:33.403496,7635,129.61,100.0,68.8,100,6.38,grid
2026-04-18T12:17:33.503954,7640,134.84,100.0,68.8,100,6.78,grid
2026-04-18T12:17:33.620268,7645,140.81,100.0,68.8,100,7.16,grid
2026-04-18T12:17:33.973978,7650,147.36,100.0,68.8,100,7.46,grid
2026-04-18T12:17:34.132951,7655,150.37,100.0,68.8,100,7.42,grid
2026-04-18T12:17:34.241427,7660,154.11,100.0,68.8,100,7.66,grid
2026-04-18T12:17:34.342531,7665,156.14,100.0,68.8,100,8.0,grid
2026-04-18T12:17:34.435409,7670,156.33,100.0,68.8,100,7.88,grid
2026-04-18T12:17:34.534988,7675,158.49,100.0,68.8,100,8.0,grid
2026-04-18T12:17:34.641277,7680,157.65,100.0,68.8,100,7.88,grid
2026-04-18T12:17:34.783541,7685,150.26,100.0,68.8,100,7.66,grid
2026-04-18T12:17:34.901750,7690,146.03,100.0,68.8,100,7.5,grid
2026-04-18T12:17:34.995185,7695,144.08,100.0,68.8,100,7.38,grid
2026-04-18T12:17:35.094068,7700,144.23,100.0,68.8,100,7.02,grid
2026-04-18T12:17:35.186918,7705,145.79,100.0,68.8,100,6.8,grid
2026-04-18T12:17:35.280503,7710,148.09,100.0,68.8,100,6.42,grid
2026-04-18T12:17:35.373361,7715,150.05,100.0,68.8,100,6.04,grid
2026-04-18T12:17:35.463438,7720,149.33,100.0,68.8,100,6.08,grid
2026-04-18T12:17:35.550525,7725,151.14,100.0,68.8,100,5.84,grid
2026-04-18T12:17:35.637911,7730,153.08,100.0,68.8,100,5.9,grid
2026-04-18T12:17:35.735676,7735,153.11,100.0,68.8,100,6.1,grid
2026-04-18T12:17:35.856385,7740,153.32,100.0,68.8,100,6.1,grid
2026-04-18T12:17:35.965813,7745,160.18,100.0,68.8,100,6.1,grid
2026-04-18T12:17:36.047773,7750,166.44,100.0,68.8,100,5.98,grid
2026-04-18T12:17:36.172136,7755,163.8,100.0,68.8,100,6.0,grid
2026-04-18T12:17:36.282928,7760,160.79,100.0,68.8,100,6.12,grid
2026-04-18T12:17:36.402182,7765,159.04,100.0,68.8,100,6.54,grid
2026-04-18T12:17:36.517257,7770,157.74,100.0,68.8,100,7.04,grid
2026-04-18T12:17:36.615165,7775,157.91,100.0,68.8,100,7.58,grid
2026-04-18T12:17:36.721566,7780,160.43,100.0,68.8,100,8.1,grid
2026-04-18T12:17:36.865946,7785,152.33,100.0,69.0,100,8.14,grid
2026-04-18T12:17:37.103787,7790,143.57,100.0,69.0,100,8.56,grid
2026-04-18T12:17:37.248403,7795,140.55,100.0,69.0,100,9.04,grid
2026-04-18T12:17:37.393922,7800,139.06,100.0,69.0,100,9.24,grid
2026-04-18T12:17:37.547255,7805,134.66,100.0,69.0,100,9.1,grid
2026-04-18T12:17:37.694539,7810,129.48,100.0,69.0,100,8.76,grid
2026-04-18T12:17:37.832716,7815,128.19,100.0,69.0,100,8.38,grid
2026-04-18T12:17:37.955103,7820,130.13,100.0,69.0,100,8.52,grid
2026-04-18T12:17:38.076901,7825,127.79,100.0,69.0,100,9.44,grid
2026-04-18T12:17:38.185323,7830,128.88,100.0,69.0,100,10.06,grid
2026-04-18T12:17:38.309810,7835,127.47,100.0,69.0,100,10.22,grid
2026-04-18T12:17:38.434679,7840,125.05,100.0,69.0,100,9.9,grid
2026-04-18T12:17:38.575203,7845,127.38,100.0,69.0,100,9.42,grid
2026-04-18T12:17:38.735944,7850,130.81,100.0,69.0,100,9.42,grid
2026-04-18T12:17:38.956860,7855,123.04,100.0,69.0,100,9.3,grid
2026-04-18T12:17:39.173486,7860,117.46,100.0,69.0,100,9.28,grid
2026-04-18T12:17:39.368663,7865,112.41,100.0,69.0,100,9.78,grid
2026-04-18T12:17:39.588543,7870,108.93,100.0,69.0,100,10.14,grid
2026-04-18T12:17:39.767179,7875,104.19,100.0,69.0,100,10.18,grid
2026-04-18T12:17:39.897383,7880,102.72,100.0,69.0,100,10.06,grid
2026-04-18T12:17:40.014361,7885,102.69,100.0,69.0,100,10.06,grid
2026-04-18T12:17:40.150540,7890,102.11,100.0,69.0,100,9.74,grid
2026-04-18T12:17:40.273386,7895,101.79,100.0,69.0,100,9.24,grid
2026-04-18T12:17:40.377431,7900,103.43,100.0,69.0,100,9.0,grid
2026-04-18T12:17:40.485117,7905,103.59,100.0,69.0,100,8.74,grid
2026-04-18T12:17:40.584751,7910,105.04,100.0,69.0,100,8.76,grid
2026-04-18T12:17:40.686681,7915,112.52,100.0,69.0,100,8.98,grid
2026-04-18T12:17:40.801886,7920,118.34,100.0,69.0,100,9.04,grid
2026-04-18T12:17:40.911539,7925,126.1,100.0,69.0,100,9.32,grid
2026-04-18T12:17:41.006220,7930,135.49,100.0,69.0,100,9.46,grid
2026-04-18T12:17:41.138348,7935,145.04,100.0,69.0,100,9.44,grid
2026-04-18T12:17:41.271527,7940,147.52,100.0,69.0,100,9.18,grid
2026-04-18T12:17:41.392206,7945,150.94,100.0,69.0,100,9.1,grid
2026-04-18T12:17:41.492012,7950,151.89,100.0,69.0,100,8.58,grid
2026-04-18T12:17:41.593364,7955,153.9,100.0,69.0,100,8.02,grid
2026-04-18T12:17:41.692038,7960,154.27,100.0,69.0,100,7.46,grid
2026-04-18T12:17:41.796650,7965,156.4,100.0,69.0,100,7.14,grid
2026-04-18T12:17:41.916421,7970,152.41,100.0,69.0,100,6.96,grid
2026-04-18T12:17:42.024861,7975,151.19,100.0,69.0,100,6.7,grid
2026-04-18T12:17:42.128742,7980,151.96,100.0,69.0,100,6.78,grid
2026-04-18T12:17:42.223360,7985,153.93,100.0,69.0,100,6.68,grid
2026-04-18T12:17:42.315417,7990,152.98,100.0,69.0,100,6.54,grid
2026-04-18T12:17:42.420543,7995,156.71,100.0,69.0,100,6.4,grid
2026-04-18T12:17:42.516132,8000,158.18,100.0,69.0,100,6.26,grid
2026-04-18T12:17:42.611734,8005,158.42,100.0,69.0,100,6.22,grid
2026-04-18T12:17:42.704652,8010,162.99,100.0,69.0,100,6.18,grid
2026-04-18T12:17:42.801009,8015,160.43,100.0,69.0,100,6.2,grid
2026-04-18T12:17:42.888010,8020,162.15,100.0,69.0,100,6.28,grid
2026-04-18T12:17:43.132624,8025,147.98,100.0,69.0,100,6.34,grid
2026-04-18T12:17:43.249217,8030,151.85,100.0,69.0,100,6.54,grid
2026-04-18T12:17:43.347876,8035,152.3,100.0,69.0,100,6.88,grid
2026-04-18T12:17:43.461873,8040,150.61,100.0,69.0,100,7.36,grid
2026-04-18T12:17:43.591440,8045,144.53,100.0,69.0,100,7.88,grid
2026-04-18T12:17:43.710702,8050,142.8,100.0,69.0,100,8.32,grid
2026-04-18T12:17:43.900193,8055,134.92,100.0,69.0,100,8.48,grid
2026-04-18T12:17:44.050599,8060,131.64,100.0,69.0,100,8.5,grid
2026-04-18T12:17:44.154260,8065,129.11,100.0,69.0,100,8.2,grid
2026-04-18T12:17:44.283006,8070,126.01,100.0,69.0,100,8.08,grid
2026-04-18T12:17:44.397447,8075,124.48,100.0,69.0,100,7.38,grid
2026-04-18T12:17:44.502418,8080,123.27,100.0,69.0,100,7.5,grid
2026-04-18T12:17:44.599381,8085,132.92,100.0,69.0,100,8.06,grid
2026-04-18T12:17:44.697895,8090,133.12,100.0,69.0,100,8.98,grid
2026-04-18T12:17:44.794399,8095,133.13,100.0,69.0,100,9.84,grid
2026-04-18T12:17:44.892549,8100,135.54,100.0,69.0,100,11.2,grid
2026-04-18T12:17:45.017428,8105,137.49,100.0,69.0,100,12.04,grid
2026-04-18T12:17:45.180383,8110,134.17,100.0,69.0,100,12.16,grid
2026-04-18T12:17:45.344268,8115,138.17,100.0,69.0,100,12.04,grid
2026-04-18T12:17:45.463579,8120,140.47,100.0,69.0,100,12.2,grid
2026-04-18T12:17:45.628236,8125,139.43,100.0,69.0,100,11.66,grid
2026-04-18T12:17:45.770499,8130,137.33,100.0,69.0,100,11.4,grid
2026-04-18T12:17:45.889604,8135,138.59,100.0,69.0,100,11.08,grid
2026-04-18T12:17:46.037399,8140,134.22,100.0,69.0,100,10.24,grid
2026-04-18T12:17:46.142509,8145,135.33,100.0,69.2,100,9.3,grid
2026-04-18T12:17:46.245692,8150,134.39,100.0,69.2,100,8.54,grid
2026-04-18T12:17:46.351290,8155,132.15,100.0,69.2,100,7.8,grid
2026-04-18T12:17:46.487345,8160,129.81,97.2,69.2,100,7.14,grid
2026-04-18T12:17:46.600920,8165,131.73,100.0,69.2,100,6.68,grid
2026-04-18T12:17:46.689581,8170,137.53,100.0,69.2,100,6.16,grid
2026-04-18T12:17:46.780741,8175,140.98,100.0,69.2,100,6.1,grid
2026-04-18T12:17:46.867522,8180,142.43,100.0,69.2,100,5.92,grid
2026-04-18T12:17:46.957327,8185,147.01,100.0,69.2,100,5.74,grid
2026-04-18T12:17:47.046581,8190,153.01,100.0,69.2,100,5.86,grid
2026-04-18T12:17:47.131723,8195,157.02,100.0,69.2,100,5.94,grid
2026-04-18T12:17:47.227418,8200,161.56,100.0,69.2,100,6.4,grid
2026-04-18T12:17:47.318796,8205,162.43,100.0,69.2,100,6.9,grid
2026-04-18T12:17:47.411936,8210,163.08,100.0,69.2,100,7.34,grid
2026-04-18T12:17:47.505150,8215,166.92,100.0,69.2,100,8.18,grid
2026-04-18T12:17:47.599417,8220,171.31,100.0,69.2,100,8.44,grid
2026-04-18T12:17:47.692462,8225,172.36,100.0,69.2,100,9.04,grid
2026-04-18T12:17:47.791286,8230,170.03,100.0,69.2,100,9.44,grid
2026-04-18T12:17:47.885726,8235,169.62,100.0,69.2,100,9.72,grid
2026-04-18T12:17:47.986737,8240,168.09,100.0,69.2,100,9.5,grid
2026-04-18T12:17:48.095256,8245,164.49,100.0,69.2,100,9.3,grid
2026-04-18T12:17:48.216192,8250,160.78,100.0,69.2,100,8.84,grid
2026-04-18T12:17:48.359686,8255,157.21,100.0,69.2,100,8.66,grid
2026-04-18T12:17:48.492217,8260,153.26,100.0,69.3,100,8.24,grid
2026-04-18T12:17:48.672617,8265,140.11,100.0,69.3,100,8.1,grid
2026-04-18T12:17:48.836159,8270,138.29,100.0,69.3,100,7.98,grid
2026-04-18T12:17:48.965675,8275,136.28,100.0,69.3,100,7.86,grid
2026-04-18T12:17:49.114054,8280,131.16,100.0,69.3,100,7.82,grid
2026-04-18T12:17:49.229705,8285,126.56,100.0,69.3,100,7.86,grid
2026-04-18T12:17:49.379000,8290,122.03,100.0,69.4,100,8.32,grid
2026-04-18T12:17:49.519063,8295,118.19,100.0,69.4,100,8.96,grid
2026-04-18T12:17:49.632233,8300,117.84,100.0,69.4,100,9.38,grid
2026-04-18T12:17:49.743349,8305,116.99,100.0,69.4,100,9.92,grid
2026-04-18T12:17:49.843980,8310,118.24,100.0,69.4,100,10.28,grid
2026-04-18T12:17:49.948481,8315,120.02,100.0,69.5,100,10.36,grid
2026-04-18T12:17:50.054299,8320,122.89,100.0,69.5,100,10.36,grid
2026-04-18T12:17:50.153251,8325,132.15,100.0,69.5,100,10.32,grid
2026-04-18T12:17:50.251013,8330,133.29,100.0,69.5,100,9.92,grid
2026-04-18T12:17:50.355618,8335,135.48,100.0,69.5,100,9.84,grid
2026-04-18T12:17:50.469933,8340,139.72,100.0,69.5,100,9.74,grid
2026-04-18T12:17:50.584629,8345,145.11,100.0,69.5,100,9.44,grid
2026-04-18T12:17:50.683528,8350,152.14,100.0,69.5,100,8.82,grid
2026-04-18T12:17:50.787403,8355,158.22,100.0,69.5,100,8.1,grid
2026-04-18T12:17:50.880715,8360,159.24,100.0,69.5,100,7.56,grid
2026-04-18T12:17:50.974482,8365,164.9,100.0,69.5,100,6.92,grid
2026-04-18T12:17:51.061580,8370,164.98,100.0,69.5,100,6.62,grid
2026-04-18T12:17:51.163211,8375,165.84,100.0,69.5,100,6.76,grid
2026-04-18T12:17:51.264875,8380,164.55,100.0,69.5,100,7.52,grid
2026-04-18T12:17:51.357489,8385,164.96,100.0,69.5,100,8.12,grid
2026-04-18T12:17:51.452776,8390,167.2,100.0,69.5,100,8.64,grid
2026-04-18T12:17:51.547484,8395,167.05,100.0,69.5,100,8.82,grid
2026-04-18T12:17:51.643222,8400,168.9,100.0,69.5,100,9.0,grid
2026-04-18T12:17:51.742423,8405,167.9,100.0,69.5,100,8.64,grid
2026-04-18T12:17:51.833370,8410,169.49,100.0,69.5,100,8.5,grid
2026-04-18T12:17:51.919314,8415,169.87,100.0,69.5,100,8.12,grid
2026-04-18T12:17:52.017775,8420,169.84,100.0,69.5,100,7.86,grid
2026-04-18T12:17:52.113661,8425,168.47,100.0,69.5,100,7.84,grid
2026-04-18T12:17:52.210437,8430,170.34,100.0,69.5,100,7.72,grid
2026-04-18T12:17:52.303574,8435,171.81,100.0,69.5,100,7.66,grid
2026-04-18T12:17:52.390334,8440,173.85,100.0,69.5,100,7.56,grid
2026-04-18T12:17:52.479722,8445,173.83,100.0,69.5,100,7.46,grid
2026-04-18T12:17:52.564707,8450,174.53,100.0,69.5,100,7.28,grid
2026-04-18T12:17:52.652652,8455,177.02,100.0,69.5,100,6.94,grid
2026-04-18T12:17:52.867485,8460,159.28,100.0,69.5,100,6.7,grid
2026-04-18T12:17:52.998483,8465,152.81,100.0,69.5,100,6.58,grid
2026-04-18T12:17:53.108486,8470,147.76,100.0,69.5,100,6.58,grid
2026-04-18T12:17:53.251553,8475,143.48,100.0,69.5,100,6.62,grid
2026-04-18T12:17:53.431550,8480,136.33,100.0,69.5,100,6.8,grid
2026-04-18T12:17:53.530804,8485,137.45,100.0,69.5,100,7.16,grid
2026-04-18T12:17:53.628688,8490,135.8,100.0,69.5,100,7.66,grid
2026-04-18T12:17:53.744492,8495,131.25,100.0,69.5,100,8.22,grid
2026-04-18T12:17:53.855503,8500,130.01,100.0,69.5,100,8.66,grid
2026-04-18T12:17:53.983616,8505,126.51,100.0,69.5,100,8.76,grid
2026-04-18T12:17:54.089691,8510,124.19,100.0,69.5,100,8.82,grid
2026-04-18T12:17:54.224079,8515,119.87,100.0,69.5,100,8.94,grid
2026-04-18T12:17:54.365621,8520,124.73,100.0,69.5,100,9.08,grid
2026-04-18T12:17:54.508690,8525,126.59,100.0,69.5,100,9.14,grid
2026-04-18T12:17:54.631524,8530,127.25,100.0,69.5,100,9.62,grid
2026-04-18T12:17:54.739807,8535,127.64,100.0,69.5,100,9.72,grid
2026-04-18T12:17:54.861939,8540,131.07,100.0,69.5,100,10.42,grid
2026-04-18T12:17:55.009850,8545,125.96,100.0,69.5,100,10.8,grid
2026-04-18T12:17:55.124833,8550,125.14,100.0,69.5,100,10.68,grid
2026-04-18T12:17:55.227946,8555,127.9,100.0,69.5,100,10.86,grid
2026-04-18T12:17:55.357333,8560,125.85,100.0,69.5,100,11.12,grid
2026-04-18T12:17:55.470836,8565,127.52,100.0,69.5,100,11.32,grid
2026-04-18T12:17:55.599996,8570,125.78,100.0,69.5,100,11.08,grid
2026-04-18T12:17:55.732977,8575,126.97,100.0,69.5,100,10.72,grid
2026-04-18T12:17:55.843566,8580,129.9,100.0,69.5,100,10.32,grid
2026-04-18T12:17:55.950754,8585,130.98,100.0,69.5,100,10.3,grid
2026-04-18T12:17:56.059944,8590,132.08,100.0,69.5,100,10.08,grid
2026-04-18T12:17:56.159195,8595,133.88,100.0,69.5,100,9.42,grid
2026-04-18T12:17:56.257236,8600,136.2,100.0,69.5,100,8.78,grid
2026-04-18T12:17:56.357442,8605,141.05,100.0,69.5,100,8.32,grid
2026-04-18T12:17:56.451502,8610,143.09,100.0,69.5,100,8.14,grid
2026-04-18T12:17:56.538308,8615,143.12,100.0,69.5,100,8.16,grid
2026-04-18T12:17:56.630884,8620,147.15,100.0,69.5,100,8.1,grid
2026-04-18T12:17:56.728944,8625,147.97,100.0,69.5,100,8.0,grid
2026-04-18T12:17:56.827613,8630,151.87,100.0,69.5,100,7.9,grid
2026-04-18T12:17:56.925601,8635,153.65,100.0,69.5,100,7.54,grid
2026-04-18T12:17:57.012760,8640,157.4,100.0,69.5,100,7.08,grid
2026-04-18T12:17:57.108876,8645,161.25,100.0,69.5,100,6.9,grid
2026-04-18T12:17:57.195992,8650,163.35,100.0,69.5,100,6.72,grid
2026-04-18T12:17:57.282573,8655,166.74,100.0,69.5,100,6.76,grid
2026-04-18T12:17:57.377256,8660,164.92,100.0,69.5,100,6.86,grid
2026-04-18T12:17:57.530344,8665,162.12,100.0,69.5,100,6.84,grid
2026-04-18T12:17:57.614344,8670,164.36,100.0,69.5,100,6.74,grid
2026-04-18T12:17:57.705867,8675,165.2,100.0,69.5,100,6.52,grid
2026-04-18T12:17:57.791384,8680,165.94,100.0,69.5,100,6.5,grid
2026-04-18T12:17:57.927501,8685,160.92,100.0,69.5,100,6.44,grid
2026-04-18T12:17:58.045183,8690,161.77,100.0,69.5,100,6.56,grid
2026-04-18T12:17:58.156497,8695,159.39,100.0,69.5,100,6.72,grid
2026-04-18T12:17:58.254058,8700,157.7,100.0,69.5,100,6.68,grid
2026-04-18T12:17:58.347858,8705,158.47,100.0,69.5,100,6.58,grid
2026-04-18T12:17:58.452979,8710,154.79,100.0,69.5,100,6.42,grid
2026-04-18T12:17:58.597973,8715,148.4,100.0,69.5,100,6.52,grid
2026-04-18T12:17:58.723289,8720,147.05,100.0,69.5,100,6.48,grid
2026-04-18T12:17:58.877496,8725,141.91,100.0,69.5,100,6.8,grid
2026-04-18T12:17:59.049951,8730,131.71,100.0,69.5,100,7.1,grid
2026-04-18T12:17:59.185721,8735,124.64,100.0,69.5,100,7.42,grid
2026-04-18T12:17:59.344122,8740,119.08,100.0,69.5,100,7.72,grid
2026-04-18T12:17:59.456886,8745,122.45,100.0,68.3,100,7.96,grid
2026-04-18T12:17:59.556689,8750,121.46,100.0,69.0,100,8.22,grid
2026-04-18T12:17:59.675137,8755,120.97,100.0,69.2,100,8.24,grid
2026-04-18T12:17:59.786840,8760,119.24,100.0,69.2,100,8.5,grid
2026-04-18T12:17:59.881931,8765,118.22,100.0,69.2,100,8.82,grid
2026-04-18T12:17:59.985764,8770,118.76,100.0,69.2,100,9.64,grid
2026-04-18T12:18:00.116489,8775,119.06,100.0,69.3,100,10.32,grid
2026-04-18T12:18:00.257557,8780,117.9,100.0,69.3,100,11.08,grid
2026-04-18T12:18:00.370157,8785,121.71,100.0,69.3,100,11.66,grid
2026-04-18T12:18:00.471736,8790,127.93,100.0,69.3,100,12.2,grid
2026-04-18T12:18:00.589693,8795,131.59,100.0,69.3,100,12.12,grid
2026-04-18T12:18:00.773222,8800,133.08,100.0,69.3,100,11.88,grid
2026-04-18T12:18:00.947845,8805,130.79,100.0,69.3,100,11.4,grid
2026-04-18T12:18:01.110734,8810,129.8,100.0,69.3,100,10.94,grid
2026-04-18T12:18:01.230317,8815,130.9,100.0,69.3,100,10.52,grid
2026-04-18T12:18:01.380779,8820,130.25,100.0,69.3,100,9.76,grid
2026-04-18T12:18:01.522603,8825,127.24,100.0,69.3,100,8.9,grid
2026-04-18T12:18:01.616577,8830,129.66,100.0,69.4,100,8.14,grid
2026-04-18T12:18:01.721491,8835,130.22,100.0,69.4,100,7.48,grid
2026-04-18T12:18:01.812838,8840,134.3,100.0,69.4,100,6.96,grid
2026-04-18T12:18:01.908705,8845,136.39,100.0,69.4,100,6.6,grid
2026-04-18T12:18:01.998682,8850,138.14,100.0,69.4,100,6.42,grid
2026-04-18T12:18:02.081584,8855,144.21,100.0,69.4,100,6.16,grid
2026-04-18T12:18:02.172589,8860,150.9,100.0,69.4,100,6.2,grid
2026-04-18T12:18:02.257238,8865,156.47,100.0,69.4,100,5.9,grid
2026-04-18T12:18:02.341404,8870,160.93,100.0,69.4,100,5.88,grid
2026-04-18T12:18:02.455124,8875,162.68,100.0,69.4,100,5.9,grid
2026-04-18T12:18:02.556796,8880,168.11,100.0,69.4,100,5.94,grid
2026-04-18T12:18:02.650341,8885,177.2,100.0,69.4,100,5.98,grid
2026-04-18T12:18:02.742489,8890,173.75,100.0,69.4,100,5.98,grid
2026-04-18T12:18:03.000909,8895,160.77,100.0,69.4,100,5.94,grid
2026-04-18T12:18:03.119609,8900,160.99,100.0,69.4,100,5.9,grid
2026-04-18T12:18:03.209252,8905,164.28,100.0,69.4,100,6.0,grid
2026-04-18T12:18:03.297771,8910,163.9,100.0,69.4,100,6.12,grid
2026-04-18T12:18:03.379323,8915,164.13,100.0,69.4,100,6.12,grid
2026-04-18T12:18:03.463176,8920,164.6,100.0,69.4,100,6.18,grid
2026-04-18T12:18:03.547929,8925,164.43,100.0,69.4,100,6.18,grid
2026-04-18T12:18:03.641116,8930,162.57,100.0,69.4,100,6.34,grid
2026-04-18T12:18:03.737807,8935,165.91,100.0,69.4,100,6.52,grid
2026-04-18T12:18:03.854355,8940,160.73,100.0,69.4,100,6.82,grid
2026-04-18T12:18:03.974618,8945,157.5,100.0,69.4,100,7.0,grid
2026-04-18T12:18:04.068220,8950,160.3,100.0,69.4,100,6.98,grid
2026-04-18T12:18:04.157591,8955,175.92,100.0,69.4,100,6.82,grid
2026-04-18T12:18:04.250165,8960,180.12,100.0,69.4,100,7.1,grid
2026-04-18T12:18:04.349028,8965,173.05,100.0,69.5,100,7.78,grid
2026-04-18T12:18:04.441540,8970,173.22,100.0,69.5,100,8.48,grid
2026-04-18T12:18:04.535090,8975,169.64,100.0,69.5,100,8.74,grid
2026-04-18T12:18:04.683764,8980,158.12,100.0,69.5,100,9.14,grid
2026-04-18T12:18:04.821607,8985,156.67,100.0,69.5,100,9.18,grid
2026-04-18T12:18:04.921873,8990,154.19,100.0,69.5,100,9.0,grid
2026-04-18T12:18:05.027857,8995,152.01,100.0,69.5,100,8.94,grid
2026-04-18T12:18:05.127472,9000,154.51,100.0,69.5,100,9.5,grid
2026-04-18T12:18:05.228406,9005,154.24,100.0,69.5,100,10.28,grid
2026-04-18T12:18:05.333982,9010,150.48,100.0,69.5,100,11.16,grid
2026-04-18T12:18:05.437650,9015,149.51,100.0,69.5,100,12.56,grid
2026-04-18T12:18:05.560753,9020,145.48,100.0,69.5,100,14.44,grid
2026-04-18T12:18:05.685223,9025,143.65,100.0,69.5,100,16.14,grid
2026-04-18T12:18:05.812139,9030,140.43,100.0,69.5,100,15.14,grid
2026-04-18T12:18:05.943732,9035,136.12,100.0,69.5,100,13.8,grid
2026-04-18T12:18:06.066594,9040,141.7,100.0,69.5,100,12.48,grid
2026-04-18T12:18:06.189624,9045,137.2,100.0,69.5,100,11.16,grid
2026-04-18T12:18:06.299950,9050,136.77,100.0,69.5,100,9.74,grid
2026-04-18T12:18:06.396743,9055,137.79,100.0,69.5,100,8.92,grid
2026-04-18T12:18:06.520329,9060,137.38,100.0,69.5,100,8.44,grid
2026-04-18T12:18:06.632701,9065,137.83,100.0,69.5,100,8.28,grid
2026-04-18T12:18:06.729989,9070,140.15,100.0,69.5,100,7.4,grid
2026-04-18T12:18:06.817907,9075,142.8,100.0,69.5,100,7.0,grid
2026-04-18T12:18:06.934431,9080,141.92,100.0,69.5,100,6.84,grid
2026-04-18T12:18:07.032788,9085,145.84,100.0,69.5,100,6.56,grid
2026-04-18T12:18:07.119896,9090,147.74,100.0,69.5,100,6.36,grid
2026-04-18T12:18:07.202197,9095,151.91,91.7,69.5,100,6.02,grid
2026-04-18T12:18:07.291124,9100,154.47,90.5,69.5,100,6.1,grid
2026-04-18T12:18:07.375431,9105,162.83,88.0,69.5,100,6.14,grid
2026-04-18T12:18:07.457623,9110,170.99,60.0,69.5,100,6.18,grid
2026-04-18T12:18:07.541444,9115,174.2,85.0,69.5,100,6.14,grid
2026-04-18T12:18:07.636533,9120,178.73,75.0,69.5,100,6.12,grid
2026-04-18T12:18:07.729175,9125,178.22,95.8,69.5,100,6.24,grid
2026-04-18T12:18:07.821269,9130,175.35,92.3,69.5,100,6.4,grid
2026-04-18T12:18:07.908454,9135,177.25,87.5,69.5,100,6.56,grid
2026-04-18T12:18:08.007577,9140,177.5,91.7,69.5,100,6.6,grid
2026-04-18T12:18:08.093271,9145,178.02,83.3,69.5,100,6.42,grid
2026-04-18T12:18:08.189555,9150,175.24,91.7,69.5,100,6.32,grid
2026-04-18T12:18:08.273150,9155,176.35,85.0,69.5,100,6.38,grid
2026-04-18T12:18:08.366803,9160,173.62,95.8,69.5,100,6.38,grid
2026-04-18T12:18:08.453430,9165,171.84,79.2,69.5,100,6.68,grid
2026-04-18T12:18:08.550530,9170,168.69,91.7,69.5,100,7.42,grid
2026-04-18T12:18:08.648254,9175,165.69,92.3,69.5,100,8.06,grid
2026-04-18T12:18:08.740413,9180,164.44,100.0,69.5,100,8.08,grid
2026-04-18T12:18:08.901342,9185,157.86,100.0,69.5,100,7.82,grid
2026-04-18T12:18:09.031168,9190,153.08,100.0,69.5,100,7.6,grid
2026-04-18T12:18:09.212062,9195,146.05,100.0,69.5,100,7.62,grid
2026-04-18T12:18:09.363564,9200,145.42,100.0,69.5,100,7.34,grid
2026-04-18T12:18:09.536198,9205,136.69,100.0,69.5,100,7.24,grid
2026-04-18T12:18:09.639912,9210,139.21,100.0,69.5,100,7.06,grid
2026-04-18T12:18:09.727427,9215,141.15,75.0,69.5,100,7.06,grid
2026-04-18T12:18:09.819751,9220,145.3,79.2,69.5,100,7.02,grid
2026-04-18T12:18:09.907409,9225,146.78,87.5,69.5,100,7.2,grid
2026-04-18T12:18:09.990866,9230,146.16,90.0,69.5,100,7.42,grid
2026-04-18T12:18:10.089245,9235,143.46,91.7,69.5,100,7.78,grid
2026-04-18T12:18:10.184619,9240,142.96,95.8,69.5,100,8.2,grid
2026-04-18T12:18:10.285881,9245,148.2,92.9,69.5,100,8.38,grid
2026-04-18T12:18:10.371934,9250,155.22,90.0,69.5,100,8.3,grid
2026-04-18T12:18:10.471711,9255,161.61,89.3,69.5,100,8.32,grid
2026-04-18T12:18:10.565707,9260,165.54,100.0,69.5,100,8.34,grid
2026-04-18T12:18:10.671472,9265,177.24,100.0,69.5,100,8.5,grid
2026-04-18T12:18:10.771478,9270,176.05,96.0,69.5,100,8.36,grid
2026-04-18T12:18:10.869904,9275,169.86,95.8,69.5,100,8.1,grid
2026-04-18T12:18:10.974493,9280,162.28,92.9,69.5,100,7.74,grid
2026-04-18T12:18:11.069373,9285,157.07,95.8,69.5,100,7.14,grid
2026-04-18T12:18:11.154036,9290,157.34,83.3,69.5,100,6.54,grid
2026-04-18T12:18:11.240059,9295,161.72,95.0,69.5,100,6.26,grid
2026-04-18T12:18:11.352212,9300,162.48,85.7,69.5,100,6.06,grid
2026-04-18T12:18:11.648789,9305,150.5,100.0,69.5,100,5.62,grid
2026-04-18T12:18:11.778456,9310,149.33,100.0,69.5,100,5.52,grid
2026-04-18T12:18:11.929342,9315,143.54,100.0,69.5,100,5.34,grid
2026-04-18T12:18:12.036819,9320,142.23,100.0,69.5,100,5.28,grid
2026-04-18T12:18:12.128454,9325,144.45,95.8,69.5,100,5.32,grid
2026-04-18T12:18:12.216464,9330,145.92,92.0,69.5,100,5.3,grid
2026-04-18T12:18:12.303734,9335,146.66,95.0,69.5,100,5.3,grid
2026-04-18T12:18:12.386354,9340,152.95,90.0,69.5,100,5.3,grid
2026-04-18T12:18:12.473863,9345,157.49,88.0,69.5,100,5.24,grid
2026-04-18T12:18:12.556283,9350,159.37,81.0,69.5,100,5.14,grid
2026-04-18T12:18:12.643581,9355,160.31,92.0,69.7,100,5.1,grid
2026-04-18T12:18:12.724851,9360,162.92,90.0,69.7,100,5.28,grid
2026-04-18T12:18:12.815134,9365,180.41,100.0,69.7,100,5.62,grid
2026-04-18T12:18:12.902671,9370,181.86,100.0,69.7,100,5.68,grid
2026-04-18T12:18:13.003670,9375,189.78,100.0,69.7,100,6.16,grid
2026-04-18T12:18:13.106669,9380,189.99,100.0,69.7,100,6.58,grid
2026-04-18T12:18:13.198781,9385,185.06,95.0,69.7,100,6.92,grid
2026-04-18T12:18:13.306784,9390,183.05,100.0,69.7,100,7.1,grid
2026-04-18T12:18:13.416790,9395,184.13,100.0,69.7,100,6.98,grid
2026-04-18T12:18:13.519737,9400,179.53,96.7,69.7,100,6.92,grid
2026-04-18T12:18:13.656946,9405,171.81,100.0,69.7,100,6.76,grid
2026-04-18T12:18:13.768437,9410,163.66,100.0,69.7,100,6.92,grid
2026-04-18T12:18:13.954414,9415,151.66,100.0,69.7,100,7.02,grid
2026-04-18T12:18:14.180451,9420,143.44,100.0,69.7,100,6.84,grid
2026-04-18T12:18:14.327238,9425,140.61,100.0,69.7,100,6.98,grid
2026-04-18T12:18:14.471769,9430,137.62,100.0,69.7,100,7.44,grid
2026-04-18T12:18:14.604672,9435,136.05,100.0,69.7,100,8.2,grid
2026-04-18T12:18:14.759142,9440,132.13,100.0,69.7,100,8.8,grid
2026-04-18T12:18:14.874228,9445,132.97,100.0,69.7,100,8.84,grid
2026-04-18T12:18:14.981527,9450,132.2,100.0,69.7,100,9.1,grid
2026-04-18T12:18:15.100574,9455,129.99,100.0,69.7,100,8.86,grid
2026-04-18T12:18:15.207628,9460,130.12,100.0,69.7,100,8.7,grid
2026-04-18T12:18:15.323626,9465,131.08,100.0,69.7,100,8.76,grid
2026-04-18T12:18:15.447054,9470,133.51,97.0,69.7,100,8.86,grid
2026-04-18T12:18:15.552160,9475,139.99,100.0,69.7,100,8.96,grid
2026-04-18T12:18:15.686630,9480,143.57,100.0,69.7,100,8.88,grid
2026-04-18T12:18:15.817356,9485,138.72,100.0,69.7,100,9.1,grid
2026-04-18T12:18:15.930129,9490,139.44,100.0,69.7,100,9.26,grid
2026-04-18T12:18:16.048041,9495,138.75,100.0,69.7,100,9.14,grid
2026-04-18T12:18:16.161696,9500,143.35,100.0,69.7,100,8.86,grid
2026-04-18T12:18:16.273281,9505,142.62,100.0,69.7,100,8.56,grid
2026-04-18T12:18:16.375933,9510,143.4,100.0,69.7,100,8.4,grid
2026-04-18T12:18:16.536766,9515,138.64,100.0,69.7,100,8.3,grid
2026-04-18T12:18:16.678765,9520,137.69,100.0,69.7,100,8.1,grid
2026-04-18T12:18:16.780626,9525,137.8,100.0,69.7,100,8.16,grid
2026-04-18T12:18:16.872728,9530,138.49,100.0,69.7,100,8.36,grid
2026-04-18T12:18:16.996349,9535,137.51,100.0,69.7,100,8.36,grid
2026-04-18T12:18:17.095219,9540,138.7,100.0,69.7,100,8.5,grid
2026-04-18T12:18:17.192972,9545,144.38,100.0,69.7,100,8.7,grid
2026-04-18T12:18:17.317929,9550,143.35,100.0,69.7,100,8.62,grid
2026-04-18T12:18:17.443832,9555,144.63,100.0,69.7,100,8.3,grid
2026-04-18T12:18:17.589343,9560,143.91,100.0,69.7,100,8.24,grid
2026-04-18T12:18:17.731323,9565,141.46,100.0,69.7,100,8.1,grid
2026-04-18T12:18:17.873194,9570,138.43,100.0,69.8,100,7.94,grid
2026-04-18T12:18:18.007666,9575,140.39,100.0,69.8,100,7.8,grid
2026-04-18T12:18:18.120911,9580,138.71,100.0,69.8,100,7.58,grid
2026-04-18T12:18:18.226896,9585,139.52,100.0,69.8,100,7.46,grid
2026-04-18T12:18:18.326902,9590,138.33,100.0,69.8,100,7.6,grid
2026-04-18T12:18:18.420751,9595,140.24,100.0,69.8,100,7.96,grid
2026-04-18T12:18:18.532705,9600,138.76,100.0,69.8,100,9.04,grid
2026-04-18T12:18:19.031672,9605,131.19,100.0,69.8,100,10.02,grid
2026-04-18T12:18:19.206652,9610,131.84,100.0,69.8,100,10.8,grid
2026-04-18T12:18:19.436698,9615,127.6,100.0,69.8,100,11.84,grid
2026-04-18T12:18:19.654566,9620,122.94,100.0,69.8,100,12.22,grid
2026-04-18T12:18:19.876275,9625,117.55,100.0,69.8,100,12.48,grid
2026-04-18T12:18:20.011748,9630,119.26,100.0,69.8,100,12.68,grid
2026-04-18T12:18:20.133560,9635,122.45,100.0,69.8,100,13.32,grid
2026-04-18T12:18:20.272724,9640,122.65,100.0,69.8,100,14.16,grid
2026-04-18T12:18:20.403953,9645,122.69,100.0,69.8,100,14.5,grid
2026-04-18T12:18:20.540577,9650,122.77,100.0,69.8,100,15.2,grid
2026-04-18T12:18:20.680131,9655,119.26,100.0,69.8,100,15.38,grid
2026-04-18T12:18:20.830498,9660,117.1,100.0,69.8,100,15.7,grid
2026-04-18T12:18:21.000367,9665,120.04,100.0,69.8,100,14.84,grid
2026-04-18T12:18:21.188706,9670,117.28,100.0,69.8,100,13.66,grid
2026-04-18T12:18:21.370011,9675,116.24,100.0,69.8,100,12.28,grid
2026-04-18T12:18:21.534879,9680,118.43,100.0,69.8,100,11.04,grid
2026-04-18T12:18:21.771355,9685,123.89,100.0,69.8,100,10.18,grid
2026-04-18T12:18:21.907084,9690,122.95,100.0,69.8,100,9.24,grid
2026-04-18T12:18:22.021386,9695,122.73,100.0,69.8,100,8.58,grid
2026-04-18T12:18:22.136259,9700,124.9,100.0,69.8,100,8.1,grid
2026-04-18T12:18:22.248109,9705,125.01,100.0,69.8,100,7.74,grid
2026-04-18T12:18:22.346286,9710,124.73,100.0,69.8,100,7.62,grid
2026-04-18T12:18:22.464954,9715,128.41,100.0,69.8,100,7.32,grid
2026-04-18T12:18:22.567734,9720,132.84,100.0,69.8,100,7.26,grid
2026-04-18T12:18:22.669511,9725,135.74,100.0,69.8,100,7.2,grid
2026-04-18T12:18:22.780821,9730,139.38,100.0,69.8,100,7.44,grid
2026-04-18T12:18:22.880508,9735,148.94,92.3,69.8,100,8.0,grid
2026-04-18T12:18:22.971995,9740,155.98,91.7,69.8,100,8.16,grid
2026-04-18T12:18:23.060473,9745,162.6,88.5,69.8,100,8.46,grid
2026-04-18T12:18:23.155164,9750,166.22,79.2,69.8,100,9.08,grid
2026-04-18T12:18:23.244065,9755,173.21,60.0,69.8,100,9.46,grid
2026-04-18T12:18:23.346664,9760,174.17,85.7,69.8,100,9.62,grid
2026-04-18T12:18:23.437734,9765,177.74,91.7,69.8,100,9.72,grid
2026-04-18T12:18:23.540651,9770,180.12,95.8,69.8,100,9.76,grid
2026-04-18T12:18:23.644493,9775,177.89,96.4,69.8,100,9.72,grid
2026-04-18T12:18:23.763053,9780,175.35,100.0,69.8,100,9.64,grid
2026-04-18T12:18:23.882550,9785,173.86,100.0,69.8,100,9.86,grid
2026-04-18T12:18:24.025524,9790,172.45,100.0,69.8,100,9.86,grid
2026-04-18T12:18:24.170618,9795,166.16,100.0,69.8,100,9.66,grid
2026-04-18T12:18:24.287681,9800,162.33,100.0,69.8,100,9.6,grid
2026-04-18T12:18:24.417077,9805,156.7,100.0,69.8,100,9.68,grid
2026-04-18T12:18:24.511463,9810,158.11,80.0,69.8,100,9.22,grid
2026-04-18T12:18:24.620431,9815,154.7,96.8,69.8,100,8.84,grid
2026-04-18T12:18:24.713247,9820,155.31,87.5,69.8,100,8.64,grid
2026-04-18T12:18:24.802302,9825,155.01,91.7,69.8,100,8.62,grid
2026-04-18T12:18:24.891953,9830,155.99,79.2,69.8,100,8.86,grid
2026-04-18T12:18:24.990564,9835,157.75,95.8,69.8,100,9.12,grid
2026-04-18T12:18:25.098348,9840,159.16,96.4,69.8,100,9.48,grid
2026-04-18T12:18:25.198084,9845,162.74,95.8,69.8,100,9.96,grid
2026-04-18T12:18:25.298097,9850,166.44,93.1,69.8,100,10.72,grid
2026-04-18T12:18:25.402163,9855,172.75,75.0,68.5,100,11.6,grid
2026-04-18T12:18:25.506578,9860,172.35,85.7,69.0,100,12.64,grid
2026-04-18T12:18:25.627690,9865,171.51,93.9,69.0,100,13.38,grid
2026-04-18T12:18:25.742773,9870,164.96,100.0,69.2,100,14.0,grid
2026-04-18T12:18:25.865915,9875,163.54,100.0,69.3,100,14.7,grid
2026-04-18T12:18:25.990773,9880,159.39,100.0,69.3,100,15.04,grid
2026-04-18T12:18:26.122186,9885,154.28,100.0,69.3,100,14.58,grid
2026-04-18T12:18:26.243905,9890,151.27,93.8,69.3,100,14.22,grid
2026-04-18T12:18:26.388647,9895,147.34,91.7,69.3,100,13.82,grid
2026-04-18T12:18:26.527959,9900,144.63,97.2,69.3,100,13.5,grid
2026-04-18T12:18:26.842226,9905,137.7,100.0,69.3,100,13.22,grid
2026-04-18T12:18:27.005165,9910,127.77,100.0,69.3,100,13.02,grid
2026-04-18T12:18:27.136654,9915,122.9,100.0,69.3,100,12.46,grid
2026-04-18T12:18:27.249491,9920,123.28,87.5,69.3,100,11.84,grid
2026-04-18T12:18:27.350589,9925,124.85,91.7,69.3,100,10.88,grid
2026-04-18T12:18:27.452227,9930,127.23,92.9,69.3,100,9.88,grid
2026-04-18T12:18:27.545281,9935,128.52,92.0,69.3,100,9.1,grid
2026-04-18T12:18:27.637517,9940,130.9,80.0,69.3,100,8.28,grid
2026-04-18T12:18:27.733566,9945,133.78,96.6,69.3,100,7.82,grid
2026-04-18T12:18:27.825676,9950,137.57,95.0,69.3,100,7.54,grid
2026-04-18T12:18:27.912645,9955,141.83,87.5,69.3,100,7.26,grid
2026-04-18T12:18:28.005722,9960,144.94,96.2,69.3,100,7.12,grid
2026-04-18T12:18:28.092705,9965,154.8,91.7,69.3,100,7.16,grid
2026-04-18T12:18:28.186242,9970,171.89,88.0,69.3,100,7.32,grid
2026-04-18T12:18:28.274828,9975,180.21,100.0,69.3,100,7.58,grid
2026-04-18T12:18:28.366992,9980,181.87,96.0,69.4,100,7.68,grid
2026-04-18T12:18:28.460560,9985,183.14,95.8,69.4,100,7.96,grid
2026-04-18T12:18:28.614827,9990,172.47,90.0,69.4,100,8.26,grid
2026-04-18T12:18:28.772203,9995,165.3,100.0,69.4,100,8.84,grid
2026-04-18T12:18:28.982933,10000,157.76,100.0,69.4,100,9.48,grid
2026-04-18T12:18:29.172661,10005,148.4,100.0,69.4,100,10.66,grid
2026-04-18T12:18:29.448952,10010,136.3,100.0,69.4,100,11.2,grid
2026-04-18T12:18:29.725673,10015,124.31,100.0,69.5,100,11.42,grid
2026-04-18T12:18:29.832521,10020,124.68,96.4,69.5,100,11.36,grid
2026-04-18T12:18:29.934838,10025,123.19,78.6,69.5,100,11.22,grid
2026-04-18T12:18:30.019730,10030,124.33,45.0,69.5,100,10.98,grid
2026-04-18T12:18:30.106163,10035,125.22,91.3,69.5,100,10.4,grid
2026-04-18T12:18:30.188076,10040,128.33,40.9,69.5,100,9.94,grid
2026-04-18T12:18:30.269517,10045,132.46,25.0,69.5,100,9.38,grid
2026-04-18T12:18:30.355095,10050,143.36,85.0,69.5,100,9.3,grid
2026-04-18T12:18:30.436029,10055,153.45,63.6,69.5,100,9.04,grid
2026-04-18T12:18:30.517467,10060,165.47,36.4,69.5,100,8.9,grid
2026-04-18T12:18:30.601390,10065,181.83,95.0,69.5,100,8.76,grid
2026-04-18T12:18:30.687722,10070,207.57,54.2,69.5,100,8.88,grid
2026-04-18T12:18:30.769533,10075,252.24,33.3,69.5,100,8.88,grid
2026-04-18T12:18:30.852926,10080,271.81,85.0,69.5,100,9.0,grid
2026-04-18T12:18:30.934984,10085,297.22,65.0,69.5,100,9.02,grid
2026-04-18T12:18:31.048323,10090,281.68,68.8,69.5,100,9.06,grid
2026-04-18T12:18:31.149343,10095,282.02,87.5,69.5,100,8.96,grid
2026-04-18T12:18:31.244194,10100,278.8,84.0,69.5,100,9.08,grid
2026-04-18T12:18:31.334720,10105,280.0,83.3,69.5,100,8.76,grid
2026-04-18T12:18:31.421863,10110,279.75,76.0,69.5,100,8.72,grid
2026-04-18T12:18:31.502649,10115,279.8,40.0,69.5,100,8.8,grid
2026-04-18T12:18:31.587312,10120,277.2,50.0,69.5,100,8.88,grid
2026-04-18T12:18:31.672713,10125,273.66,62.5,69.5,100,8.58,grid
2026-04-18T12:18:31.756010,10130,278.64,20.0,69.5,100,8.24,grid
2026-04-18T12:18:31.841880,10135,279.96,60.0,69.5,100,8.06,grid
2026-04-18T12:18:31.926936,10140,268.6,60.0,69.5,100,7.78,grid
2026-04-18T12:18:32.005383,10145,268.49,10.0,69.5,100,7.78,grid
2026-04-18T12:18:32.101656,10150,288.82,68.0,69.5,100,7.8,grid
2026-04-18T12:18:32.185049,10155,310.85,40.0,69.5,100,7.82,grid
2026-04-18T12:18:32.268983,10160,320.67,37.5,69.5,100,7.72,grid
2026-04-18T12:18:32.353547,10165,322.1,70.0,69.5,100,7.6,grid
2026-04-18T12:18:32.435469,10170,326.92,54.2,69.5,100,7.48,grid
2026-04-18T12:18:32.518437,10175,331.43,30.0,69.5,100,7.3,grid
2026-04-18T12:18:32.600520,10180,332.31,60.0,69.5,100,7.32,grid
2026-04-18T12:18:32.683035,10185,333.16,70.0,69.5,100,7.38,grid
2026-04-18T12:18:32.806067,10190,319.17,82.4,69.5,100,7.48,grid
2026-04-18T12:18:32.919492,10195,310.44,85.3,69.5,100,7.64,grid
2026-04-18T12:18:33.290290,10200,291.67,93.7,69.5,100,7.7,grid
2026-04-18T12:18:33.453656,10205,251.44,100.0,69.5,100,7.82,grid
2026-04-18T12:18:33.556634,10210,245.86,96.3,69.5,100,7.9,grid
2026-04-18T12:18:33.644209,10215,229.81,91.7,69.5,100,8.26,grid
2026-04-18T12:18:33.748188,10220,214.98,100.0,69.5,100,8.92,grid
2026-04-18T12:18:33.849002,10225,201.46,96.0,69.5,100,9.32,grid
2026-04-18T12:18:33.935569,10230,195.07,75.0,69.5,100,10.0,grid
2026-04-18T12:18:34.018337,10235,194.07,45.0,69.5,100,10.44,grid
2026-04-18T12:18:34.121259,10240,185.55,72.0,69.5,100,11.18,grid
2026-04-18T12:18:34.208819,10245,185.32,60.0,69.5,100,11.96,grid
2026-04-18T12:18:34.290970,10250,179.0,55.0,69.5,100,12.9,grid
2026-04-18T12:18:34.394517,10255,169.91,86.2,69.5,100,13.38,grid
2026-04-18T12:18:34.484230,10260,172.99,45.8,69.5,100,14.2,grid
2026-04-18T12:18:34.597422,10265,181.18,78.6,69.5,100,14.58,grid
2026-04-18T12:18:34.706315,10270,177.79,89.7,69.5,100,14.66,grid
2026-04-18T12:18:34.796273,10275,178.92,66.7,69.5,100,14.48,grid
2026-04-18T12:18:34.878913,10280,185.93,30.0,69.5,100,14.2,grid
2026-04-18T12:18:34.964399,10285,192.11,35.0,69.5,100,13.84,grid
2026-04-18T12:18:35.066390,10290,186.97,75.0,69.5,100,13.38,grid
2026-04-18T12:18:35.148605,10295,184.43,28.6,69.5,100,12.7,grid
2026-04-18T12:18:35.237598,10300,191.26,41.7,69.5,100,12.1,grid
2026-04-18T12:18:35.320515,10305,195.96,70.0,69.5,100,10.84,grid
2026-04-18T12:18:35.403520,10310,209.55,71.4,69.5,100,9.86,grid
2026-04-18T12:18:35.493558,10315,221.44,91.7,69.5,100,9.12,grid
2026-04-18T12:18:35.589632,10320,219.19,100.0,69.5,100,8.72,grid
2026-04-18T12:18:35.673177,10325,221.37,95.8,69.5,100,8.22,grid
2026-04-18T12:18:35.753567,10330,234.45,65.0,69.5,100,7.72,grid
2026-04-18T12:18:35.835469,10335,247.58,25.0,69.5,100,7.14,grid
2026-04-18T12:18:35.918883,10340,250.68,58.3,69.5,100,6.8,grid
2026-04-18T12:18:36.003867,10345,257.67,35.0,69.5,100,6.5,grid
2026-04-18T12:18:36.084877,10350,284.72,35.0,69.5,100,6.34,grid
2026-04-18T12:18:36.164787,10355,291.96,20.0,69.5,100,6.2,grid
2026-04-18T12:18:36.247660,10360,302.52,33.3,69.5,100,6.12,grid
2026-04-18T12:18:36.331938,10365,308.0,39.1,69.5,100,6.1,grid
2026-04-18T12:18:36.413536,10370,303.97,35.0,69.5,100,6.04,grid
2026-04-18T12:18:36.495389,10375,323.71,50.0,69.5,100,6.06,grid
2026-04-18T12:18:36.577568,10380,361.5,52.0,69.5,100,6.14,grid
2026-04-18T12:18:36.658010,10385,398.75,5.9,69.5,100,6.22,grid
2026-04-18T12:18:36.741285,10390,376.3,65.2,69.5,100,6.26,grid
2026-04-18T12:18:36.824414,10395,378.65,55.0,69.5,100,6.4,grid
2026-04-18T12:18:36.907258,10400,376.16,56.0,69.5,100,6.48,grid
2026-04-18T12:18:36.995692,10405,364.72,81.0,69.5,100,6.4,grid
2026-04-18T12:18:37.077570,10410,335.76,83.3,69.5,100,6.4,grid
2026-04-18T12:18:37.159959,10415,326.48,35.0,69.5,100,6.54,grid
2026-04-18T12:18:37.242285,10420,322.87,52.4,69.5,100,6.9,grid
2026-04-18T12:18:37.325690,10425,317.79,40.0,69.6,100,7.08,grid
2026-04-18T12:18:37.405403,10430,326.59,31.8,69.6,100,7.06,grid
2026-04-18T12:18:37.493450,10435,314.65,45.5,69.6,100,6.94,grid
2026-04-18T12:18:37.576809,10440,302.8,54.2,69.6,100,7.04,grid
2026-04-18T12:18:37.661786,10445,290.77,23.8,69.6,100,6.86,grid
2026-04-18T12:18:37.827948,10450,253.65,93.3,69.6,100,6.86,grid
2026-04-18T12:18:37.995435,10455,212.51,100.0,69.6,100,7.02,grid
2026-04-18T12:18:38.246783,10460,188.17,100.0,69.6,100,7.18,grid
2026-04-18T12:18:38.416165,10465,171.96,100.0,69.6,100,7.42,grid
2026-04-18T12:18:38.515785,10470,165.68,93.5,69.6,100,7.36,grid
2026-04-18T12:18:38.597751,10475,162.24,72.7,69.7,100,7.34,grid
2026-04-18T12:18:38.693616,10480,154.28,75.0,69.7,100,7.56,grid
2026-04-18T12:18:38.825012,10485,145.82,100.0,69.7,100,7.7,grid
2026-04-18T12:18:38.950416,10490,138.32,100.0,69.7,100,8.1,grid
2026-04-18T12:18:39.067090,10495,132.45,100.0,69.7,100,8.84,grid
2026-04-18T12:18:39.173839,10500,127.29,100.0,69.7,100,9.46,grid
2026-04-18T12:18:39.270300,10505,123.29,79.2,69.7,100,10.54,grid
2026-04-18T12:18:39.352209,10510,130.26,75.0,69.7,100,11.34,grid
2026-04-18T12:18:39.451226,10515,135.95,71.4,69.7,100,11.92,grid
2026-04-18T12:18:39.561759,10520,142.41,89.7,69.7,100,12.1,grid
2026-04-18T12:18:39.879685,10525,134.24,98.7,69.7,100,11.86,grid
2026-04-18T12:18:40.047442,10530,130.67,91.5,69.7,100,11.22,grid
2026-04-18T12:18:40.145632,10535,129.46,100.0,69.7,100,10.78,grid
2026-04-18T12:18:40.249954,10540,131.93,71.4,69.7,100,10.3,grid
2026-04-18T12:18:40.343591,10545,133.52,83.3,69.7,100,9.9,grid
2026-04-18T12:18:40.460522,10550,132.18,93.1,69.7,100,9.64,grid
2026-04-18T12:18:40.547932,10555,137.22,75.0,69.7,100,9.7,grid
2026-04-18T12:18:40.660644,10560,138.26,96.4,69.7,100,9.6,grid
2026-04-18T12:18:40.759614,10565,139.29,96.0,69.7,100,9.26,grid
2026-04-18T12:18:40.849405,10570,139.17,91.7,69.7,100,8.84,grid
2026-04-18T12:18:40.990359,10575,139.07,100.0,69.7,100,8.54,grid
2026-04-18T12:18:41.085347,10580,141.57,87.5,69.7,100,8.08,grid
2026-04-18T12:18:41.176374,10585,159.42,100.0,69.7,100,7.58,grid
2026-04-18T12:18:41.265996,10590,173.08,79.2,69.7,100,7.24,grid
2026-04-18T12:18:41.353974,10595,179.09,80.0,69.7,100,6.92,grid
2026-04-18T12:18:41.443706,10600,177.13,95.8,69.7,100,6.8,grid
2026-04-18T12:18:41.539246,10605,179.72,79.2,69.7,100,6.62,grid
2026-04-18T12:18:41.617973,10610,187.48,85.0,69.7,100,6.48,grid
2026-04-18T12:18:41.742404,10615,180.21,100.0,69.7,100,6.36,grid
2026-04-18T12:18:41.854360,10620,179.57,100.0,69.7,100,6.52,grid
2026-04-18T12:18:41.982202,10625,173.92,100.0,69.7,100,6.62,grid
2026-04-18T12:18:42.102398,10630,168.47,100.0,69.7,100,6.7,grid
2026-04-18T12:18:42.289493,10635,158.45,100.0,69.7,100,6.8,grid
2026-04-18T12:18:42.412221,10640,155.17,100.0,69.7,100,7.24,grid
2026-04-18T12:18:42.517446,10645,154.36,100.0,69.7,100,7.08,grid
2026-04-18T12:18:42.623471,10650,148.2,96.4,69.7,100,7.08,grid
2026-04-18T12:18:42.724862,10655,143.88,87.5,69.7,100,7.06,grid
2026-04-18T12:18:42.822689,10660,143.34,95.8,69.7,100,7.46,grid
2026-04-18T12:18:42.911529,10665,142.89,84.6,68.5,100,8.02,grid
2026-04-18T12:18:43.009686,10670,140.23,87.5,69.2,100,8.36,grid
2026-04-18T12:18:43.131520,10675,140.27,93.8,69.2,100,8.12,grid
2026-04-18T12:18:43.226550,10680,143.8,87.5,69.3,100,7.72,grid
2026-04-18T12:18:43.316128,10685,151.21,75.0,69.3,100,7.3,grid
2026-04-18T12:18:43.396189,10690,161.6,45.0,69.3,100,7.02,grid
2026-04-18T12:18:43.479054,10695,186.97,54.5,69.3,100,6.68,grid
2026-04-18T12:18:43.565737,10700,193.6,75.0,69.3,100,6.32,grid
2026-04-18T12:18:43.676101,10705,192.64,89.3,69.3,100,6.06,grid
2026-04-18T12:18:43.882258,10710,173.81,100.0,69.3,100,6.12,grid
2026-04-18T12:18:44.011813,10715,168.32,100.0,69.3,100,6.3,grid
2026-04-18T12:18:44.100552,10720,172.91,75.0,69.3,100,6.62,grid
2026-04-18T12:18:44.191525,10725,171.45,100.0,69.3,100,7.02,grid
2026-04-18T12:18:44.280491,10730,171.64,70.8,69.4,100,7.36,grid
2026-04-18T12:18:44.371121,10735,178.7,35.0,69.4,100,7.76,grid
2026-04-18T12:18:44.479075,10740,174.33,96.6,69.4,100,7.76,grid
2026-04-18T12:18:44.579269,10745,169.61,89.3,69.5,100,8.02,grid
2026-04-18T12:18:44.670664,10750,168.57,75.0,69.5,100,8.24,grid
2026-04-18T12:18:44.751121,10755,164.55,56.0,69.5,100,8.5,grid
2026-04-18T12:18:44.835341,10760,169.87,55.0,69.5,100,8.58,grid
2026-04-18T12:18:44.922030,10765,177.04,79.2,69.5,100,8.58,grid
2026-04-18T12:18:45.011067,10770,203.92,71.4,69.5,100,8.62,grid
2026-04-18T12:18:45.109304,10775,208.36,73.3,69.5,100,9.3,grid
2026-04-18T12:18:45.192841,10780,212.18,71.4,69.5,100,9.98,grid
2026-04-18T12:18:45.485398,10785,157.04,92.1,69.5,100,10.58,grid
2026-04-18T12:18:45.614617,10790,152.08,97.0,69.6,100,11.22,grid
2026-04-18T12:18:45.723857,10795,146.94,100.0,69.6,100,11.48,grid
2026-04-18T12:18:45.821277,10800,148.66,87.5,69.6,100,11.7,grid
2026-04-18T12:18:45.927278,10805,147.74,96.4,69.6,100,11.96,grid
2026-04-18T12:18:46.013471,10810,146.61,62.5,69.6,100,11.42,grid
2026-04-18T12:18:46.098608,10815,145.94,65.0,69.6,100,10.76,grid
2026-04-18T12:18:46.180919,10820,142.79,80.0,69.6,100,10.02,grid
2026-04-18T12:18:46.266982,10825,141.72,75.0,69.6,100,9.2,grid
2026-04-18T12:18:46.355572,10830,141.91,65.0,69.6,100,8.68,grid
2026-04-18T12:18:46.438410,10835,143.7,95.8,69.6,100,8.14,grid
2026-04-18T12:18:46.526464,10840,143.19,55.0,69.6,100,7.7,grid
2026-04-18T12:18:46.611513,10845,196.53,62.5,69.6,100,7.2,grid
2026-04-18T12:18:46.713573,10850,204.96,95.8,69.6,100,6.96,grid
2026-04-18T12:18:46.808853,10855,206.44,83.3,69.6,100,6.78,grid
2026-04-18T12:18:46.896118,10860,210.8,79.2,69.6,100,6.76,grid
2026-04-18T12:18:46.978167,10865,224.4,90.0,69.6,100,6.78,grid
2026-04-18T12:18:47.074452,10870,217.97,79.2,69.6,100,6.58,grid
2026-04-18T12:18:47.158447,10875,220.21,66.7,69.6,100,6.7,grid
2026-04-18T12:18:47.242709,10880,216.67,81.0,69.6,100,6.62,grid
2026-04-18T12:18:47.407382,10885,195.11,95.6,69.6,100,6.88,grid
2026-04-18T12:18:47.501594,10890,192.98,88.5,69.6,100,7.0,grid
2026-04-18T12:18:47.604757,10895,190.06,83.3,69.6,100,7.58,grid
2026-04-18T12:18:47.694619,10900,181.1,100.0,69.6,100,8.16,grid
2026-04-18T12:18:47.781901,10905,174.76,91.7,69.6,100,8.68,grid
2026-04-18T12:18:47.864198,10910,183.04,33.3,69.6,100,9.12,grid
2026-04-18T12:18:47.945787,10915,192.64,50.0,69.6,100,9.38,grid
2026-04-18T12:18:48.033340,10920,193.61,50.0,69.6,100,9.8,grid
2026-04-18T12:18:48.131532,10925,188.12,83.3,69.6,100,10.08,grid
2026-04-18T12:18:48.234553,10930,188.03,96.4,69.6,100,10.38,grid
2026-04-18T12:18:48.346600,10935,182.38,96.6,69.6,100,10.24,grid
2026-04-18T12:18:48.436282,10940,183.93,80.0,69.6,100,10.0,grid
2026-04-18T12:18:48.520444,10945,205.37,30.0,69.6,100,9.86,grid
2026-04-18T12:18:48.600707,10950,213.1,55.0,69.6,100,9.66,grid
2026-04-18T12:18:48.685578,10955,229.91,58.3,69.6,100,9.32,grid
2026-04-18T12:18:48.793179,10960,224.08,88.0,69.6,100,8.86,grid
2026-04-18T12:18:48.955417,10965,193.97,95.5,69.6,100,8.48,grid
2026-04-18T12:18:49.100884,10970,177.75,100.0,69.6,100,8.14,grid
2026-04-18T12:18:49.230826,10975,163.0,93.9,69.6,100,7.98,grid
2026-04-18T12:18:49.323208,10980,160.38,92.0,69.6,100,7.8,grid
2026-04-18T12:18:49.407321,10985,163.48,58.3,69.6,100,7.54,grid
2026-04-18T12:18:49.492240,10990,167.77,81.0,69.6,100,7.08,grid
2026-04-18T12:18:49.575081,10995,174.41,75.0,69.6,100,6.86,grid
2026-04-18T12:18:49.674979,11000,172.81,89.3,69.6,100,6.88,grid
2026-04-18T12:18:49.756765,11005,165.62,76.2,69.6,100,6.78,grid
2026-04-18T12:18:49.843381,11010,163.1,62.5,69.6,100,6.52,grid
2026-04-18T12:18:49.922476,11015,160.48,85.0,69.6,100,6.56,grid
2026-04-18T12:18:50.009293,11020,164.86,75.0,69.6,100,6.58,grid
2026-04-18T12:18:50.104664,11025,189.62,92.0,69.6,100,6.48,grid
2026-04-18T12:18:50.193451,11030,205.29,91.7,69.6,100,6.46,grid
2026-04-18T12:18:50.292188,11035,219.5,92.0,69.6,100,6.58,grid
2026-04-18T12:18:50.375548,11040,217.14,83.3,69.6,100,6.84,grid
2026-04-18T12:18:50.461157,11045,216.33,85.7,69.6,100,6.96,grid
2026-04-18T12:18:50.547062,11050,215.43,62.5,69.6,100,6.78,grid
2026-04-18T12:18:50.629455,11055,212.33,81.0,69.6,100,6.86,grid
2026-04-18T12:18:50.714226,11060,220.83,95.0,69.6,100,6.74,grid
2026-04-18T12:18:50.827727,11065,229.04,75.0,69.6,100,6.6,grid
2026-04-18T12:18:51.070138,11070,200.31,92.7,69.6,100,6.7,grid
2026-04-18T12:18:51.207592,11075,186.2,95.3,69.6,100,6.96,grid
2026-04-18T12:18:51.303415,11080,187.53,95.8,69.6,100,7.44,grid
2026-04-18T12:18:51.389037,11085,191.18,58.3,69.6,100,7.9,grid
2026-04-18T12:18:51.472901,11090,191.43,40.0,69.6,100,8.6,grid
2026-04-18T12:18:51.567709,11095,185.77,91.7,69.6,100,9.04,grid
2026-04-18T12:18:51.742125,11100,177.9,95.5,69.6,100,9.36,grid
2026-04-18T12:18:51.862644,11105,169.92,90.6,69.6,100,9.54,grid
2026-04-18T12:18:51.970721,11110,165.01,92.9,69.6,100,9.3,grid
2026-04-18T12:18:52.055174,11115,161.21,70.0,69.6,100,9.58,grid
2026-04-18T12:18:52.137522,11120,160.99,34.8,69.6,100,9.6,grid
2026-04-18T12:18:52.222010,11125,163.4,47.6,69.6,100,9.56,grid
2026-04-18T12:18:52.305391,11130,185.91,45.0,69.6,100,9.44,grid
2026-04-18T12:18:52.389668,11135,205.3,37.5,69.6,100,9.2,grid
2026-04-18T12:18:52.471204,11140,214.22,35.0,69.6,100,8.78,grid
2026-04-18T12:18:52.551944,11145,214.21,25.0,69.6,100,8.34,grid
2026-04-18T12:18:52.635267,11150,215.83,35.0,69.6,100,7.9,grid
2026-04-18T12:18:52.719039,11155,231.9,62.5,69.6,100,7.56,grid
2026-04-18T12:18:52.816206,11160,243.98,66.7,69.6,100,7.82,grid
2026-04-18T12:18:52.894110,11165,262.94,30.0,69.6,100,8.02,grid
2026-04-18T12:18:52.974427,11170,283.28,35.0,69.6,100,8.48,grid
2026-04-18T12:18:53.055538,11175,296.78,70.0,69.6,100,8.8,grid
2026-04-18T12:18:53.139608,11180,294.26,50.0,69.6,100,8.68,grid
2026-04-18T12:18:53.229321,11185,293.23,60.0,69.6,100,8.58,grid
2026-04-18T12:18:53.311458,11190,294.7,58.3,69.6,100,8.4,grid
2026-04-18T12:18:53.407165,11195,272.54,75.0,69.6,100,8.28,grid
2026-04-18T12:18:53.498237,11200,259.06,84.0,69.6,100,8.32,grid
2026-04-18T12:18:53.579923,11205,260.69,50.0,69.6,100,8.36,grid
2026-04-18T12:18:53.670175,11210,246.32,70.8,69.6,100,8.34,grid
2026-04-18T12:18:53.813628,11215,219.92,100.0,69.6,100,8.34,grid
2026-04-18T12:18:53.941237,11220,209.9,97.1,69.6,100,8.44,grid
2026-04-18T12:18:54.058170,11225,196.39,87.1,69.6,100,8.6,grid
2026-04-18T12:18:54.153731,11230,182.79,83.3,69.6,100,8.72,grid
2026-04-18T12:18:54.230666,11235,177.87,80.0,69.6,100,8.86,grid
2026-04-18T12:18:54.312846,11240,176.16,62.5,69.6,100,8.88,grid
2026-04-18T12:18:54.413545,11245,167.08,79.2,69.6,100,9.0,grid
2026-04-18T12:18:54.496556,11250,167.09,80.0,69.6,100,9.16,grid
2026-04-18T12:18:54.589380,11255,170.3,62.5,69.6,100,9.52,grid
2026-04-18T12:18:54.695126,11260,169.1,71.4,69.6,100,9.72,grid
2026-04-18T12:18:54.777077,11265,166.54,70.0,69.6,100,9.78,grid
2026-04-18T12:18:54.863052,11270,170.31,50.0,69.6,100,10.34,grid
2026-04-18T12:18:54.946194,11275,183.65,65.0,69.6,100,10.9,grid
2026-04-18T12:18:55.030694,11280,200.1,54.2,69.6,100,11.34,grid
2026-04-18T12:18:55.114361,11285,213.45,50.0,69.6,100,11.92,grid
2026-04-18T12:18:55.196396,11290,230.42,60.0,69.6,100,12.42,grid
2026-04-18T12:18:55.280196,11295,240.48,66.7,69.6,100,12.44,grid
2026-04-18T12:18:55.363602,11300,240.99,45.0,69.6,100,12.22,grid
2026-04-18T12:18:55.455831,11305,250.43,87.5,69.6,100,11.7,grid
2026-04-18T12:18:55.579430,11310,225.88,96.9,69.6,100,11.32,grid
2026-04-18T12:18:55.701642,11315,213.46,100.0,69.6,100,10.76,grid
2026-04-18T12:18:55.807335,11320,213.72,96.0,69.6,100,10.3,grid
2026-04-18T12:18:55.896454,11325,215.96,79.2,69.8,100,9.54,grid
2026-04-18T12:18:55.979324,11330,218.43,100.0,69.8,100,8.82,grid
2026-04-18T12:18:56.061641,11335,224.88,37.5,69.8,100,8.06,grid
2026-04-18T12:18:56.144627,11340,227.91,25.0,69.8,100,7.38,grid
2026-04-18T12:18:56.226253,11345,234.08,55.0,69.8,100,6.88,grid
2026-04-18T12:18:56.309661,11350,236.38,40.0,69.8,100,6.5,grid
2026-04-18T12:18:56.393515,11355,239.79,44.0,69.8,100,6.16,grid
2026-04-18T12:18:56.494546,11360,230.65,91.7,69.8,100,5.92,grid
2026-04-18T12:18:56.572487,11365,243.12,50.0,69.8,100,6.0,grid
2026-04-18T12:18:56.657229,11370,274.96,41.7,69.8,100,6.02,grid
2026-04-18T12:18:56.738701,11375,305.02,75.0,69.9,100,6.3,grid
2026-04-18T12:18:56.819941,11380,329.64,33.3,69.9,100,6.62,grid
2026-04-18T12:18:56.902852,11385,329.86,45.0,69.9,100,6.74,grid
2026-04-18T12:18:56.986152,11390,328.08,62.5,69.9,100,6.84,grid
2026-04-18T12:18:57.069775,11395,318.86,25.0,69.9,100,6.86,grid
2026-04-18T12:18:57.155821,11400,294.33,62.5,69.9,100,7.1,grid
2026-04-18T12:18:57.245958,11405,268.92,95.0,69.9,100,7.18,grid
2026-04-18T12:18:57.539166,11410,216.1,95.9,69.9,100,7.24,grid
2026-04-18T12:18:57.936370,11415,172.64,100.0,69.9,100,7.1,grid
2026-04-18T12:18:58.125134,11420,144.27,94.4,69.9,100,7.06,grid
2026-04-18T12:18:58.255072,11425,135.45,96.9,69.9,100,6.82,grid
2026-04-18T12:18:58.341570,11430,129.46,65.0,69.9,100,6.82,grid
2026-04-18T12:18:58.444709,11435,126.37,75.9,69.9,100,6.58,grid
2026-04-18T12:18:58.538459,11440,124.0,95.8,69.9,100,6.46,grid
2026-04-18T12:18:58.737393,11445,115.86,95.7,69.9,100,6.3,grid
2026-04-18T12:18:58.854017,11450,112.34,100.0,69.9,100,6.4,grid
2026-04-18T12:18:59.052153,11455,105.87,100.0,69.9,100,6.62,grid
2026-04-18T12:18:59.207799,11460,101.86,100.0,69.9,100,6.8,grid
2026-04-18T12:18:59.392704,11465,97.75,100.0,69.9,100,7.18,grid
2026-04-18T12:18:59.478071,11470,105.3,80.0,69.9,100,7.56,grid
2026-04-18T12:18:59.571810,11475,115.88,88.0,69.9,100,8.04,grid
2026-04-18T12:18:59.681882,11480,131.85,100.0,69.9,100,8.02,grid
2026-04-18T12:18:59.841247,11485,126.93,92.5,69.9,100,8.08,grid
2026-04-18T12:18:59.926739,11490,130.55,45.8,69.9,100,8.12,grid
2026-04-18T12:19:00.021748,11495,129.35,45.8,69.9,100,7.98,grid
2026-04-18T12:19:00.112059,11500,130.73,29.2,69.9,100,8.08,grid
2026-04-18T12:19:00.196335,11505,139.52,40.0,69.9,100,8.28,grid
2026-04-18T12:19:00.278126,11510,146.03,50.0,69.9,100,8.52,grid
2026-04-18T12:19:00.369420,11515,154.64,80.0,69.9,100,8.78,grid
2026-04-18T12:19:00.451642,11520,168.36,66.7,69.9,100,8.86,grid
2026-04-18T12:19:00.532425,11525,189.33,45.0,69.9,100,8.8,grid
2026-04-18T12:19:00.616030,11530,192.8,10.0,68.9,100,8.6,grid
2026-04-18T12:19:00.700116,11535,199.97,62.5,68.9,100,8.34,grid
2026-04-18T12:19:00.790515,11540,207.39,55.0,68.9,100,7.9,grid
2026-04-18T12:19:00.877045,11545,244.64,62.5,69.1,100,7.82,grid
2026-04-18T12:19:00.956515,11550,248.62,60.0,69.1,100,8.24,grid
2026-04-18T12:19:01.038595,11555,268.45,45.0,69.1,100,8.82,grid
2026-04-18T12:19:01.123618,11560,269.16,84.6,69.1,100,8.24,grid
2026-04-18T12:19:01.209192,11565,268.44,50.0,69.1,100,8.04,grid
2026-04-18T12:19:01.294684,11570,258.33,48.0,69.1,100,7.66,grid
2026-04-18T12:19:01.376689,11575,276.98,50.0,69.1,100,7.34,grid
2026-04-18T12:19:01.459342,11580,286.14,55.0,69.1,100,6.78,grid
2026-04-18T12:19:01.544845,11585,291.14,79.2,69.1,100,6.52,grid
2026-04-18T12:19:01.630804,11590,290.25,47.6,69.1,100,6.42,grid
2026-04-18T12:19:01.710089,11595,299.3,10.0,69.1,100,6.18,grid
2026-04-18T12:19:01.799594,11600,293.49,68.0,69.1,100,6.12,grid
2026-04-18T12:19:01.884382,11605,282.84,45.5,69.1,100,6.18,grid
2026-04-18T12:19:01.968325,11610,273.0,58.3,69.1,100,6.2,grid
2026-04-18T12:19:02.050087,11615,263.35,45.0,69.1,100,6.38,grid
2026-04-18T12:19:02.131030,11620,262.26,50.0,69.1,100,6.58,grid
2026-04-18T12:19:02.214158,11625,268.42,35.0,69.1,100,6.62,grid
2026-04-18T12:19:02.296704,11630,287.29,45.8,69.1,100,6.94,grid
2026-04-18T12:19:02.380617,11635,287.92,10.0,69.1,100,7.12,grid
2026-04-18T12:19:02.644130,11640,266.54,89.6,69.1,100,6.94,grid
2026-04-18T12:19:02.769969,11645,246.14,100.0,69.1,100,6.94,grid
2026-04-18T12:19:02.852891,11650,243.91,45.0,69.1,100,6.96,grid
2026-04-18T12:19:02.937204,11655,238.13,54.2,69.1,100,7.32,grid
2026-04-18T12:19:03.017992,11660,246.18,76.2,69.1,100,7.84,grid
2026-04-18T12:19:03.103620,11665,248.87,47.6,69.1,100,8.42,grid
2026-04-18T12:19:03.187510,11670,254.04,62.5,69.1,100,9.22,grid
2026-04-18T12:19:03.272616,11675,257.33,55.0,69.2,100,10.02,grid
2026-04-18T12:19:03.353551,11680,260.11,35.0,69.2,100,10.44,grid
2026-04-18T12:19:03.435111,11685,259.84,48.0,69.2,100,10.48,grid
2026-04-18T12:19:03.521480,11690,250.09,70.0,69.2,100,10.36,grid
2026-04-18T12:19:03.600931,11695,239.7,55.0,69.2,100,10.18,grid
2026-04-18T12:19:03.692160,11700,234.36,84.0,69.2,100,10.0,grid
2026-04-18T12:19:03.801721,11705,233.97,96.4,69.2,100,9.58,grid
2026-04-18T12:19:03.886306,11710,235.91,38.1,69.2,100,9.34,grid
2026-04-18T12:19:03.968230,11715,233.09,60.9,69.2,100,8.9,grid
2026-04-18T12:19:04.050745,11720,232.15,28.6,69.3,100,8.3,grid
2026-04-18T12:19:04.137440,11725,233.3,20.0,69.3,100,7.6,grid
2026-04-18T12:19:04.218723,11730,236.6,60.9,69.3,100,7.28,grid
2026-04-18T12:19:04.317503,11735,231.29,72.0,69.3,100,6.94,grid
2026-04-18T12:19:04.402704,11740,229.19,65.0,69.3,100,6.82,grid
2026-04-18T12:19:04.486692,11745,234.3,56.0,69.3,100,7.04,grid
2026-04-18T12:19:04.570545,11750,241.79,59.1,69.3,100,7.04,grid
2026-04-18T12:19:04.653046,11755,245.14,66.7,69.3,100,7.12,grid
2026-04-18T12:19:04.738444,11760,258.78,62.5,69.4,100,6.94,grid
2026-04-18T12:19:04.826502,11765,264.32,56.0,69.5,100,6.72,grid
2026-04-18T12:19:04.929399,11770,244.2,100.0,69.5,100,6.62,grid
2026-04-18T12:19:05.009659,11775,238.45,75.0,69.5,100,6.52,grid
2026-04-18T12:19:05.092547,11780,246.88,60.9,69.5,100,6.58,grid
2026-04-18T12:19:05.174924,11785,249.95,28.6,69.5,100,6.54,grid
2026-04-18T12:19:05.257021,11790,249.62,25.0,69.5,100,6.58,grid
2026-04-18T12:19:05.336904,11795,259.16,55.0,69.5,100,6.42,grid
2026-04-18T12:19:05.422588,11800,263.62,62.5,69.5,100,6.44,grid
2026-04-18T12:19:05.507140,11805,254.06,80.0,69.5,100,6.38,grid
2026-04-18T12:19:05.589178,11810,249.85,81.0,69.5,100,6.26,grid
2026-04-18T12:19:05.668285,11815,256.97,60.0,69.5,100,6.14,grid
2026-04-18T12:19:05.750590,11820,267.27,40.0,69.5,100,6.3,grid
2026-04-18T12:19:05.834157,11825,284.1,42.9,69.5,100,6.28,grid
2026-04-18T12:19:05.917616,11830,325.43,15.0,69.5,100,6.42,grid
2026-04-18T12:19:06.012812,11835,336.45,58.6,69.5,100,6.44,grid
2026-04-18T12:19:06.097706,11840,331.53,47.6,69.5,100,6.68,grid
2026-04-18T12:19:06.221003,11845,288.73,93.1,69.5,100,6.6,grid
2026-04-18T12:19:06.341510,11850,260.75,97.4,69.5,100,6.66,grid
2026-04-18T12:19:06.425993,11855,257.29,95.0,69.5,100,6.5,grid
2026-04-18T12:19:06.525883,11860,240.72,100.0,69.5,100,6.58,grid
2026-04-18T12:19:06.616789,11865,239.12,87.5,69.5,100,6.62,grid
2026-04-18T12:19:06.720821,11870,227.62,93.1,69.5,100,6.84,grid
2026-04-18T12:19:06.817348,11875,209.46,80.0,69.5,100,7.3,grid
2026-04-18T12:19:06.902271,11880,209.55,57.1,69.5,100,7.78,grid
2026-04-18T12:19:06.992578,11885,205.74,56.0,69.5,100,8.18,grid
2026-04-18T12:19:07.109324,11890,184.28,100.0,69.5,100,8.36,grid
2026-04-18T12:19:07.201659,11895,180.27,70.8,69.5,100,8.6,grid
2026-04-18T12:19:07.285301,11900,180.62,80.0,69.5,100,9.04,grid
2026-04-18T12:19:07.368865,11905,196.81,70.0,69.5,100,9.28,grid
2026-04-18T12:19:07.454571,11910,211.95,45.8,69.5,100,9.32,grid
2026-04-18T12:19:07.538588,11915,209.08,33.3,69.5,100,9.06,grid
2026-04-18T12:19:07.622152,11920,212.28,50.0,69.5,100,8.76,grid
2026-04-18T12:19:07.704488,11925,209.24,70.8,69.5,100,8.4,grid
2026-04-18T12:19:07.804808,11930,206.69,44.0,69.5,100,7.96,grid
2026-04-18T12:19:07.893019,11935,222.18,75.0,69.5,100,7.7,grid
2026-04-18T12:19:07.974519,11940,216.42,65.0,69.5,100,7.5,grid
2026-04-18T12:19:08.057323,11945,221.05,70.0,69.5,100,7.54,grid
2026-04-18T12:19:08.139302,11950,247.37,50.0,69.5,100,7.3,grid
2026-04-18T12:19:08.222790,11955,260.3,45.0,69.5,100,6.98,grid
2026-04-18T12:19:08.306311,11960,262.54,45.5,69.5,100,6.54,grid
2026-04-18T12:19:08.388997,11965,263.63,58.3,69.5,100,6.2,grid
2026-04-18T12:19:08.472510,11970,263.92,30.0,69.5,100,6.08,grid
2026-04-18T12:19:08.562872,11975,251.12,87.5,69.5,100,5.88,grid
2026-04-18T12:19:08.651274,11980,243.22,81.0,69.5,100,5.52,grid
2026-04-18T12:19:08.783726,11985,227.65,97.1,69.5,100,5.42,grid
2026-04-18T12:19:08.923061,11990,211.57,100.0,69.5,100,5.3,grid
2026-04-18T12:19:09.094593,11995,192.24,100.0,69.5,100,5.24,grid
2026-04-18T12:19:09.296190,12000,174.87,100.0,69.5,100,5.1,grid
2026-04-18T12:19:09.512114,12005,150.83,100.0,69.5,100,5.24,grid
2026-04-18T12:19:09.622625,12010,143.02,96.9,69.5,100,5.28,grid
2026-04-18T12:19:09.707785,12015,140.7,85.0,69.5,100,5.26,grid
2026-04-18T12:19:09.791350,12020,136.74,100.0,69.5,100,5.18,grid
2026-04-18T12:19:09.881727,12025,130.83,87.5,69.5,100,5.08,grid
2026-04-18T12:19:09.971688,12030,125.94,87.5,69.5,100,5.24,grid
2026-04-18T12:19:10.085124,12035,125.24,85.7,69.5,100,5.38,grid
2026-04-18T12:19:10.186737,12040,124.62,92.6,69.5,100,5.36,grid
2026-04-18T12:19:10.465179,12045,126.13,97.6,69.5,100,5.6,grid
2026-04-18T12:19:10.613752,12050,131.35,98.5,69.5,100,5.72,grid
2026-04-18T12:19:10.754731,12055,132.72,96.9,69.5,100,5.82,grid
2026-04-18T12:19:10.853447,12060,134.99,100.0,69.5,100,5.72,grid
2026-04-18T12:19:10.942792,12065,147.09,100.0,69.5,100,6.02,grid
2026-04-18T12:19:11.032573,12070,147.29,100.0,69.5,100,6.34,grid
2026-04-18T12:19:11.126646,12075,146.22,70.8,69.5,100,6.62,grid
2026-04-18T12:19:11.233488,12080,143.32,85.7,69.5,100,6.94,grid
2026-04-18T12:19:11.324768,12085,144.84,95.0,69.5,100,7.3,grid
2026-04-18T12:19:11.416319,12090,146.11,75.0,69.5,100,7.6,grid
2026-04-18T12:19:11.499547,12095,150.41,87.5,69.5,100,7.62,grid
2026-04-18T12:19:11.632239,12100,149.05,97.0,69.5,100,7.46,grid
2026-04-18T12:19:11.774072,12105,144.38,100.0,69.5,100,7.3,grid
2026-04-18T12:19:11.902230,12110,142.76,100.0,69.5,100,7.02,grid
2026-04-18T12:19:11.988922,12115,147.71,96.0,69.5,100,7.02,grid
2026-04-18T12:19:12.074186,12120,153.69,85.0,69.5,100,6.96,grid
2026-04-18T12:19:12.155895,12125,157.94,75.0,69.5,100,7.18,grid
2026-04-18T12:19:12.262645,12130,157.16,83.3,69.5,100,7.3,grid
2026-04-18T12:19:12.348309,12135,160.71,79.2,69.5,100,7.2,grid
2026-04-18T12:19:12.432678,12140,162.68,75.0,69.5,100,7.28,grid
2026-04-18T12:19:12.536058,12145,160.48,82.1,69.5,100,7.26,grid
2026-04-18T12:19:12.621566,12150,161.94,80.0,69.5,100,7.16,grid
2026-04-18T12:19:12.711298,12155,160.56,87.5,69.5,100,7.06,grid
2026-04-18T12:19:12.790623,12160,168.15,60.0,69.5,100,6.84,grid
2026-04-18T12:19:12.871043,12165,180.89,80.0,69.5,100,6.56,grid
2026-04-18T12:19:12.953835,12170,192.57,62.5,69.5,100,6.34,grid
2026-04-18T12:19:13.044991,12175,195.88,63.6,69.5,100,6.32,grid
2026-04-18T12:19:13.137895,12180,196.17,76.0,69.5,100,5.94,grid
2026-04-18T12:19:13.222484,12185,198.55,54.2,69.5,100,5.98,grid
2026-04-18T12:19:13.304574,12190,216.61,85.0,69.5,100,5.96,grid
2026-04-18T12:19:13.396082,12195,204.86,79.2,69.5,100,5.94,grid
2026-04-18T12:19:13.483691,12200,204.92,76.0,69.5,100,5.86,grid
2026-04-18T12:19:13.571375,12205,209.39,90.5,69.5,100,5.8,grid
2026-04-18T12:19:13.679958,12210,207.39,75.0,69.5,100,5.78,grid
2026-04-18T12:19:13.806658,12215,202.39,100.0,69.5,100,5.62,grid
2026-04-18T12:19:13.993556,12220,184.47,100.0,69.5,100,5.4,grid
2026-04-18T12:19:14.119199,12225,173.75,100.0,69.5,100,5.36,grid
2026-04-18T12:19:14.249974,12230,168.76,100.0,69.5,100,5.26,grid
2026-04-18T12:19:14.338797,12235,166.65,96.0,69.5,100,5.3,grid
2026-04-18T12:19:14.423825,12240,169.58,75.0,69.5,100,5.42,grid
2026-04-18T12:19:14.504812,12245,171.51,70.0,69.5,100,5.32,grid
2026-04-18T12:19:14.590913,12250,169.93,70.0,69.5,100,5.34,grid
2026-04-18T12:19:14.674609,12255,181.55,32.0,69.5,100,5.44,grid
2026-04-18T12:19:14.756476,12260,192.06,25.0,69.5,100,5.62,grid
2026-04-18T12:19:14.848270,12265,195.03,60.0,69.5,100,6.0,grid
2026-04-18T12:19:14.925280,12270,206.2,35.0,69.5,100,6.28,grid
2026-04-18T12:19:15.011212,12275,217.55,20.0,69.5,100,6.32,grid
2026-04-18T12:19:15.090023,12280,249.6,60.0,69.5,100,6.06,grid
2026-04-18T12:19:15.171673,12285,292.62,47.8,69.5,100,5.86,grid
2026-04-18T12:19:15.255221,12290,322.17,33.3,69.5,100,5.64,grid
2026-04-18T12:19:15.339595,12295,347.97,52.4,69.5,100,5.52,grid
2026-04-18T12:19:15.424230,12300,365.34,24.0,69.5,100,5.38,grid
2026-04-18T12:19:15.512384,12305,340.36,55.0,69.5,100,5.44,grid
2026-04-18T12:19:15.590983,12310,337.64,88.0,69.5,100,5.48,grid
2026-04-18T12:19:15.673748,12315,329.42,85.0,69.5,100,5.72,grid
2026-04-18T12:19:15.753014,12320,312.92,65.0,69.5,100,5.78,grid
2026-04-18T12:19:15.836706,12325,322.33,90.0,69.5,100,5.9,grid
2026-04-18T12:19:15.927003,12330,297.94,75.0,69.5,100,6.2,grid
2026-04-18T12:19:16.130991,12335,245.05,96.2,69.5,100,6.68,grid
2026-04-18T12:19:16.204467,12340,243.83,25.0,69.5,100,7.08,grid
2026-04-18T12:19:16.294183,12345,233.09,50.0,69.5,100,7.16,grid
2026-04-18T12:19:16.378857,12350,221.15,65.0,69.5,100,7.26,grid
2026-04-18T12:19:16.464413,12355,214.93,55.0,69.5,100,7.18,grid
2026-04-18T12:19:16.548907,12360,214.05,33.3,69.5,100,7.02,grid
2026-04-18T12:19:16.631993,12365,221.22,20.0,69.5,100,7.06,grid
2026-04-18T12:19:16.716595,12370,220.84,52.2,69.5,100,6.94,grid
2026-04-18T12:19:16.797374,12375,220.25,42.9,69.5,100,6.56,grid
2026-04-18T12:19:16.881476,12380,227.42,42.9,69.5,100,6.46,grid
2026-04-18T12:19:16.963398,12385,231.82,50.0,69.5,100,6.1,grid
2026-04-18T12:19:17.047540,12390,245.25,39.1,69.5,100,6.06,grid
2026-04-18T12:19:17.128480,12395,311.5,9.5,69.5,100,5.82,grid
2026-04-18T12:19:17.212724,12400,316.77,30.0,69.5,100,5.74,grid
2026-04-18T12:19:17.296218,12405,324.26,56.5,69.5,100,5.58,grid
2026-04-18T12:19:17.377430,12410,345.65,52.4,69.5,100,5.44,grid
2026-04-18T12:19:17.461951,12415,362.04,35.0,69.5,100,5.38,grid
2026-04-18T12:19:17.545488,12420,360.46,54.2,69.5,100,5.2,grid
2026-04-18T12:19:17.643538,12425,334.09,62.5,69.5,100,5.42,grid
2026-04-18T12:19:17.726487,12430,342.78,50.0,69.5,100,5.78,grid
2026-04-18T12:19:17.811787,12435,342.14,84.0,69.5,100,5.84,grid
2026-04-18T12:19:17.894539,12440,325.72,45.0,69.5,100,5.76,grid
2026-04-18T12:19:17.975391,12445,316.22,25.0,69.5,100,5.56,grid
2026-04-18T12:19:18.060807,12450,313.22,52.2,69.5,100,5.42,grid
2026-04-18T12:19:18.141608,12455,308.25,40.9,69.5,100,5.38,grid
2026-04-18T12:19:18.223461,12460,313.13,40.0,69.5,100,5.14,grid
2026-04-18T12:19:18.306545,12465,323.92,45.0,69.5,100,5.12,grid
2026-04-18T12:19:18.390370,12470,317.56,68.0,69.5,100,5.14,grid
2026-04-18T12:19:18.479793,12475,294.02,65.0,69.5,100,5.06,grid
2026-04-18T12:19:18.565674,12480,280.46,87.5,69.5,100,5.12,grid
2026-04-18T12:19:18.646622,12485,304.81,35.0,69.5,100,5.1,grid
2026-04-18T12:19:18.731741,12490,299.46,55.0,69.5,100,5.2,grid
2026-04-18T12:19:18.820396,12495,282.54,70.8,69.5,100,5.42,grid
2026-04-18T12:19:18.904225,12500,273.07,91.7,69.5,100,5.78,grid
2026-04-18T12:19:18.992573,12505,274.56,50.0,69.5,100,6.28,grid
2026-04-18T12:19:19.080244,12510,267.91,83.3,69.5,100,6.48,grid
2026-04-18T12:19:19.162466,12515,253.39,95.2,69.5,100,6.44,grid
2026-04-18T12:19:19.255744,12520,232.16,68.0,69.5,100,6.52,grid
2026-04-18T12:19:19.335405,12525,229.82,55.0,69.5,100,6.74,grid
2026-04-18T12:19:19.417332,12530,233.06,30.0,69.5,100,6.78,grid
2026-04-18T12:19:19.501371,12535,246.22,41.7,69.5,100,6.78,grid
2026-04-18T12:19:19.584300,12540,257.22,25.0,69.5,100,6.58,grid
2026-04-18T12:19:19.669693,12545,254.24,45.8,69.5,100,6.24,grid
2026-04-18T12:19:19.752470,12550,256.98,20.0,69.5,100,6.22,grid
2026-04-18T12:19:19.836277,12555,272.68,30.0,69.5,100,5.9,grid
2026-04-18T12:19:19.922881,12560,282.6,58.3,69.5,100,5.86,grid
2026-04-18T12:19:20.002902,12565,281.67,40.0,69.5,100,5.7,grid
2026-04-18T12:19:20.086696,12570,290.4,30.0,69.5,100,5.28,grid
2026-04-18T12:19:20.170281,12575,314.3,36.0,69.5,100,4.86,grid
2026-04-18T12:19:20.251553,12580,354.48,38.1,69.5,100,4.68,grid
2026-04-18T12:19:20.335104,12585,353.98,50.0,69.5,100,4.66,grid
2026-04-18T12:19:20.415242,12590,358.22,10.0,69.5,100,4.68,grid
2026-04-18T12:19:20.501338,12595,342.88,61.5,69.5,100,4.72,grid
2026-04-18T12:19:20.583664,12600,337.73,25.0,69.5,100,4.7,grid
2026-04-18T12:19:20.685386,12605,312.42,96.0,69.5,100,4.78,grid
2026-04-18T12:19:20.763206,12610,306.29,66.7,69.5,100,4.82,grid
2026-04-18T12:19:20.846885,12615,313.46,16.7,69.5,100,4.56,grid
2026-04-18T12:19:20.936226,12620,318.87,53.8,69.5,100,4.32,grid
2026-04-18T12:19:21.020092,12625,325.01,50.0,69.5,100,4.42,grid
2026-04-18T12:19:21.099587,12630,331.22,30.0,69.5,100,4.46,grid
2026-04-18T12:19:21.183222,12635,323.26,35.0,69.5,100,4.58,grid
2026-04-18T12:19:21.265432,12640,323.41,45.5,69.5,100,4.56,grid
2026-04-18T12:19:21.350286,12645,328.58,26.1,69.5,100,4.7,grid
2026-04-18T12:19:21.433837,12650,321.72,30.0,69.5,100,4.72,grid
2026-04-18T12:19:21.518096,12655,336.11,37.5,69.5,100,4.7,grid
2026-04-18T12:19:21.599746,12660,339.41,42.9,69.5,100,4.92,grid
2026-04-18T12:19:21.683692,12665,357.93,45.0,69.5,100,4.72,grid
2026-04-18T12:19:21.765797,12670,367.27,34.8,69.5,100,4.7,grid
2026-04-18T12:19:21.851507,12675,351.47,14.3,69.5,100,4.88,grid
2026-04-18T12:19:21.933870,12680,344.76,20.0,69.5,100,4.78,grid
2026-04-18T12:19:22.015627,12685,340.8,58.3,69.5,100,5.14,grid
2026-04-18T12:19:22.101464,12690,328.98,20.0,69.5,100,5.08,grid
2026-04-18T12:19:22.183037,12695,330.45,40.0,69.5,100,5.18,grid
2026-04-18T12:19:22.266318,12700,323.49,37.5,69.5,100,5.2,grid
2026-04-18T12:19:22.349380,12705,314.61,25.0,69.5,100,5.54,grid
2026-04-18T12:19:22.431828,12710,315.08,15.0,69.5,100,5.86,grid
2026-04-18T12:19:22.514867,12715,316.9,54.5,69.5,100,5.78,grid
2026-04-18T12:19:22.608572,12720,298.52,26.9,69.5,100,5.5,grid
2026-04-18T12:19:22.696108,12725,300.73,70.0,69.5,100,5.46,grid
2026-04-18T12:19:22.783259,12730,294.48,45.8,69.5,100,5.18,grid
2026-04-18T12:19:22.867563,12735,287.84,80.0,69.5,100,5.24,grid
2026-04-18T12:19:22.948692,12740,294.25,50.0,69.5,100,5.32,grid
2026-04-18T12:19:23.033415,12745,300.86,66.7,69.1,100,5.46,grid
2026-04-18T12:19:23.114739,12750,306.73,50.0,69.1,100,5.6,grid
2026-04-18T12:19:23.196936,12755,313.23,25.0,69.1,100,6.0,grid
2026-04-18T12:19:23.279776,12760,310.25,50.0,69.1,100,6.14,grid
2026-04-18T12:19:23.363606,12765,309.89,40.0,69.1,100,6.16,grid
2026-04-18T12:19:23.446544,12770,312.34,15.0,69.1,100,6.34,grid
2026-04-18T12:19:23.529760,12775,305.24,54.2,69.1,100,6.58,grid
2026-04-18T12:19:23.611927,12780,327.14,25.0,69.1,100,6.66,grid
2026-04-18T12:19:23.698226,12785,314.66,77.3,69.1,100,6.66,grid
2026-04-18T12:19:23.788380,12790,292.12,92.0,69.1,100,6.3,grid
2026-04-18T12:19:23.872063,12795,296.87,53.8,69.2,100,6.14,grid
2026-04-18T12:19:23.955662,12800,302.9,27.8,69.2,100,5.9,grid
2026-04-18T12:19:24.036798,12805,300.04,27.3,69.2,100,5.72,grid
2026-04-18T12:19:24.117543,12810,299.55,14.3,69.2,100,5.86,grid
2026-04-18T12:19:24.200105,12815,296.05,60.0,69.2,100,5.92,grid
2026-04-18T12:19:24.278992,12820,306.51,30.4,69.2,100,5.7,grid
2026-04-18T12:19:24.364700,12825,298.88,57.1,69.2,100,5.42,grid
2026-04-18T12:19:24.449654,12830,302.72,10.0,69.2,100,5.08,grid
2026-04-18T12:19:24.532273,12835,309.08,33.3,69.2,100,5.06,grid
2026-04-18T12:19:24.615729,12840,305.17,35.0,69.2,100,4.94,grid
2026-04-18T12:19:24.696924,12845,317.79,30.0,69.2,100,5.14,grid
2026-04-18T12:19:24.785761,12850,349.25,36.0,69.2,100,5.24,grid
2026-04-18T12:19:24.865573,12855,360.32,35.0,69.2,100,5.64,grid
2026-04-18T12:19:24.951706,12860,333.84,76.0,69.2,100,5.98,grid
2026-04-18T12:19:25.034267,12865,317.25,85.0,69.2,100,6.32,grid
2026-04-18T12:19:25.117580,12870,313.15,30.0,69.2,100,6.88,grid
2026-04-18T12:19:25.202663,12875,310.08,62.5,69.2,100,6.96,grid
2026-04-18T12:19:25.284245,12880,301.66,15.0,69.2,100,7.12,grid
2026-04-18T12:19:25.370071,12885,299.03,15.0,69.2,100,7.06,grid
2026-04-18T12:19:25.454645,12890,278.08,79.2,69.2,100,6.86,grid
2026-04-18T12:19:25.538727,12895,263.39,52.4,69.2,100,7.08,grid
2026-04-18T12:19:25.622632,12900,250.48,80.0,69.2,100,7.02,grid
2026-04-18T12:19:25.702165,12905,242.39,85.0,69.2,100,6.88,grid
2026-04-18T12:19:25.788998,12910,243.17,25.0,69.2,100,6.8,grid
2026-04-18T12:19:25.871140,12915,239.4,75.0,69.2,100,6.74,grid
2026-04-18T12:19:25.952792,12920,251.7,48.0,69.2,100,6.62,grid
2026-04-18T12:19:26.045787,12925,252.47,60.0,69.2,100,6.48,grid
2026-04-18T12:19:26.239180,12930,231.17,93.8,69.2,100,6.54,grid
2026-04-18T12:19:26.332070,12935,217.68,62.5,69.2,100,6.62,grid
2026-04-18T12:19:26.414674,12940,218.98,33.3,69.2,100,6.4,grid
2026-04-18T12:19:26.496410,12945,228.81,35.0,69.2,100,6.48,grid
2026-04-18T12:19:26.582220,12950,237.63,29.2,69.2,100,6.46,grid
2026-04-18T12:19:26.667184,12955,242.38,25.0,69.2,100,6.42,grid
2026-04-18T12:19:26.747959,12960,253.15,45.8,69.2,100,6.6,grid
2026-04-18T12:19:26.831156,12965,258.61,30.0,69.2,100,6.44,grid
2026-04-18T12:19:26.912916,12970,252.44,5.0,69.2,100,6.3,grid
2026-04-18T12:19:26.995336,12975,255.87,35.0,69.2,100,6.2,grid
2026-04-18T12:19:27.080886,12980,248.21,50.0,69.2,100,5.98,grid
2026-04-18T12:19:27.182118,12985,236.67,92.3,69.2,100,5.52,grid
2026-04-18T12:19:27.265817,12990,256.53,50.0,69.2,100,5.26,grid
2026-04-18T12:19:27.345616,12995,274.66,25.0,69.2,100,5.24,grid
2026-04-18T12:19:27.430295,13000,277.46,38.1,69.2,100,5.16,grid
2026-04-18T12:19:27.512748,13005,278.75,38.1,69.2,100,5.14,grid
2026-04-18T12:19:27.597239,13010,286.03,13.0,69.2,100,5.06,grid
2026-04-18T12:19:27.678479,13015,291.61,45.0,69.2,100,5.22,grid
2026-04-18T12:19:27.770360,13020,288.12,50.0,69.2,100,5.3,grid
2026-04-18T12:19:27.853907,13025,295.73,55.0,69.2,100,5.52,grid
2026-04-18T12:19:27.936691,13030,304.82,45.5,69.2,100,5.86,grid
2026-04-18T12:19:28.018851,13035,310.65,27.3,69.2,100,5.86,grid
2026-04-18T12:19:28.102437,13040,326.13,20.0,69.2,100,6.04,grid
2026-04-18T12:19:28.188013,13045,361.73,50.0,69.2,100,6.14,grid
2026-04-18T12:19:28.270826,13050,375.46,25.0,69.2,100,5.94,grid
2026-04-18T12:19:28.353329,13055,385.48,15.0,69.2,100,5.88,grid
2026-04-18T12:19:28.434987,13060,381.24,55.0,69.2,100,5.82,grid
2026-04-18T12:19:28.518523,13065,359.74,29.2,69.2,100,5.88,grid
2026-04-18T12:19:28.600933,13070,358.86,15.0,69.2,100,6.2,grid
2026-04-18T12:19:28.683922,13075,355.73,70.0,69.2,100,6.36,grid
2026-04-18T12:19:28.768979,13080,350.21,62.5,69.2,100,6.5,grid
2026-04-18T12:19:28.860636,13085,319.23,84.0,69.2,100,6.32,grid
2026-04-18T12:19:28.947729,13090,302.8,65.0,69.2,100,6.26,grid
2026-04-18T12:19:29.032877,13095,294.03,66.7,69.2,100,6.52,grid
2026-04-18T12:19:29.121199,13100,264.27,90.0,69.2,100,6.68,grid
2026-04-18T12:19:29.217321,13105,250.2,90.0,69.2,100,7.06,grid
2026-04-18T12:19:29.302553,13110,239.21,60.0,69.2,100,7.58,grid
2026-04-18T12:19:29.387942,13115,231.17,85.0,69.2,100,8.04,grid
2026-04-18T12:19:29.469853,13120,231.48,33.3,69.2,100,8.02,grid
2026-04-18T12:19:29.576925,13125,220.93,96.7,69.2,100,7.54,grid
2026-04-18T12:19:29.664566,13130,211.38,71.4,69.2,100,7.34,grid
2026-04-18T12:19:29.745668,13135,214.02,45.0,69.2,100,7.28,grid
2026-04-18T12:19:29.829457,13140,218.84,12.5,69.2,100,6.92,grid
2026-04-18T12:19:29.913540,13145,234.5,60.0,69.2,100,7.2,grid
2026-04-18T12:19:29.994858,13150,242.1,90.0,69.2,100,7.58,grid
2026-04-18T12:19:30.077426,13155,244.56,66.7,69.2,100,7.92,grid
2026-04-18T12:19:30.163404,13160,262.18,25.0,69.2,100,7.98,grid
2026-04-18T12:19:30.245507,13165,282.85,70.0,69.2,100,8.02,grid
2026-04-18T12:19:30.334793,13170,281.43,52.0,69.2,100,7.8,grid
2026-04-18T12:19:30.413952,13175,290.16,5.0,69.2,100,7.48,grid
2026-04-18T12:19:30.503120,13180,274.74,66.7,69.2,100,7.18,grid
2026-04-18T12:19:30.584197,13185,293.75,61.9,69.2,100,7.02,grid
2026-04-18T12:19:30.669385,13190,298.56,39.1,69.2,100,6.54,grid
2026-04-18T12:19:30.752449,13195,295.53,45.5,69.2,100,6.36,grid
2026-04-18T12:19:30.838238,13200,290.53,30.0,69.2,100,5.98,grid
2026-04-18T12:19:30.925148,13205,283.59,54.2,69.2,100,5.74,grid
2026-04-18T12:19:31.001863,13210,286.93,30.0,69.2,100,5.46,grid
2026-04-18T12:19:31.089170,13215,281.37,28.6,69.2,100,5.58,grid
2026-04-18T12:19:31.177908,13220,271.67,61.5,69.2,100,5.56,grid
2026-04-18T12:19:31.268699,13225,260.43,66.7,69.2,100,5.5,grid
2026-04-18T12:19:31.352077,13230,274.75,33.3,69.2,100,5.5,grid
2026-04-18T12:19:31.436362,13235,264.83,70.8,69.2,100,5.56,grid
2026-04-18T12:19:31.515562,13240,276.56,61.9,69.2,100,5.8,grid
2026-04-18T12:19:31.602049,13245,279.29,40.0,69.2,100,5.84,grid
2026-04-18T12:19:31.679288,13250,282.09,45.0,69.2,100,5.9,grid
2026-04-18T12:19:31.762004,13255,282.11,25.0,69.2,100,5.98,grid
2026-04-18T12:19:31.844401,13260,287.69,54.5,69.2,100,5.96,grid
2026-04-18T12:19:31.926578,13265,292.19,18.2,69.2,100,5.92,grid
2026-04-18T12:19:32.011472,13270,291.59,10.0,69.2,100,6.0,grid
2026-04-18T12:19:32.092590,13275,298.29,45.5,69.2,100,6.12,grid
2026-04-18T12:19:32.175507,13280,305.4,25.0,69.2,100,6.36,grid
2026-04-18T12:19:32.263369,13285,303.19,29.2,69.2,100,6.68,grid
2026-04-18T12:19:32.342421,13290,295.3,63.2,69.2,100,7.04,grid
2026-04-18T12:19:32.424278,13295,301.94,14.3,69.3,100,7.08,grid
2026-04-18T12:19:32.507208,13300,300.0,10.0,69.3,100,7.06,grid
2026-04-18T12:19:32.587763,13305,298.47,45.0,69.3,100,6.88,grid
2026-04-18T12:19:32.673233,13310,301.58,37.5,69.3,100,6.86,grid
2026-04-18T12:19:32.770075,13315,274.21,29.2,69.3,100,7.02,grid
2026-04-18T12:19:32.859117,13320,271.2,41.7,69.3,100,7.08,grid
2026-04-18T12:19:33.075166,13325,219.41,88.1,69.3,100,6.84,grid
2026-04-18T12:19:33.170536,13330,217.32,73.7,69.3,100,6.56,grid
2026-04-18T12:19:33.251071,13335,219.45,15.0,69.3,100,6.1,grid
2026-04-18T12:19:33.332936,13340,223.4,25.0,69.3,100,5.66,grid
2026-04-18T12:19:33.414826,13345,233.29,35.0,69.3,100,5.26,grid
2026-04-18T12:19:33.499528,13350,240.16,33.3,69.3,100,4.94,grid
2026-04-18T12:19:33.595723,13355,235.06,70.8,69.3,100,4.76,grid
2026-04-18T12:19:33.682408,13360,229.02,81.0,69.3,100,4.64,grid
2026-04-18T12:19:33.797484,13365,218.02,90.6,69.3,100,4.54,grid
2026-04-18T12:19:33.885790,13370,211.01,100.0,69.3,100,4.56,grid
2026-04-18T12:19:33.977592,13375,212.73,95.8,69.3,100,4.66,grid
2026-04-18T12:19:34.057885,13380,209.02,95.0,69.3,100,4.84,grid
2026-04-18T12:19:34.141427,13385,254.45,62.5,69.3,100,4.92,grid
2026-04-18T12:19:34.224787,13390,263.05,38.1,69.3,100,5.12,grid
2026-04-18T12:19:34.306559,13395,264.68,52.4,69.3,100,5.08,grid
2026-04-18T12:19:34.388749,13400,265.59,37.5,69.3,100,4.9,grid
2026-04-18T12:19:34.474875,13405,259.69,76.2,69.3,100,4.98,grid
2026-04-18T12:19:34.556045,13410,254.7,50.0,69.3,100,4.94,grid
2026-04-18T12:19:34.638039,13415,267.29,34.8,69.3,100,4.74,grid
2026-04-18T12:19:34.731972,13420,267.67,57.1,69.3,100,4.68,grid
2026-04-18T12:19:34.813846,13425,286.41,58.3,69.3,100,4.72,grid
2026-04-18T12:19:34.898807,13430,303.35,20.0,69.3,100,4.94,grid
2026-04-18T12:19:34.984615,13435,317.81,79.2,69.3,100,5.0,grid
2026-04-18T12:19:35.075667,13440,313.53,70.0,69.3,100,4.9,grid
2026-04-18T12:19:35.175603,13445,301.3,70.8,69.3,100,5.24,grid
2026-04-18T12:19:35.276584,13450,285.25,85.7,69.3,100,5.7,grid
2026-04-18T12:19:35.360430,13455,284.92,45.8,69.3,100,5.7,grid
2026-04-18T12:19:35.440941,13460,284.93,15.0,69.3,100,5.48,grid
2026-04-18T12:19:35.526352,13465,287.71,20.0,69.3,100,5.44,grid
2026-04-18T12:19:35.609021,13470,282.08,79.2,69.3,100,5.48,grid
2026-04-18T12:19:35.694178,13475,274.56,60.0,69.3,100,5.5,grid
2026-04-18T12:19:35.789484,13480,270.09,100.0,69.3,100,5.54,grid
2026-04-18T12:19:35.869473,13485,260.36,100.0,69.3,100,5.9,grid
2026-04-18T12:19:35.951686,13490,253.74,88.0,69.3,100,6.24,grid
2026-04-18T12:19:36.033924,13495,264.79,50.0,69.3,100,6.2,grid
2026-04-18T12:19:36.113761,13500,272.3,19.0,69.3,100,6.24,grid
2026-04-18T12:19:36.197125,13505,283.21,28.6,69.3,100,6.2,grid
2026-04-18T12:19:36.279780,13510,298.9,27.3,69.3,100,6.08,grid
2026-04-18T12:19:36.362609,13515,296.47,9.1,69.3,100,6.0,grid
2026-04-18T12:19:36.446254,13520,299.63,35.0,69.3,100,5.86,grid
2026-04-18T12:19:36.529362,13525,287.68,70.8,69.3,100,5.92,grid
2026-04-18T12:19:36.612680,13530,298.75,19.0,69.3,100,5.98,grid
2026-04-18T12:19:36.696424,13535,306.38,57.1,69.3,100,6.16,grid
2026-04-18T12:19:36.781721,13540,317.32,54.2,69.3,100,6.16,grid
2026-04-18T12:19:36.863361,13545,335.86,28.6,69.3,100,5.98,grid
2026-04-18T12:19:36.947555,13550,348.58,50.0,69.3,100,6.1,grid
2026-04-18T12:19:37.032776,13555,336.95,62.5,69.3,100,6.56,grid
2026-04-18T12:19:37.113759,13560,343.85,25.0,69.4,100,7.06,grid
2026-04-18T12:19:37.195691,13565,343.82,35.0,69.5,100,7.52,grid
2026-04-18T12:19:37.278322,13570,332.57,59.1,69.5,100,7.34,grid
2026-04-18T12:19:37.361583,13575,318.54,50.0,69.5,100,7.56,grid
2026-04-18T12:19:37.441441,13580,311.65,9.5,69.5,100,7.3,grid
2026-04-18T12:19:37.523527,13585,328.64,45.0,69.5,100,7.08,grid
2026-04-18T12:19:37.606781,13590,322.32,60.0,69.5,100,6.84,grid
2026-04-18T12:19:37.687610,13595,322.93,33.3,69.5,100,6.52,grid
2026-04-18T12:19:37.770643,13600,340.11,10.5,69.5,100,6.4,grid
2026-04-18T12:19:37.854288,13605,337.55,57.1,69.5,100,6.2,grid
2026-04-18T12:19:37.939444,13610,317.08,54.2,69.5,100,5.96,grid
2026-04-18T12:19:38.027438,13615,309.38,85.7,69.5,100,5.98,grid
2026-04-18T12:19:38.109595,13620,314.14,62.5,69.5,100,5.82,grid
2026-04-18T12:19:38.204856,13625,295.64,79.2,69.5,100,6.06,grid
2026-04-18T12:19:38.285444,13630,298.14,30.0,69.5,100,6.6,grid
2026-04-18T12:19:38.368786,13635,303.5,20.0,69.5,100,7.02,grid
2026-04-18T12:19:38.453280,13640,308.05,33.3,69.5,100,7.74,grid
2026-04-18T12:19:38.534176,13645,297.84,40.0,69.5,100,8.64,grid
2026-04-18T12:19:38.618554,13650,287.86,15.0,69.5,100,9.08,grid
2026-04-18T12:19:38.700234,13655,283.03,55.0,69.5,100,9.04,grid
2026-04-18T12:19:38.787223,13660,257.26,60.0,69.5,100,8.58,grid
2026-04-18T12:19:38.913727,13665,228.43,90.9,68.3,100,7.72,grid
2026-04-18T12:19:38.994469,13670,235.53,52.4,69.0,100,7.1,grid
2026-04-18T12:19:39.077771,13675,236.28,66.7,69.0,100,6.62,grid
2026-04-18T12:19:39.163568,13680,223.75,100.0,69.0,100,6.58,grid
2026-04-18T12:19:39.247466,13685,231.9,70.8,69.0,100,6.5,grid
2026-04-18T12:19:39.328531,13690,230.39,33.3,69.0,100,6.22,grid
2026-04-18T12:19:39.411453,13695,232.83,0.0,69.0,100,5.9,grid
2026-04-18T12:19:39.493333,13700,235.73,35.0,69.0,100,5.86,grid
2026-04-18T12:19:39.578849,13705,239.77,40.0,69.0,100,5.86,grid
2026-04-18T12:19:39.672210,13710,231.01,87.5,69.0,100,5.9,grid
2026-04-18T12:19:39.756688,13715,218.46,71.4,69.1,100,6.08,grid
2026-04-18T12:19:39.841419,13720,224.68,54.2,69.1,100,5.9,grid
2026-04-18T12:19:39.943420,13725,233.8,92.3,69.1,100,6.04,grid
2026-04-18T12:19:40.023244,13730,237.17,61.9,69.1,100,6.12,grid
2026-04-18T12:19:40.111354,13735,229.56,87.5,69.1,100,6.04,grid
2026-04-18T12:19:40.195761,13740,228.38,85.7,69.1,100,6.02,grid
2026-04-18T12:19:40.277495,13745,227.45,40.0,69.1,100,6.16,grid
2026-04-18T12:19:40.361801,13750,219.12,83.3,69.1,100,6.06,grid
2026-04-18T12:19:40.446746,13755,209.71,70.0,69.1,100,5.8,grid
2026-04-18T12:19:40.533163,13760,197.58,76.0,69.1,100,5.52,grid
2026-04-18T12:19:40.614591,13765,199.38,33.3,69.1,100,5.32,grid
2026-04-18T12:19:40.699396,13770,212.37,25.0,69.1,100,5.2,grid
2026-04-18T12:19:40.782562,13775,227.62,41.7,69.1,100,5.12,grid
2026-04-18T12:19:40.865041,13780,238.87,25.0,69.1,100,5.36,grid
2026-04-18T12:19:40.949457,13785,257.66,20.0,69.1,100,5.4,grid
2026-04-18T12:19:41.031454,13790,251.3,62.5,69.1,100,5.5,grid
2026-04-18T12:19:41.121417,13795,263.13,90.0,69.1,100,5.52,grid
2026-04-18T12:19:41.324140,13800,236.97,78.9,69.1,100,5.5,grid
2026-04-18T12:19:41.449419,13805,229.34,95.7,69.1,100,5.5,grid
2026-04-18T12:19:41.542642,13810,238.04,50.0,69.1,100,5.64,grid
2026-04-18T12:19:41.656660,13815,239.33,93.9,69.1,100,5.74,grid
2026-04-18T12:19:41.770824,13820,234.93,90.0,69.1,100,5.98,grid
2026-04-18T12:19:41.855432,13825,235.05,25.0,69.1,100,5.92,grid
2026-04-18T12:19:41.941164,13830,236.44,37.5,69.1,100,6.06,grid
2026-04-18T12:19:42.023583,13835,238.34,55.0,69.1,100,6.16,grid
2026-04-18T12:19:42.107416,13840,238.99,30.4,69.1,100,6.58,grid
2026-04-18T12:19:42.192521,13845,239.62,28.6,69.1,100,7.18,grid
2026-04-18T12:19:42.282327,13850,232.62,80.0,69.1,100,7.56,grid
2026-04-18T12:19:42.367066,13855,230.61,85.7,69.1,100,7.9,grid
2026-04-18T12:19:42.450654,13860,268.21,58.3,69.1,100,8.58,grid
2026-04-18T12:19:42.532107,13865,277.32,55.0,69.1,100,9.34,grid
2026-04-18T12:19:42.613682,13870,272.68,40.0,69.2,100,10.16,grid
2026-04-18T12:19:42.695622,13875,276.86,65.0,69.2,100,10.64,grid
2026-04-18T12:19:42.786781,13880,283.6,70.8,69.3,100,11.0,grid
2026-04-18T12:19:42.872124,13885,264.25,70.8,69.3,100,11.48,grid
2026-04-18T12:19:42.957553,13890,258.66,55.0,69.3,100,11.6,grid
2026-04-18T12:19:43.043674,13895,249.01,23.8,69.3,100,11.54,grid
2026-04-18T12:19:43.153215,13900,229.54,82.8,69.3,100,10.86,grid
2026-04-18T12:19:43.255333,13905,213.14,92.9,69.3,100,10.22,grid
2026-04-18T12:19:43.343347,13910,213.95,79.2,69.3,100,9.8,grid
2026-04-18T12:19:43.495081,13915,190.51,97.3,69.3,100,9.2,grid
2026-04-18T12:19:43.591398,13920,183.5,85.7,69.3,100,8.76,grid
2026-04-18T12:19:43.707722,13925,175.83,100.0,69.3,100,8.34,grid
2026-04-18T12:19:43.824937,13930,166.02,100.0,69.3,100,8.42,grid
2026-04-18T12:19:43.924713,13935,161.2,100.0,69.3,100,8.0,grid
2026-04-18T12:19:44.033505,13940,160.57,90.0,69.3,100,7.46,grid
2026-04-18T12:19:44.117254,13945,161.9,60.0,69.3,100,7.0,grid
2026-04-18T12:19:44.206303,13950,157.8,75.0,69.3,100,6.68,grid
2026-04-18T12:19:44.302809,13955,153.64,96.2,69.3,100,6.18,grid
2026-04-18T12:19:44.387471,13960,154.92,85.7,69.3,100,5.86,grid
2026-04-18T12:19:44.497139,13965,156.03,100.0,69.3,100,5.74,grid
2026-04-18T12:19:44.581368,13970,154.7,100.0,69.3,100,5.66,grid
2026-04-18T12:19:44.670840,13975,165.07,87.5,69.3,100,5.68,grid
2026-04-18T12:19:44.752533,13980,169.09,81.0,69.3,100,5.88,grid
2026-04-18T12:19:44.834564,13985,178.06,65.0,69.3,100,5.62,grid
2026-04-18T12:19:44.917928,13990,189.8,76.2,69.3,100,5.58,grid
2026-04-18T12:19:45.009054,13995,192.87,92.0,69.3,100,5.46,grid
2026-04-18T12:19:45.094084,14000,195.08,79.2,69.3,100,5.62,grid
2026-04-18T12:19:45.179428,14005,193.86,80.0,69.3,100,5.62,grid
2026-04-18T12:19:45.265905,14010,198.69,75.0,69.3,100,5.46,grid
2026-04-18T12:19:45.365147,14015,196.06,95.8,69.3,100,5.5,grid
2026-04-18T12:19:45.571849,14020,196.83,100.0,69.3,100,5.48,grid
2026-04-18T12:19:45.650543,14025,208.53,65.0,69.3,100,5.52,grid
2026-04-18T12:19:45.735237,14030,216.91,79.2,69.3,100,5.5,grid
2026-04-18T12:19:45.819516,14035,231.17,55.0,69.3,100,5.72,grid
2026-04-18T12:19:45.900650,14040,236.12,45.0,69.3,100,5.78,grid
2026-04-18T12:19:45.984042,14045,239.6,37.5,69.3,100,5.98,grid
2026-04-18T12:19:46.068462,14050,248.93,35.0,69.3,100,6.22,grid
2026-04-18T12:19:46.153860,14055,259.9,25.0,69.3,100,6.52,grid
2026-04-18T12:19:46.232572,14060,270.69,54.2,69.3,100,6.48,grid
2026-04-18T12:19:46.315482,14065,286.25,28.6,69.3,100,6.48,grid
2026-04-18T12:19:46.399020,14070,282.4,35.0,69.3,100,6.36,grid
2026-04-18T12:19:46.479528,14075,302.4,55.0,69.3,100,6.44,grid
2026-04-18T12:19:46.564465,14080,320.86,50.0,69.3,100,6.52,grid
2026-04-18T12:19:46.659492,14085,296.74,62.5,69.3,100,6.78,grid
2026-04-18T12:19:46.739762,14090,295.88,65.0,69.3,100,6.78,grid
2026-04-18T12:19:46.820556,14095,295.92,47.6,69.3,100,6.94,grid
2026-04-18T12:19:46.903556,14100,294.97,40.0,69.3,100,7.1,grid
2026-04-18T12:19:46.987541,14105,291.39,33.3,69.3,100,7.5,grid
2026-04-18T12:19:47.070657,14110,287.85,35.0,69.3,100,8.0,grid
2026-04-18T12:19:47.161108,14115,272.68,79.2,69.3,100,8.36,grid
2026-04-18T12:19:47.243683,14120,276.62,28.6,69.3,100,8.4,grid
2026-04-18T12:19:47.325660,14125,278.85,35.0,69.3,100,8.22,grid
2026-04-18T12:19:47.410075,14130,287.54,32.0,69.3,100,8.0,grid
2026-04-18T12:19:47.492546,14135,292.25,10.0,69.3,100,7.72,grid
2026-04-18T12:19:47.577017,14140,296.62,50.0,69.3,100,7.86,grid
2026-04-18T12:19:47.662696,14145,324.45,40.0,69.3,100,7.86,grid
2026-04-18T12:19:47.744642,14150,329.76,50.0,69.3,100,7.78,grid
2026-04-18T12:19:47.830507,14155,333.37,45.8,69.3,100,7.18,grid
2026-04-18T12:19:47.911576,14160,339.31,25.0,69.3,100,6.86,grid
2026-04-18T12:19:47.994823,14165,340.05,33.3,69.3,100,6.46,grid
2026-04-18T12:19:48.079681,14170,341.05,54.2,69.3,100,6.28,grid
2026-04-18T12:19:48.197992,14175,312.68,93.1,69.3,100,6.0,grid
2026-04-18T12:19:48.283116,14180,293.94,96.0,69.3,100,6.08,grid
2026-04-18T12:19:48.382977,14185,256.44,96.2,69.3,100,6.38,grid
2026-04-18T12:19:48.464087,14190,260.9,55.0,69.3,100,6.42,grid
2026-04-18T12:19:48.547397,14195,259.6,54.2,69.3,100,6.14,grid
2026-04-18T12:19:48.630563,14200,259.57,45.0,69.3,100,6.02,grid
2026-04-18T12:19:48.713884,14205,261.79,30.0,69.3,100,6.02,grid
2026-04-18T12:19:48.827491,14210,244.86,84.4,69.3,100,5.86,grid
2026-04-18T12:19:48.978740,14215,220.35,100.0,69.3,100,5.92,grid
2026-04-18T12:19:49.131335,14220,193.26,100.0,69.3,100,5.76,grid
2026-04-18T12:19:49.380049,14225,161.61,100.0,69.3,100,5.52,grid
2026-04-18T12:19:49.503683,14230,153.84,86.5,69.3,100,5.48,grid
2026-04-18T12:19:49.600472,14235,159.52,83.3,69.3,100,5.44,grid
2026-04-18T12:19:49.700404,14240,159.39,96.4,69.3,100,5.28,grid
2026-04-18T12:19:49.787706,14245,171.34,76.2,69.3,100,5.24,grid
2026-04-18T12:19:49.884062,14250,163.78,68.0,69.3,100,5.46,grid
2026-04-18T12:19:49.975471,14255,163.57,70.8,69.3,100,5.6,grid
2026-04-18T12:19:50.060394,14260,161.2,83.3,69.3,100,5.62,grid
2026-04-18T12:19:50.141465,14265,160.54,35.0,69.3,100,5.7,grid
2026-04-18T12:19:50.232237,14270,167.41,47.8,69.3,100,5.98,grid
2026-04-18T12:19:50.313666,14275,180.39,31.8,69.3,100,6.1,grid
2026-04-18T12:19:50.397522,14280,199.08,35.0,69.3,100,6.18,grid
2026-04-18T12:19:50.482813,14285,245.34,69.6,69.3,100,6.28,grid
2026-04-18T12:19:50.564955,14290,262.47,42.1,69.3,100,6.28,grid
2026-04-18T12:19:50.652758,14295,267.41,13.6,69.3,100,6.46,grid
2026-04-18T12:19:50.743410,14300,268.23,91.7,69.3,100,6.5,grid
2026-04-18T12:19:50.828604,14305,264.72,70.8,69.3,100,6.64,grid
2026-04-18T12:19:50.924080,14310,263.93,50.0,69.3,100,6.88,grid
2026-04-18T12:19:51.003848,14315,264.14,55.0,69.3,100,7.04,grid
2026-04-18T12:19:51.100355,14320,252.83,75.0,69.3,100,6.98,grid
2026-04-18T12:19:51.184592,14325,243.27,85.0,69.3,100,6.9,grid
2026-04-18T12:19:51.268131,14330,235.11,68.0,69.3,100,6.96,grid
2026-04-18T12:19:51.352549,14335,226.04,25.0,69.3,100,6.96,grid
2026-04-18T12:19:51.434256,14340,226.46,20.0,69.3,100,7.2,grid
2026-04-18T12:19:51.512395,14345,230.79,54.5,69.3,100,7.2,grid
2026-04-18T12:19:51.595500,14350,230.09,27.3,69.3,100,7.02,grid
2026-04-18T12:19:51.678417,14355,240.72,30.0,69.3,100,6.78,grid
2026-04-18T12:19:51.760427,14360,251.64,60.0,69.3,100,6.64,grid
2026-04-18T12:19:51.848097,14365,251.15,64.0,69.4,100,6.5,grid
2026-04-18T12:19:51.931276,14370,270.26,30.0,69.4,100,6.3,grid
2026-04-18T12:19:52.029676,14375,270.64,66.7,69.4,100,6.08,grid
2026-04-18T12:19:52.110481,14380,287.78,70.8,69.4,100,5.82,grid
2026-04-18T12:19:52.191243,14385,296.88,40.0,69.4,100,5.52,grid
2026-04-18T12:19:52.275729,14390,308.66,45.0,69.4,100,5.32,grid
2026-04-18T12:19:52.359457,14395,314.36,64.0,69.4,100,5.2,grid
2026-04-18T12:19:52.441837,14400,321.11,40.0,69.4,100,5.1,grid
2026-04-18T12:19:52.524050,14405,307.16,85.0,69.4,100,5.36,grid
2026-04-18T12:19:52.624651,14410,282.4,62.1,69.4,100,5.36,grid
2026-04-18T12:19:52.705299,14415,280.41,40.0,69.4,100,5.42,grid
2026-04-18T12:19:52.787274,14420,277.78,25.0,69.4,100,5.44,grid
2026-04-18T12:19:52.870421,14425,283.3,70.0,69.4,100,5.34,grid
2026-04-18T12:19:52.952512,14430,278.61,50.0,69.4,100,5.24,grid
2026-04-18T12:19:53.035427,14435,285.19,40.0,69.4,100,5.3,grid
2026-04-18T12:19:53.123481,14440,286.3,35.0,69.4,100,5.44,grid
2026-04-18T12:19:53.204181,14445,283.49,66.7,69.4,100,5.5,grid
2026-04-18T12:19:53.294945,14450,265.06,83.3,69.4,100,5.64,grid
2026-04-18T12:19:53.376366,14455,275.0,15.0,69.4,100,5.7,grid
2026-04-18T12:19:53.462642,14460,277.52,35.0,69.4,100,5.66,grid
2026-04-18T12:19:53.543079,14465,282.77,60.0,69.4,100,5.8,grid
2026-04-18T12:19:53.626135,14470,313.24,45.8,69.4,100,5.8,grid
2026-04-18T12:19:53.707834,14475,300.87,80.0,69.4,100,5.96,grid
2026-04-18T12:19:53.803676,14480,279.13,92.0,69.4,100,6.3,grid
2026-04-18T12:19:53.886606,14485,273.02,55.0,69.4,100,6.52,grid
2026-04-18T12:19:53.968837,14490,276.27,20.8,69.4,100,7.1,grid
2026-04-18T12:19:54.052417,14495,273.76,5.0,69.4,100,7.86,grid
2026-04-18T12:19:54.134627,14500,268.38,50.0,69.4,100,8.82,grid
2026-04-18T12:19:54.219402,14505,263.61,58.3,69.4,100,9.68,grid
2026-04-18T12:19:54.346886,14510,256.15,88.6,69.4,100,10.18,grid
2026-04-18T12:19:54.432931,14515,246.13,40.0,69.4,100,10.08,grid
2026-04-18T12:19:54.510777,14520,244.1,38.1,69.4,100,9.7,grid
2026-04-18T12:19:54.594440,14525,244.6,50.0,69.4,100,8.86,grid
2026-04-18T12:19:54.677640,14530,239.66,35.0,69.4,100,8.38,grid
2026-04-18T12:19:54.760115,14535,247.44,30.0,69.4,100,8.12,grid
2026-04-18T12:19:54.841918,14540,266.9,69.6,69.4,100,8.02,grid
2026-04-18T12:19:54.926798,14545,266.48,34.8,69.4,100,7.88,grid
2026-04-18T12:19:55.010571,14550,264.06,60.0,69.4,100,7.92,grid
2026-04-18T12:19:55.092784,14555,265.18,54.5,69.4,100,8.2,grid
2026-04-18T12:19:55.174845,14560,267.53,13.6,69.4,100,8.72,grid
2026-04-18T12:19:55.257925,14565,276.26,30.0,69.4,100,9.38,grid
2026-04-18T12:19:55.341513,14570,307.57,57.1,69.4,100,10.18,grid
2026-04-18T12:19:55.454628,14575,277.27,77.4,69.4,100,10.16,grid
2026-04-18T12:19:55.551417,14580,256.7,92.0,69.4,100,9.52,grid
2026-04-18T12:19:55.635731,14585,256.03,52.4,69.4,100,8.68,grid
2026-04-18T12:19:55.716414,14590,251.79,87.5,69.4,100,7.96,grid
2026-04-18T12:19:55.801580,14595,251.73,33.3,69.4,100,7.18,grid
2026-04-18T12:19:55.883139,14600,247.95,35.0,69.4,100,6.74,grid
2026-04-18T12:19:55.972153,14605,252.47,52.0,69.4,100,6.3,grid
2026-04-18T12:19:56.073363,14610,240.75,66.7,69.4,100,6.2,grid
2026-04-18T12:19:56.153369,14615,244.75,45.0,69.4,100,6.18,grid
2026-04-18T12:19:56.238829,14620,248.8,29.2,69.4,100,6.22,grid
2026-04-18T12:19:56.323208,14625,250.62,30.0,69.4,100,6.3,grid
2026-04-18T12:19:56.403931,14630,256.0,36.4,69.4,100,6.44,grid
2026-04-18T12:19:56.486315,14635,297.07,36.4,69.4,100,6.72,grid
2026-04-18T12:19:56.570162,14640,320.15,25.0,69.4,100,7.0,grid
2026-04-18T12:19:56.653609,14645,329.17,27.3,69.4,100,7.3,grid
2026-04-18T12:19:56.736054,14650,341.12,40.9,69.4,100,6.82,grid
2026-04-18T12:19:56.817979,14655,333.39,20.0,69.4,100,6.68,grid
2026-04-18T12:19:56.902125,14660,330.58,15.0,69.4,100,6.26,grid
2026-04-18T12:19:57.146654,14665,225.23,100.0,69.4,100,6.3,grid
2026-04-18T12:19:57.228772,14670,229.18,38.1,69.4,100,6.34,grid
2026-04-18T12:19:57.314296,14675,220.7,54.2,69.4,100,6.4,grid
2026-04-18T12:19:57.397805,14680,212.11,35.0,69.4,100,6.48,grid
2026-04-18T12:19:57.479426,14685,209.3,20.0,69.4,100,6.72,grid
2026-04-18T12:19:57.567426,14690,204.38,50.0,69.4,100,6.42,grid
2026-04-18T12:19:57.658642,14695,197.58,70.8,69.4,100,6.54,grid
2026-04-18T12:19:57.740730,14700,196.14,38.1,69.4,100,6.48,grid
2026-04-18T12:19:57.841765,14705,188.88,67.9,69.4,100,6.32,grid
2026-04-18T12:19:57.924697,14710,190.19,35.0,69.4,100,6.02,grid
2026-04-18T12:19:58.009950,14715,190.23,70.0,69.4,100,5.78,grid
2026-04-18T12:19:58.098157,14720,193.02,79.2,69.4,100,5.68,grid
2026-04-18T12:19:58.176319,14725,264.31,30.0,69.4,100,5.46,grid
2026-04-18T12:19:58.257554,14730,269.58,40.0,69.4,100,5.3,grid
2026-04-18T12:19:58.345597,14735,274.71,54.2,69.4,100,5.38,grid
2026-04-18T12:19:58.425676,14740,279.81,42.9,69.4,100,5.52,grid
2026-04-18T12:19:58.509519,14745,277.13,45.0,69.4,100,5.84,grid
2026-04-18T12:19:58.592197,14750,279.1,100.0,69.4,100,5.98,grid
2026-04-18T12:19:58.675036,14755,294.93,35.0,69.4,100,5.94,grid
2026-04-18T12:19:58.763414,14760,288.93,45.8,69.4,100,5.94,grid
2026-04-18T12:19:58.852527,14765,279.66,95.0,69.4,100,6.02,grid
2026-04-18T12:19:58.945555,14770,265.34,100.0,69.4,100,6.0,grid
2026-04-18T12:19:59.035639,14775,265.36,76.0,69.4,100,6.36,grid
2026-04-18T12:19:59.124686,14780,251.38,92.0,69.4,100,6.68,grid
2026-04-18T12:19:59.230327,14785,235.69,100.0,69.4,100,7.1,grid
2026-04-18T12:19:59.306176,14790,240.3,65.0,69.4,100,7.46,grid
2026-04-18T12:19:59.390742,14795,243.39,34.8,69.4,100,8.02,grid
2026-04-18T12:19:59.477597,14800,247.19,33.3,69.4,100,8.22,grid
2026-04-18T12:19:59.569524,14805,238.97,70.8,69.4,100,8.78,grid
2026-04-18T12:19:59.665770,14810,234.14,75.0,69.4,100,9.14,grid
2026-04-18T12:19:59.765001,14815,217.1,78.6,69.4,100,9.64,grid
2026-04-18T12:19:59.849354,14820,212.43,80.0,69.4,100,10.08,grid
2026-04-18T12:19:59.927502,14825,222.48,25.0,69.4,100,10.5,grid
2026-04-18T12:20:00.021735,14830,215.52,50.0,69.4,100,11.12,grid
2026-04-18T12:20:00.101749,14835,217.92,55.0,69.4,100,10.86,grid
2026-04-18T12:20:00.184711,14840,227.49,33.3,69.4,100,10.52,grid
2026-04-18T12:20:00.267784,14845,246.73,26.1,69.4,100,10.38,grid
2026-04-18T12:20:00.352495,14850,244.52,33.3,69.4,100,10.28,grid
2026-04-18T12:20:00.434673,14855,241.27,31.8,69.4,100,9.96,grid
2026-04-18T12:20:00.519791,14860,241.22,18.2,69.4,100,9.78,grid
2026-04-18T12:20:00.606816,14865,250.07,50.0,69.4,100,9.88,grid
2026-04-18T12:20:00.690676,14870,252.57,45.8,69.4,100,9.9,grid
2026-04-18T12:20:00.773038,14875,268.54,20.0,69.4,100,9.96,grid
2026-04-18T12:20:00.856318,14880,288.29,29.2,69.4,100,10.24,grid
2026-04-18T12:20:00.938929,14885,286.11,35.0,69.4,100,10.5,grid
2026-04-18T12:20:01.024403,14890,312.7,10.0,69.4,100,10.8,grid
2026-04-18T12:20:01.106938,14895,316.62,60.9,69.4,100,10.74,grid
2026-04-18T12:20:01.188507,14900,311.82,38.1,69.4,100,10.28,grid
2026-04-18T12:20:01.288160,14905,287.92,70.8,69.4,100,9.52,grid
2026-04-18T12:20:01.369180,14910,289.12,80.0,69.4,100,8.8,grid
2026-04-18T12:20:01.453146,14915,287.9,70.8,69.4,100,7.82,grid
2026-04-18T12:20:01.533280,14920,290.97,40.0,69.4,100,7.2,grid
2026-04-18T12:20:01.617901,14925,287.64,66.7,69.4,100,6.82,grid
2026-04-18T12:20:01.700255,14930,293.24,40.0,69.4,100,6.2,grid
2026-04-18T12:20:01.779642,14935,295.94,62.5,69.4,100,6.06,grid
2026-04-18T12:20:01.863719,14940,290.54,55.0,69.4,100,6.02,grid
2026-04-18T12:20:01.945610,14945,288.56,81.8,69.4,100,6.12,grid
2026-04-18T12:20:02.030707,14950,281.37,66.7,69.4,100,6.3,grid
2026-04-18T12:20:02.112408,14955,281.55,30.0,69.4,100,6.36,grid
2026-04-18T12:20:02.197517,14960,284.05,45.0,69.4,100,6.46,grid
2026-04-18T12:20:02.280906,14965,302.39,61.5,69.4,100,6.58,grid
2026-04-18T12:20:02.362294,14970,297.83,30.0,69.4,100,6.74,grid
2026-04-18T12:20:02.446531,14975,296.69,20.0,69.4,100,6.9,grid
2026-04-18T12:20:02.531493,14980,282.05,62.5,69.4,100,6.94,grid
2026-04-18T12:20:02.611350,14985,288.86,35.0,69.4,100,6.9,grid
2026-04-18T12:20:02.696842,14990,289.28,19.0,69.4,100,6.66,grid
2026-04-18T12:20:02.780447,14995,288.8,45.8,69.4,100,6.68,grid
2026-04-18T12:20:02.874584,15000,287.33,53.8,69.4,100,6.52,grid
2026-04-18T12:20:02.968372,15005,282.14,87.5,69.4,100,6.52,grid
2026-04-18T12:20:03.169804,15010,271.51,98.1,69.4,100,6.52,grid
2026-04-18T12:20:03.251892,15015,275.92,35.0,69.4,100,6.48,grid
2026-04-18T12:20:03.334349,15020,282.44,30.0,69.4,100,6.28,grid
2026-04-18T12:20:03.418083,15025,284.79,20.0,69.4,100,6.28,grid
2026-04-18T12:20:03.499243,15030,287.0,54.2,69.4,100,6.2,grid
2026-04-18T12:20:03.583507,15035,292.13,25.0,69.4,100,6.22,grid
2026-04-18T12:20:03.670330,15040,301.56,50.0,69.4,100,6.24,grid
2026-04-18T12:20:03.765763,15045,284.71,88.9,69.4,100,6.44,grid
2026-04-18T12:20:03.851019,15050,267.01,95.2,69.4,100,6.56,grid
2026-04-18T12:20:03.932766,15055,266.61,50.0,69.4,100,6.84,grid
2026-04-18T12:20:04.014494,15060,273.08,45.8,69.4,100,7.1,grid
2026-04-18T12:20:04.112657,15065,267.05,83.3,69.4,100,7.42,grid
2026-04-18T12:20:04.194354,15070,277.23,55.0,69.4,100,7.56,grid
2026-04-18T12:20:04.277545,15075,273.33,30.0,69.4,100,7.88,grid
2026-04-18T12:20:04.358260,15080,265.21,62.5,69.4,100,8.04,grid
2026-04-18T12:20:04.441841,15085,263.43,20.0,69.5,100,8.22,grid
2026-04-18T12:20:04.532258,15090,254.46,41.7,69.5,100,8.46,grid
2026-04-18T12:20:04.614208,15095,248.84,20.0,69.5,100,8.28,grid
2026-04-18T12:20:04.710376,15100,244.14,66.7,69.5,100,8.2,grid
2026-04-18T12:20:04.791209,15105,253.92,80.0,69.5,100,7.9,grid
2026-04-18T12:20:04.875339,15110,269.76,58.3,69.5,100,7.12,grid
2026-04-18T12:20:04.958992,15115,265.5,25.0,69.5,100,6.82,grid
2026-04-18T12:20:05.040631,15120,262.19,35.0,69.5,100,6.32,grid
2026-04-18T12:20:05.122377,15125,287.49,50.0,69.5,100,6.04,grid
2026-04-18T12:20:05.206145,15130,296.68,20.0,69.5,100,6.06,grid
2026-04-18T12:20:05.288739,15135,302.91,19.0,69.5,100,5.88,grid
2026-04-18T12:20:05.371297,15140,315.17,65.0,69.5,100,5.98,grid
2026-04-18T12:20:05.454766,15145,315.13,50.0,69.5,100,5.98,grid
2026-04-18T12:20:05.536975,15150,326.14,65.0,69.5,100,6.2,grid
2026-04-18T12:20:05.619537,15155,331.54,95.2,69.5,100,6.4,grid
2026-04-18T12:20:05.703607,15160,335.48,87.5,69.5,100,6.56,grid
2026-04-18T12:20:05.784490,15165,337.92,65.0,69.5,100,6.7,grid
2026-04-18T12:20:05.864904,15170,345.88,20.0,69.5,100,6.58,grid
2026-04-18T12:20:05.947738,15175,354.8,20.0,69.5,100,6.2,grid
2026-04-18T12:20:06.031585,15180,367.57,33.3,69.5,100,5.82,grid
2026-04-18T12:20:06.114449,15185,355.8,25.0,69.5,100,5.54,grid
2026-04-18T12:20:06.199681,15190,349.27,45.0,69.5,100,5.46,grid
2026-04-18T12:20:06.282030,15195,329.63,83.3,69.5,100,5.46,grid
2026-04-18T12:20:06.369794,15200,314.87,80.0,69.5,100,5.42,grid
2026-04-18T12:20:06.452697,15205,319.86,58.3,69.5,100,5.54,grid
2026-04-18T12:20:06.535102,15210,331.35,15.0,69.5,100,5.46,grid
2026-04-18T12:20:06.618942,15215,339.83,45.0,69.5,100,5.36,grid
2026-04-18T12:20:06.702014,15220,356.33,41.7,69.5,100,5.38,grid
2026-04-18T12:20:06.784446,15225,369.62,10.0,69.5,100,5.38,grid
2026-04-18T12:20:06.869457,15230,366.65,30.0,69.5,100,5.6,grid
2026-04-18T12:20:06.953624,15235,378.45,30.4,69.5,100,6.02,grid
2026-04-18T12:20:07.035484,15240,379.79,19.0,69.5,100,6.1,grid
2026-04-18T12:20:07.117436,15245,368.58,65.0,69.5,100,6.1,grid
2026-04-18T12:20:07.204188,15250,368.42,50.0,69.5,100,6.14,grid
2026-04-18T12:20:07.281698,15255,376.72,45.0,69.5,100,6.32,grid
2026-04-18T12:20:07.362780,15260,394.03,31.6,69.5,100,6.52,grid
2026-04-18T12:20:07.447854,15265,391.2,57.1,69.5,100,6.68,grid
2026-04-18T12:20:07.529420,15270,389.89,41.7,69.5,100,6.86,grid
2026-04-18T12:20:07.612463,15275,394.5,30.0,69.6,100,6.82,grid
2026-04-18T12:20:07.699000,15280,390.58,30.0,69.6,100,7.24,grid
2026-04-18T12:20:07.782530,15285,387.97,33.3,69.6,100,7.68,grid
2026-04-18T12:20:07.867111,15290,377.46,40.0,69.6,100,8.2,grid
2026-04-18T12:20:07.948454,15295,371.48,30.0,69.6,100,8.58,grid
2026-04-18T12:20:08.044632,15300,339.76,51.7,69.6,100,8.58,grid
2026-04-18T12:20:08.131190,15305,338.41,80.0,69.6,100,8.78,grid
2026-04-18T12:20:08.213560,15310,343.93,45.0,69.6,100,8.74,grid
2026-04-18T12:20:08.298214,15315,357.44,22.7,69.6,100,8.68,grid
2026-04-18T12:20:08.383463,15320,342.91,54.5,69.6,100,8.46,grid
2026-04-18T12:20:08.473916,15325,320.75,87.5,69.6,100,8.24,grid
2026-04-18T12:20:08.557743,15330,300.48,50.0,69.6,100,7.88,grid
2026-04-18T12:20:08.640237,15335,296.78,25.0,69.6,100,7.5,grid
2026-04-18T12:20:08.722535,15340,299.81,20.0,69.6,100,7.14,grid
2026-04-18T12:20:08.810075,15345,280.72,70.8,69.6,100,7.1,grid
2026-04-18T12:20:08.904563,15350,272.35,96.0,69.6,100,6.94,grid
2026-04-18T12:20:08.987373,15355,263.98,40.0,69.6,100,7.24,grid
2026-04-18T12:20:09.077327,15360,263.91,54.2,69.6,100,7.52,grid
2026-04-18T12:20:09.172058,15365,254.95,100.0,69.6,100,7.78,grid
2026-04-18T12:20:09.272373,15370,239.91,100.0,69.6,100,7.9,grid
2026-04-18T12:20:09.354868,15375,235.21,65.0,69.6,100,8.22,grid
2026-04-18T12:20:09.435941,15380,228.54,72.0,69.6,100,8.0,grid
2026-04-18T12:20:09.534176,15385,227.1,62.5,69.6,100,7.96,grid
2026-04-18T12:20:09.616674,15390,234.78,45.0,69.6,100,7.8,grid
2026-04-18T12:20:09.706387,15395,220.46,56.0,69.6,100,7.68,grid
2026-04-18T12:20:09.808920,15400,207.63,79.2,69.6,100,7.78,grid
2026-04-18T12:20:09.890445,15405,209.76,79.2,69.6,100,8.0,grid
2026-04-18T12:20:09.973146,15410,212.75,52.4,69.6,100,8.88,grid
2026-04-18T12:20:10.055712,15415,217.17,45.0,69.6,100,9.46,grid
2026-04-18T12:20:10.138638,15420,226.28,37.5,69.6,100,9.86,grid
2026-04-18T12:20:10.222356,15425,236.46,50.0,69.6,100,10.42,grid
2026-04-18T12:20:10.309902,15430,248.73,40.0,69.6,100,10.84,grid
2026-04-18T12:20:10.390709,15435,247.0,54.2,69.6,100,10.98,grid
2026-04-18T12:20:10.479860,15440,254.51,45.0,69.6,100,10.98,grid
2026-04-18T12:20:10.575451,15445,256.2,71.4,69.6,100,10.26,grid
2026-04-18T12:20:10.663547,15450,249.63,85.0,69.6,100,9.66,grid
2026-04-18T12:20:10.744460,15455,268.11,30.0,69.6,100,8.96,grid
2026-04-18T12:20:10.827295,15460,288.15,40.9,69.6,100,8.6,grid
2026-04-18T12:20:10.913370,15465,293.45,56.5,69.6,100,8.12,grid
2026-04-18T12:20:10.996748,15470,295.58,60.0,69.6,100,7.98,grid
2026-04-18T12:20:11.080731,15475,293.03,41.7,69.6,100,8.06,grid
2026-04-18T12:20:11.164809,15480,285.96,50.0,69.6,100,8.06,grid
2026-04-18T12:20:11.247349,15485,289.35,35.0,69.6,100,8.1,grid
2026-04-18T12:20:11.326715,15490,289.07,70.8,69.6,100,8.58,grid
2026-04-18T12:20:11.416362,15495,285.53,9.5,69.6,100,8.68,grid
2026-04-18T12:20:11.530156,15500,267.59,90.9,69.6,100,8.6,grid
2026-04-18T12:20:11.612530,15505,271.79,65.0,69.6,100,8.72,grid
2026-04-18T12:20:11.698525,15510,271.82,55.0,69.6,100,8.76,grid
2026-04-18T12:20:11.778109,15515,267.67,30.4,69.6,100,8.62,grid
2026-04-18T12:20:11.860599,15520,266.78,23.8,69.6,100,8.48,grid
2026-04-18T12:20:11.945233,15525,271.9,20.0,69.6,100,8.06,grid
2026-04-18T12:20:12.027194,15530,277.85,45.0,69.6,100,7.78,grid
2026-04-18T12:20:12.110076,15535,280.49,33.3,69.6,100,7.5,grid
2026-04-18T12:20:12.194337,15540,272.15,55.0,69.6,100,7.24,grid
2026-04-18T12:20:12.280504,15545,262.13,45.8,69.6,100,7.02,grid
2026-04-18T12:20:12.538298,15550,241.16,100.0,69.6,100,7.06,grid
2026-04-18T12:20:12.616707,15555,245.43,55.0,69.6,100,6.94,grid
2026-04-18T12:20:12.706398,15560,254.22,62.5,69.6,100,6.72,grid
2026-04-18T12:20:12.790462,15565,250.97,70.0,69.6,100,6.74,grid
2026-04-18T12:20:12.868094,15570,255.34,40.0,69.6,100,6.82,grid
2026-04-18T12:20:12.951223,15575,258.17,45.5,69.6,100,6.62,grid
2026-04-18T12:20:13.031777,15580,254.87,54.5,69.6,100,6.68,grid
2026-04-18T12:20:13.115064,15585,253.3,15.0,69.6,100,6.92,grid
2026-04-18T12:20:13.196065,15590,246.01,55.0,69.6,100,6.92,grid
2026-04-18T12:20:13.287206,15595,239.95,50.0,69.6,100,7.16,grid
2026-04-18T12:20:13.366413,15600,246.35,50.0,69.6,100,7.46,grid
2026-04-18T12:20:13.448110,15605,258.01,66.7,69.6,100,7.78,grid
2026-04-18T12:20:13.529783,15610,287.6,54.2,69.6,100,8.16,grid
2026-04-18T12:20:13.632526,15615,262.99,75.0,69.6,100,8.7,grid
2026-04-18T12:20:13.732208,15620,252.16,92.9,69.6,100,9.16,grid
2026-04-18T12:20:13.830698,15625,247.09,96.0,69.6,100,9.32,grid
2026-04-18T12:20:13.912809,15630,250.24,42.9,69.6,100,9.3,grid
2026-04-18T12:20:13.996651,15635,253.8,52.4,69.6,100,9.0,grid
2026-04-18T12:20:14.082375,15640,251.12,70.8,69.6,100,8.68,grid
2026-04-18T12:20:14.166795,15645,256.73,61.9,69.6,100,8.3,grid
2026-04-18T12:20:14.250488,15650,261.03,68.0,69.6,100,8.1,grid
2026-04-18T12:20:14.335678,15655,265.81,25.0,69.6,100,8.08,grid
2026-04-18T12:20:14.418957,15660,269.43,42.9,69.6,100,8.34,grid
2026-04-18T12:20:14.500395,15665,266.13,72.0,69.6,100,8.94,grid
2026-04-18T12:20:14.586667,15670,260.9,40.0,69.6,100,9.62,grid
2026-04-18T12:20:14.670593,15675,282.67,54.2,69.6,100,10.52,grid
2026-04-18T12:20:14.747797,15680,306.29,50.0,69.6,100,11.22,grid
2026-04-18T12:20:14.843798,15685,313.45,54.2,69.6,100,11.0,grid
2026-04-18T12:20:14.933325,15690,300.85,80.0,69.6,100,10.5,grid
2026-04-18T12:20:15.044519,15695,280.53,85.7,69.7,100,9.8,grid
2026-04-18T12:20:15.156396,15700,257.22,90.6,69.7,100,8.66,grid
2026-04-18T12:20:15.253285,15705,234.49,92.0,69.7,100,7.84,grid
2026-04-18T12:20:15.337470,15710,229.31,75.0,69.7,100,7.24,grid
2026-04-18T12:20:15.419616,15715,218.96,91.7,69.7,100,6.76,grid
2026-04-18T12:20:15.510816,15720,203.59,95.0,69.7,100,6.54,grid
2026-04-18T12:20:15.601511,15725,198.98,100.0,69.7,100,6.34,grid
2026-04-18T12:20:15.687394,15730,197.17,100.0,69.7,100,6.42,grid
2026-04-18T12:20:15.794608,15735,189.6,96.4,69.7,100,6.5,grid
2026-04-18T12:20:15.883358,15740,184.62,100.0,69.7,100,6.34,grid
2026-04-18T12:20:15.991348,15745,177.31,100.0,69.7,100,6.36,grid
2026-04-18T12:20:16.075852,15750,171.9,100.0,69.7,100,6.36,grid
2026-04-18T12:20:16.166547,15755,168.41,100.0,69.7,100,6.42,grid
2026-04-18T12:20:16.280317,15760,172.57,96.9,69.7,100,6.48,grid
2026-04-18T12:20:16.403311,15765,170.96,96.4,69.7,100,6.48,grid
2026-04-18T12:20:16.501665,15770,168.52,85.7,69.7,100,6.34,grid
2026-04-18T12:20:16.613694,15775,170.2,100.0,69.7,100,6.24,grid
2026-04-18T12:20:16.712682,15780,171.55,91.7,69.7,100,6.3,grid
2026-04-18T12:20:16.819454,15785,163.55,100.0,69.7,100,6.32,grid
2026-04-18T12:20:16.916822,15790,156.84,92.0,69.7,100,6.34,grid
2026-04-18T12:20:17.018575,15795,154.92,85.7,69.7,100,6.38,grid
2026-04-18T12:20:17.110052,15800,153.56,91.7,69.7,100,6.4,grid
2026-04-18T12:20:17.213686,15805,154.3,96.0,69.7,100,6.34,grid
2026-04-18T12:20:17.296854,15810,158.85,75.0,69.7,100,6.24,grid
2026-04-18T12:20:17.379633,15815,168.05,40.0,69.7,100,6.28,grid
2026-04-18T12:20:17.463808,15820,175.24,30.0,69.7,100,6.44,grid
2026-04-18T12:20:17.545078,15825,187.71,52.2,69.7,100,6.68,grid
2026-04-18T12:20:17.627281,15830,195.98,61.9,69.7,100,6.92,grid
2026-04-18T12:20:17.709877,15835,200.52,45.0,69.7,100,7.2,grid
2026-04-18T12:20:17.792699,15840,208.92,35.0,69.7,100,7.44,grid
2026-04-18T12:20:17.876318,15845,228.11,72.0,69.7,100,7.8,grid
2026-04-18T12:20:17.960495,15850,246.78,40.0,69.7,100,7.96,grid
2026-04-18T12:20:18.043643,15855,267.6,65.0,69.7,100,8.1,grid
2026-04-18T12:20:18.126703,15860,283.3,80.0,69.8,100,8.32,grid
2026-04-18T12:20:18.219755,15865,300.04,72.0,69.8,100,8.4,grid
2026-04-18T12:20:18.307695,15870,295.51,65.0,69.8,100,8.16,grid
2026-04-18T12:20:18.386679,15875,291.24,95.0,69.8,100,8.24,grid
2026-04-18T12:20:18.469720,15880,290.77,66.7,69.8,100,8.08,grid
2026-04-18T12:20:18.559235,15885,275.71,65.0,69.8,100,7.64,grid
2026-04-18T12:20:18.644224,15890,266.37,80.0,69.8,100,7.46,grid
2026-04-18T12:20:18.730469,15895,259.66,25.0,69.8,100,7.16,grid
2026-04-18T12:20:18.828291,15900,255.08,93.1,69.8,100,6.72,grid
2026-04-18T12:20:18.980751,15905,219.26,100.0,69.8,100,6.26,grid
2026-04-18T12:20:19.568561,15910,174.59,100.0,69.8,100,6.24,grid
2026-04-18T12:20:19.783588,15915,169.68,100.0,69.8,100,6.42,grid
2026-04-18T12:20:19.966280,15920,150.15,100.0,69.8,100,6.34,grid
2026-04-18T12:20:20.119567,15925,141.75,100.0,69.8,100,6.04,grid
2026-04-18T12:20:20.254499,15930,138.56,97.2,69.8,100,5.74,grid
2026-04-18T12:20:20.344208,15935,134.88,70.8,69.8,100,5.6,grid
2026-04-18T12:20:20.442393,15940,131.61,79.2,69.8,100,5.52,grid
2026-04-18T12:20:20.529412,15945,133.83,29.2,69.8,100,5.78,grid
2026-04-18T12:20:20.603841,15950,136.28,64.7,69.8,100,5.9,grid
2026-04-18T12:20:20.686844,15955,139.42,45.8,69.8,100,5.9,grid
2026-04-18T12:20:20.770059,15960,143.84,25.0,69.8,100,5.84,grid
2026-04-18T12:20:20.854730,15965,159.44,60.0,69.8,100,5.9,grid
2026-04-18T12:20:20.933512,15970,196.0,65.0,69.8,100,5.98,grid
2026-04-18T12:20:21.017919,15975,205.47,26.1,69.8,100,6.12,grid
2026-04-18T12:20:21.098685,15980,247.52,47.6,69.8,100,6.16,grid
2026-04-18T12:20:21.183521,15985,290.07,30.0,69.8,100,6.2,grid
2026-04-18T12:20:21.277797,15990,307.95,37.5,69.8,100,6.34,grid
2026-04-18T12:20:21.364726,15995,327.87,58.3,69.8,100,6.42,grid
2026-04-18T12:20:21.449287,16000,331.97,65.0,69.8,100,6.86,grid
2026-04-18T12:20:21.539976,16005,315.25,52.0,69.8,100,6.98,grid
2026-04-18T12:20:21.623137,16010,312.1,69.2,69.8,100,7.0,grid
2026-04-18T12:20:21.705954,16015,305.35,23.8,69.8,100,7.14,grid
2026-04-18T12:20:21.790311,16020,291.64,45.0,69.8,100,6.8,grid
2026-04-18T12:20:21.872605,16025,283.65,55.0,69.8,100,6.74,grid
2026-04-18T12:20:21.957202,16030,287.55,40.0,69.8,100,6.26,grid
2026-04-18T12:20:22.042021,16035,282.85,10.0,69.8,100,6.24,grid
2026-04-18T12:20:22.129573,16040,280.04,37.5,69.8,100,6.26,grid
2026-04-18T12:20:22.231333,16045,262.22,95.8,69.8,100,6.4,grid
2026-04-18T12:20:22.312127,16050,259.85,75.0,69.8,100,6.18,grid
2026-04-18T12:20:22.394803,16055,256.94,40.0,69.8,100,6.04,grid
2026-04-18T12:20:22.478794,16060,271.17,30.0,69.8,100,5.86,grid
2026-04-18T12:20:22.562238,16065,286.98,48.0,69.8,100,5.92,grid
2026-04-18T12:20:22.647737,16070,286.92,15.0,69.8,100,5.8,grid
2026-04-18T12:20:22.728680,16075,294.05,65.0,69.8,100,5.74,grid
2026-04-18T12:20:22.811092,16080,309.06,50.0,69.8,100,5.54,grid
2026-04-18T12:20:22.916593,16085,298.83,75.0,69.8,100,5.7,grid
2026-04-18T12:20:23.016471,16090,269.97,89.3,69.8,100,5.72,grid
2026-04-18T12:20:23.164550,16095,240.93,96.8,69.8,100,5.8,grid
2026-04-18T12:20:23.267762,16100,229.2,100.0,69.8,100,5.82,grid
2026-04-18T12:20:23.381363,16105,227.61,100.0,69.8,100,5.68,grid
2026-04-18T12:20:23.505428,16110,211.68,96.7,69.8,100,5.52,grid
2026-04-18T12:20:23.597217,16115,203.4,96.4,69.8,100,5.3,grid
2026-04-18T12:20:23.686049,16120,195.61,83.3,69.8,100,5.24,grid
2026-04-18T12:20:23.781316,16125,185.18,100.0,69.8,100,5.08,grid
2026-04-18T12:20:23.879631,16130,173.16,96.2,69.8,100,5.02,grid
2026-04-18T12:20:23.963648,16135,168.19,100.0,69.8,100,5.0,grid
2026-04-18T12:20:24.043278,16140,164.91,85.7,69.8,100,5.34,grid
2026-04-18T12:20:24.126725,16145,169.36,76.0,69.8,100,5.6,grid
2026-04-18T12:20:24.214698,16150,175.08,95.0,69.8,100,5.96,grid
2026-04-18T12:20:24.304759,16155,184.53,100.0,69.8,100,6.02,grid
2026-04-18T12:20:24.440897,16160,185.55,100.0,69.8,100,6.02,grid
2026-04-18T12:20:24.553231,16165,184.97,100.0,69.8,100,6.04,grid
2026-04-18T12:20:24.638507,16170,190.98,100.0,69.8,100,6.2,grid
2026-04-18T12:20:24.720415,16175,190.69,95.0,69.8,100,6.26,grid
2026-04-18T12:20:24.801222,16180,188.49,75.0,69.8,100,6.0,grid
2026-04-18T12:20:24.887526,16185,192.31,70.0,69.8,100,6.02,grid
2026-04-18T12:20:24.992104,16190,191.1,96.4,69.8,100,6.0,grid
2026-04-18T12:20:25.150032,16195,172.66,92.7,69.8,100,5.94,grid
2026-04-18T12:20:25.233475,16200,169.83,83.3,69.8,100,6.28,grid
2026-04-18T12:20:25.317356,16205,165.28,85.0,69.8,100,6.24,grid
2026-04-18T12:20:25.489507,16210,152.38,95.6,69.8,100,6.08,grid
2026-04-18T12:20:25.582409,16215,149.74,83.3,69.8,100,5.96,grid
2026-04-18T12:20:25.667442,16220,149.05,100.0,69.8,100,6.16,grid
2026-04-18T12:20:25.754154,16225,150.15,96.0,69.8,100,6.16,grid
2026-04-18T12:20:25.906255,16230,140.64,100.0,69.8,100,6.28,grid
2026-04-18T12:20:26.226060,16235,128.98,100.0,69.8,100,6.34,grid
2026-04-18T12:20:26.354803,16240,126.07,100.0,69.8,100,6.7,grid
2026-04-18T12:20:26.460855,16245,123.58,96.6,69.8,100,6.94,grid
2026-04-18T12:20:26.547379,16250,126.54,100.0,69.8,100,6.9,grid
2026-04-18T12:20:26.731460,16255,129.57,100.0,69.8,100,6.52,grid
2026-04-18T12:20:26.927577,16260,125.49,100.0,69.8,100,6.22,grid
2026-04-18T12:20:27.050677,16265,121.98,100.0,69.8,100,6.08,grid
2026-04-18T12:20:27.143473,16270,127.21,96.3,69.8,100,6.08,grid
2026-04-18T12:20:27.230340,16275,130.29,90.0,69.8,100,6.4,grid
2026-04-18T12:20:27.324701,16280,129.58,87.5,69.8,100,6.58,grid
2026-04-18T12:20:27.413795,16285,129.92,96.2,69.8,100,6.36,grid
2026-04-18T12:20:27.502638,16290,140.52,88.0,69.8,100,5.9,grid
2026-04-18T12:20:27.592001,16295,150.53,79.2,69.8,100,5.88,grid
2026-04-18T12:20:27.678609,16300,155.48,95.2,69.8,100,5.94,grid
2026-04-18T12:20:27.777450,16305,158.64,83.3,69.8,100,5.98,grid
2026-04-18T12:20:27.863615,16310,159.58,95.8,69.8,100,5.74,grid
2026-04-18T12:20:27.963813,16315,168.41,95.8,69.8,100,5.54,grid
2026-04-18T12:20:28.062084,16320,175.64,82.8,69.8,100,5.82,grid
2026-04-18T12:20:28.158544,16325,179.03,92.0,69.8,100,5.76,grid
2026-04-18T12:20:28.257819,16330,182.32,91.7,69.8,100,5.78,grid
2026-04-18T12:20:28.359493,16335,172.9,93.1,69.8,100,6.04,grid
2026-04-18T12:20:28.515877,16340,165.3,95.1,69.8,100,6.32,grid
2026-04-18T12:20:28.675490,16345,156.25,100.0,69.8,100,6.7,grid
2026-04-18T12:20:28.942834,16350,123.5,100.0,69.8,100,7.1,grid
2026-04-18T12:20:29.326129,16355,117.91,100.0,69.8,100,7.12,grid
2026-04-18T12:20:29.499920,16360,114.27,100.0,69.8,100,7.12,grid
2026-04-18T12:20:29.786945,16365,101.47,100.0,69.8,100,7.08,grid
2026-04-18T12:20:30.078061,16370,90.98,100.0,69.8,100,7.08,grid
2026-04-18T12:20:30.249652,16375,87.81,95.7,69.8,100,6.86,grid
2026-04-18T12:20:30.385617,16380,85.04,93.8,69.8,100,7.12,grid
2026-04-18T12:20:30.515809,16385,84.22,92.5,69.8,100,7.22,grid
2026-04-18T12:20:30.693648,16390,81.69,97.9,69.8,100,7.46,grid
2026-04-18T12:20:30.819435,16395,80.22,78.1,69.8,100,7.18,grid
2026-04-18T12:20:30.959777,16400,79.77,100.0,69.8,100,7.78,grid
2026-04-18T12:20:31.204403,16405,79.34,100.0,69.8,100,7.94,grid
2026-04-18T12:20:31.344624,16410,87.99,100.0,69.8,100,8.18,grid
2026-04-18T12:20:31.477796,16415,89.96,100.0,69.1,100,8.26,grid
2026-04-18T12:20:31.690329,16420,88.62,100.0,69.3,100,7.92,grid
2026-04-18T12:20:31.939801,16425,92.94,100.0,69.3,100,7.18,grid
2026-04-18T12:20:32.157357,16430,99.58,100.0,69.3,100,6.6,grid
2026-04-18T12:20:32.384040,16435,94.07,100.0,69.4,100,6.04,grid
2026-04-18T12:20:32.879125,16440,94.01,100.0,69.4,100,5.84,grid
2026-04-18T12:20:33.188620,16445,90.97,97.6,69.4,100,5.58,grid
2026-04-18T12:20:33.292752,16450,92.64,83.3,69.4,100,5.28,grid
2026-04-18T12:20:33.390539,16455,94.67,82.8,69.4,100,5.26,grid
2026-04-18T12:20:33.495104,16460,94.65,92.0,69.4,100,5.2,grid
2026-04-18T12:20:33.614029,16465,96.76,85.3,69.4,100,5.26,grid
2026-04-18T12:20:33.778896,16470,97.13,97.7,69.4,100,5.4,grid
2026-04-18T12:20:33.989126,16475,93.16,100.0,69.4,100,5.8,grid
2026-04-18T12:20:34.225784,16480,88.86,100.0,69.4,100,6.16,grid
2026-04-18T12:20:34.359722,16485,90.61,90.5,69.4,100,6.82,grid
2026-04-18T12:20:34.541100,16490,91.22,98.0,69.4,100,7.26,grid
2026-04-18T12:20:34.674907,16495,96.69,86.5,69.4,100,7.16,grid
2026-04-18T12:20:34.807726,16500,97.05,81.8,69.4,100,7.1,grid
2026-04-18T12:20:34.962907,16505,98.18,97.6,69.4,100,6.74,grid
2026-04-18T12:20:35.125192,16510,96.37,95.6,69.4,100,6.42,grid
2026-04-18T12:20:35.306321,16515,92.28,97.9,69.4,100,6.04,grid
2026-04-18T12:20:35.430510,16520,94.18,100.0,69.4,100,6.0,grid
2026-04-18T12:20:35.560667,16525,94.36,81.1,69.4,100,5.96,grid
2026-04-18T12:20:35.706967,16530,92.23,86.8,69.4,100,5.8,grid
2026-04-18T12:20:36.009842,16535,95.61,100.0,69.4,100,5.84,grid
2026-04-18T12:20:36.196797,16540,99.26,100.0,69.4,100,5.84,grid
2026-04-18T12:20:36.495530,16545,95.01,100.0,69.4,100,5.74,grid
2026-04-18T12:20:36.727747,16550,93.11,100.0,69.4,100,5.78,grid
